Spotify URI,Voter ID,Created,Points Assigned,Comment,Round ID
spotify:track:0Ph6L4l8dYUuXFmb71Ajnd,71c8417802d241c6b2c478d5a45128b3,2026-04-29T08:58:12Z,4,Emoting on fools in the ring ,174a834d546f460fb420999d6c3439fd
spotify:track:2AxCeJ6PSsBYiTckM0HLY7,71c8417802d241c6b2c478d5a45128b3,2026-04-29T08:58:12Z,2,Oh god no not the gloves! 🫪 ,174a834d546f460fb420999d6c3439fd
spotify:track:69Urq0NuoEZ6RwoaNVn1Pg,71c8417802d241c6b2c478d5a45128b3,2026-04-29T08:58:12Z,2,Bonus point for illegal funky weapons ,174a834d546f460fb420999d6c3439fd
spotify:track:5aAHlqn7GfwWf90qjibAXp,71c8417802d241c6b2c478d5a45128b3,2026-04-29T08:58:12Z,5,"Hell yeah brother, incredible wrestler persona also. Spiritual brother of Captain Dart",174a834d546f460fb420999d6c3439fd
spotify:track:4wSmqFg31t6LsQWtzYAJob,71c8417802d241c6b2c478d5a45128b3,2026-04-29T08:58:12Z,2,Iconiquè,174a834d546f460fb420999d6c3439fd
spotify:track:4P6g27LvaQ4GIF8sxn2grB,71c8417802d241c6b2c478d5a45128b3,2026-04-29T08:58:12Z,3,"No idea what's going on hell yeah, the flute caught me off guard lol",174a834d546f460fb420999d6c3439fd
spotify:track:4Nwm4lvNRxXkGR6aMmtdKm,71c8417802d241c6b2c478d5a45128b3,2026-04-29T08:58:12Z,2,I like the idea but I want a more hype song,174a834d546f460fb420999d6c3439fd
spotify:track:4KacUpvbA3Mfo05gttTjhN,71c8417802d241c6b2c478d5a45128b3,2026-04-29T08:58:12Z,5,Oh hell yeah where my Jeff Hardy fans at? ,174a834d546f460fb420999d6c3439fd
spotify:track:4k4tFDl5rmRAA7L7gIjBTI,71c8417802d241c6b2c478d5a45128b3,2026-04-29T08:58:12Z,2,"Iconic pls no grooming, wrestling has no place for that 😤 ",174a834d546f460fb420999d6c3439fd
spotify:track:3DaXIGJm0BCEB9X7zHTRfI,71c8417802d241c6b2c478d5a45128b3,2026-04-29T08:58:12Z,3,"Bonus points for the back story, nobody is safe from the rollover ",174a834d546f460fb420999d6c3439fd
spotify:track:3cJh89D0za2SW705fNBo3b,71c8417802d241c6b2c478d5a45128b3,2026-04-29T08:58:12Z,2,Okay Paddy Pimblett,174a834d546f460fb420999d6c3439fd
spotify:track:6lob8yGQuretKACtogsaQL,71c8417802d241c6b2c478d5a45128b3,2026-04-29T08:58:12Z,3,Did somebody say Kofi Kingston? You know ball ,174a834d546f460fb420999d6c3439fd
spotify:track:018SQDupRTRsl1Wolu1X0c,71c8417802d241c6b2c478d5a45128b3,2026-04-29T08:58:12Z,1,"Feels a bit too sci-fi for the Undertaker for me, robotaker perhaps ",174a834d546f460fb420999d6c3439fd
spotify:track:5aAHlqn7GfwWf90qjibAXp,a3ae0c49642a47d48c37d7c01c632225,2026-04-29T15:46:37Z,3,,174a834d546f460fb420999d6c3439fd
spotify:track:6lob8yGQuretKACtogsaQL,a3ae0c49642a47d48c37d7c01c632225,2026-04-29T15:46:37Z,1,,174a834d546f460fb420999d6c3439fd
spotify:track:0Ph6L4l8dYUuXFmb71Ajnd,a3ae0c49642a47d48c37d7c01c632225,2026-04-29T15:46:37Z,2,,174a834d546f460fb420999d6c3439fd
spotify:track:0tZ3mElWcr74OOhKEiNz1x,a3ae0c49642a47d48c37d7c01c632225,2026-04-29T15:46:37Z,3,,174a834d546f460fb420999d6c3439fd
spotify:track:2AxCeJ6PSsBYiTckM0HLY7,a3ae0c49642a47d48c37d7c01c632225,2026-04-29T15:46:37Z,3,,174a834d546f460fb420999d6c3439fd
spotify:track:3cJh89D0za2SW705fNBo3b,a3ae0c49642a47d48c37d7c01c632225,2026-04-29T15:46:37Z,4,,174a834d546f460fb420999d6c3439fd
spotify:track:3DaXIGJm0BCEB9X7zHTRfI,a3ae0c49642a47d48c37d7c01c632225,2026-04-29T15:46:37Z,4,,174a834d546f460fb420999d6c3439fd
spotify:track:4k4tFDl5rmRAA7L7gIjBTI,a3ae0c49642a47d48c37d7c01c632225,2026-04-29T15:46:37Z,5,,174a834d546f460fb420999d6c3439fd
spotify:track:4KacUpvbA3Mfo05gttTjhN,a3ae0c49642a47d48c37d7c01c632225,2026-04-29T15:46:37Z,4,,174a834d546f460fb420999d6c3439fd
spotify:track:4Nwm4lvNRxXkGR6aMmtdKm,a3ae0c49642a47d48c37d7c01c632225,2026-04-29T15:46:37Z,2,,174a834d546f460fb420999d6c3439fd
spotify:track:4wSmqFg31t6LsQWtzYAJob,a3ae0c49642a47d48c37d7c01c632225,2026-04-29T15:46:37Z,2,,174a834d546f460fb420999d6c3439fd
spotify:track:69Urq0NuoEZ6RwoaNVn1Pg,a3ae0c49642a47d48c37d7c01c632225,2026-04-29T15:46:37Z,1,,174a834d546f460fb420999d6c3439fd
spotify:track:018SQDupRTRsl1Wolu1X0c,a3ae0c49642a47d48c37d7c01c632225,2026-04-29T15:46:37Z,2,,174a834d546f460fb420999d6c3439fd
spotify:track:0Ph6L4l8dYUuXFmb71Ajnd,3828fb97e38e4bfdac4343c43216a492,2026-04-29T15:50:01Z,5,Love the imagery of the silly walk out ,174a834d546f460fb420999d6c3439fd
spotify:track:0tZ3mElWcr74OOhKEiNz1x,3828fb97e38e4bfdac4343c43216a492,2026-04-29T15:50:01Z,1,,174a834d546f460fb420999d6c3439fd
spotify:track:2AxCeJ6PSsBYiTckM0HLY7,3828fb97e38e4bfdac4343c43216a492,2026-04-29T15:50:01Z,2,,174a834d546f460fb420999d6c3439fd
spotify:track:3cJh89D0za2SW705fNBo3b,3828fb97e38e4bfdac4343c43216a492,2026-04-29T15:50:01Z,3,"Loved the pic, would have got more from me for a slightly more detailed comment ",174a834d546f460fb420999d6c3439fd
spotify:track:3DaXIGJm0BCEB9X7zHTRfI,3828fb97e38e4bfdac4343c43216a492,2026-04-29T15:50:01Z,3,This comment has BOF written all over it imo - great reading  ,174a834d546f460fb420999d6c3439fd
spotify:track:4k4tFDl5rmRAA7L7gIjBTI,3828fb97e38e4bfdac4343c43216a492,2026-04-29T15:50:01Z,1,,174a834d546f460fb420999d6c3439fd
spotify:track:4KacUpvbA3Mfo05gttTjhN,3828fb97e38e4bfdac4343c43216a492,2026-04-29T15:50:01Z,7,had a great bop to this early in the morning ,174a834d546f460fb420999d6c3439fd
spotify:track:4wSmqFg31t6LsQWtzYAJob,3828fb97e38e4bfdac4343c43216a492,2026-04-29T15:50:01Z,2,I wanted to submit this myself so would have got more if a comment had of been added :( ,174a834d546f460fb420999d6c3439fd
spotify:track:5aAHlqn7GfwWf90qjibAXp,3828fb97e38e4bfdac4343c43216a492,2026-04-29T15:50:01Z,6,"best comment, easy 6 ",174a834d546f460fb420999d6c3439fd
spotify:track:69Urq0NuoEZ6RwoaNVn1Pg,3828fb97e38e4bfdac4343c43216a492,2026-04-29T15:50:01Z,6,,174a834d546f460fb420999d6c3439fd
spotify:track:6lob8yGQuretKACtogsaQL,96d515a50352471caca66cdd7e710407,2026-04-30T08:05:03Z,4,,174a834d546f460fb420999d6c3439fd
spotify:track:018SQDupRTRsl1Wolu1X0c,96d515a50352471caca66cdd7e710407,2026-04-30T08:05:03Z,3,,174a834d546f460fb420999d6c3439fd
spotify:track:0Ph6L4l8dYUuXFmb71Ajnd,96d515a50352471caca66cdd7e710407,2026-04-30T08:05:03Z,4,,174a834d546f460fb420999d6c3439fd
spotify:track:0tZ3mElWcr74OOhKEiNz1x,96d515a50352471caca66cdd7e710407,2026-04-30T08:05:03Z,4,,174a834d546f460fb420999d6c3439fd
spotify:track:2AxCeJ6PSsBYiTckM0HLY7,96d515a50352471caca66cdd7e710407,2026-04-30T08:05:03Z,4,,174a834d546f460fb420999d6c3439fd
spotify:track:3cJh89D0za2SW705fNBo3b,96d515a50352471caca66cdd7e710407,2026-04-30T08:05:03Z,4,,174a834d546f460fb420999d6c3439fd
spotify:track:3DaXIGJm0BCEB9X7zHTRfI,96d515a50352471caca66cdd7e710407,2026-04-30T08:05:03Z,3,,174a834d546f460fb420999d6c3439fd
spotify:track:4k4tFDl5rmRAA7L7gIjBTI,96d515a50352471caca66cdd7e710407,2026-04-30T08:05:03Z,3,,174a834d546f460fb420999d6c3439fd
spotify:track:4KacUpvbA3Mfo05gttTjhN,96d515a50352471caca66cdd7e710407,2026-04-30T08:05:03Z,2,,174a834d546f460fb420999d6c3439fd
spotify:track:4Nwm4lvNRxXkGR6aMmtdKm,96d515a50352471caca66cdd7e710407,2026-04-30T08:05:03Z,2,,174a834d546f460fb420999d6c3439fd
spotify:track:4P6g27LvaQ4GIF8sxn2grB,96d515a50352471caca66cdd7e710407,2026-04-30T08:05:03Z,1,,174a834d546f460fb420999d6c3439fd
spotify:track:4wSmqFg31t6LsQWtzYAJob,96d515a50352471caca66cdd7e710407,2026-04-30T08:05:03Z,1,,174a834d546f460fb420999d6c3439fd
spotify:track:69Urq0NuoEZ6RwoaNVn1Pg,96d515a50352471caca66cdd7e710407,2026-04-30T08:05:03Z,1,,174a834d546f460fb420999d6c3439fd
spotify:track:0tZ3mElWcr74OOhKEiNz1x,e43c6e753dbf4f999a68467b26ac1663,2026-04-30T10:56:20Z,2,,174a834d546f460fb420999d6c3439fd
spotify:track:2AxCeJ6PSsBYiTckM0HLY7,e43c6e753dbf4f999a68467b26ac1663,2026-04-30T10:56:20Z,2,,174a834d546f460fb420999d6c3439fd
spotify:track:3cJh89D0za2SW705fNBo3b,e43c6e753dbf4f999a68467b26ac1663,2026-04-30T10:56:20Z,4,Fills opponents with an overwhelming urge to dance ,174a834d546f460fb420999d6c3439fd
spotify:track:3DaXIGJm0BCEB9X7zHTRfI,e43c6e753dbf4f999a68467b26ac1663,2026-04-30T10:56:20Z,2,,174a834d546f460fb420999d6c3439fd
spotify:track:4k4tFDl5rmRAA7L7gIjBTI,e43c6e753dbf4f999a68467b26ac1663,2026-04-30T10:56:20Z,6,Led Zeppelin were built for this round,174a834d546f460fb420999d6c3439fd
spotify:track:4KacUpvbA3Mfo05gttTjhN,e43c6e753dbf4f999a68467b26ac1663,2026-04-30T10:56:20Z,4,,174a834d546f460fb420999d6c3439fd
spotify:track:4Nwm4lvNRxXkGR6aMmtdKm,e43c6e753dbf4f999a68467b26ac1663,2026-04-30T10:56:20Z,3,Love that this imaginary character never progresses beyond performing in the local town hall,174a834d546f460fb420999d6c3439fd
spotify:track:4P6g27LvaQ4GIF8sxn2grB,e43c6e753dbf4f999a68467b26ac1663,2026-04-30T10:56:20Z,2,Дуже добре,174a834d546f460fb420999d6c3439fd
spotify:track:4wSmqFg31t6LsQWtzYAJob,e43c6e753dbf4f999a68467b26ac1663,2026-04-30T10:56:20Z,2,So menacing,174a834d546f460fb420999d6c3439fd
spotify:track:5aAHlqn7GfwWf90qjibAXp,e43c6e753dbf4f999a68467b26ac1663,2026-04-30T10:56:20Z,2,Hoping the Cowboy Killer comes to ATN this year,174a834d546f460fb420999d6c3439fd
spotify:track:6lob8yGQuretKACtogsaQL,e43c6e753dbf4f999a68467b26ac1663,2026-04-30T10:56:20Z,1,Petey Pablo songs are great for this,174a834d546f460fb420999d6c3439fd
spotify:track:0Ph6L4l8dYUuXFmb71Ajnd,e43c6e753dbf4f999a68467b26ac1663,2026-04-30T10:56:20Z,6,Imagining this character is such a laugh,174a834d546f460fb420999d6c3439fd
spotify:track:4P6g27LvaQ4GIF8sxn2grB,2fc9c6b8f92145d697caadac61426533,2026-04-30T11:33:02Z,2,,174a834d546f460fb420999d6c3439fd
spotify:track:018SQDupRTRsl1Wolu1X0c,2fc9c6b8f92145d697caadac61426533,2026-04-30T11:33:02Z,1,,174a834d546f460fb420999d6c3439fd
spotify:track:0Ph6L4l8dYUuXFmb71Ajnd,2fc9c6b8f92145d697caadac61426533,2026-04-30T11:33:02Z,3,,174a834d546f460fb420999d6c3439fd
spotify:track:0tZ3mElWcr74OOhKEiNz1x,2fc9c6b8f92145d697caadac61426533,2026-04-30T11:33:02Z,5,,174a834d546f460fb420999d6c3439fd
spotify:track:3cJh89D0za2SW705fNBo3b,2fc9c6b8f92145d697caadac61426533,2026-04-30T11:33:02Z,3,,174a834d546f460fb420999d6c3439fd
spotify:track:4k4tFDl5rmRAA7L7gIjBTI,2fc9c6b8f92145d697caadac61426533,2026-04-30T11:33:02Z,3,,174a834d546f460fb420999d6c3439fd
spotify:track:4KacUpvbA3Mfo05gttTjhN,2fc9c6b8f92145d697caadac61426533,2026-04-30T11:33:02Z,6,The idea of a Y2K skating wrestler is hilarious to me,174a834d546f460fb420999d6c3439fd
spotify:track:4Nwm4lvNRxXkGR6aMmtdKm,2fc9c6b8f92145d697caadac61426533,2026-04-30T11:33:02Z,4,,174a834d546f460fb420999d6c3439fd
spotify:track:4wSmqFg31t6LsQWtzYAJob,2fc9c6b8f92145d697caadac61426533,2026-04-30T11:33:02Z,3,French house wrestler,174a834d546f460fb420999d6c3439fd
spotify:track:5aAHlqn7GfwWf90qjibAXp,2fc9c6b8f92145d697caadac61426533,2026-04-30T11:33:02Z,3,,174a834d546f460fb420999d6c3439fd
spotify:track:69Urq0NuoEZ6RwoaNVn1Pg,2fc9c6b8f92145d697caadac61426533,2026-04-30T11:33:02Z,2,,174a834d546f460fb420999d6c3439fd
spotify:track:6lob8yGQuretKACtogsaQL,2fc9c6b8f92145d697caadac61426533,2026-04-30T11:33:02Z,1,,174a834d546f460fb420999d6c3439fd
spotify:track:69Urq0NuoEZ6RwoaNVn1Pg,e4fc2f3089594796b99dca4ab07f7d41,2026-04-30T11:34:27Z,8,,174a834d546f460fb420999d6c3439fd
spotify:track:6lob8yGQuretKACtogsaQL,e4fc2f3089594796b99dca4ab07f7d41,2026-04-30T11:34:27Z,2,,174a834d546f460fb420999d6c3439fd
spotify:track:3cJh89D0za2SW705fNBo3b,e4fc2f3089594796b99dca4ab07f7d41,2026-04-30T11:34:27Z,4,,174a834d546f460fb420999d6c3439fd
spotify:track:4k4tFDl5rmRAA7L7gIjBTI,e4fc2f3089594796b99dca4ab07f7d41,2026-04-30T11:34:27Z,6,,174a834d546f460fb420999d6c3439fd
spotify:track:4KacUpvbA3Mfo05gttTjhN,e4fc2f3089594796b99dca4ab07f7d41,2026-04-30T11:34:27Z,1,,174a834d546f460fb420999d6c3439fd
spotify:track:4Nwm4lvNRxXkGR6aMmtdKm,e4fc2f3089594796b99dca4ab07f7d41,2026-04-30T11:34:27Z,5,,174a834d546f460fb420999d6c3439fd
spotify:track:4P6g27LvaQ4GIF8sxn2grB,e4fc2f3089594796b99dca4ab07f7d41,2026-04-30T11:34:27Z,7,,174a834d546f460fb420999d6c3439fd
spotify:track:4wSmqFg31t6LsQWtzYAJob,e4fc2f3089594796b99dca4ab07f7d41,2026-04-30T11:34:27Z,3,,174a834d546f460fb420999d6c3439fd
spotify:track:5aAHlqn7GfwWf90qjibAXp,78d12b4b50924b6e83f2a060a150a8e8,2026-05-01T17:55:24Z,5,,174a834d546f460fb420999d6c3439fd
spotify:track:69Urq0NuoEZ6RwoaNVn1Pg,78d12b4b50924b6e83f2a060a150a8e8,2026-05-01T17:55:24Z,3,,174a834d546f460fb420999d6c3439fd
spotify:track:018SQDupRTRsl1Wolu1X0c,78d12b4b50924b6e83f2a060a150a8e8,2026-05-01T17:55:24Z,3,,174a834d546f460fb420999d6c3439fd
spotify:track:0Ph6L4l8dYUuXFmb71Ajnd,78d12b4b50924b6e83f2a060a150a8e8,2026-05-01T17:55:24Z,3,,174a834d546f460fb420999d6c3439fd
spotify:track:0tZ3mElWcr74OOhKEiNz1x,78d12b4b50924b6e83f2a060a150a8e8,2026-05-01T17:55:24Z,4,,174a834d546f460fb420999d6c3439fd
spotify:track:3cJh89D0za2SW705fNBo3b,78d12b4b50924b6e83f2a060a150a8e8,2026-05-01T17:55:24Z,3,,174a834d546f460fb420999d6c3439fd
spotify:track:3DaXIGJm0BCEB9X7zHTRfI,78d12b4b50924b6e83f2a060a150a8e8,2026-05-01T17:55:24Z,5,,174a834d546f460fb420999d6c3439fd
spotify:track:4k4tFDl5rmRAA7L7gIjBTI,78d12b4b50924b6e83f2a060a150a8e8,2026-05-01T17:55:24Z,3,,174a834d546f460fb420999d6c3439fd
spotify:track:4Nwm4lvNRxXkGR6aMmtdKm,78d12b4b50924b6e83f2a060a150a8e8,2026-05-01T17:55:24Z,3,,174a834d546f460fb420999d6c3439fd
spotify:track:4wSmqFg31t6LsQWtzYAJob,78d12b4b50924b6e83f2a060a150a8e8,2026-05-01T17:55:24Z,4,,174a834d546f460fb420999d6c3439fd
spotify:track:6lob8yGQuretKACtogsaQL,1d843b6c8a8946b9bda7ad95b6ccc195,2026-05-02T10:59:00Z,2,Step up throwbackkkkkk 😍😍,174a834d546f460fb420999d6c3439fd
spotify:track:018SQDupRTRsl1Wolu1X0c,1d843b6c8a8946b9bda7ad95b6ccc195,2026-05-02T10:59:00Z,1,"Like the creepy vibe, I could use a bit more energy in a wrestling theme but a cool choice",174a834d546f460fb420999d6c3439fd
spotify:track:0Ph6L4l8dYUuXFmb71Ajnd,1d843b6c8a8946b9bda7ad95b6ccc195,2026-05-02T10:59:00Z,4,I would defo write fan mail to this wrestler ❤️,174a834d546f460fb420999d6c3439fd
spotify:track:0tZ3mElWcr74OOhKEiNz1x,1d843b6c8a8946b9bda7ad95b6ccc195,2026-05-02T10:59:00Z,3,Overgiver is witty as fuck,174a834d546f460fb420999d6c3439fd
spotify:track:2AxCeJ6PSsBYiTckM0HLY7,1d843b6c8a8946b9bda7ad95b6ccc195,2026-05-02T10:59:00Z,2,"Hypnosis is creative, I see the vision",174a834d546f460fb420999d6c3439fd
spotify:track:3cJh89D0za2SW705fNBo3b,1d843b6c8a8946b9bda7ad95b6ccc195,2026-05-02T10:59:00Z,3,Ok paddy the baddy I see u,174a834d546f460fb420999d6c3439fd
spotify:track:3DaXIGJm0BCEB9X7zHTRfI,1d843b6c8a8946b9bda7ad95b6ccc195,2026-05-02T10:59:00Z,4,So druggyyyy love it,174a834d546f460fb420999d6c3439fd
spotify:track:4k4tFDl5rmRAA7L7gIjBTI,1d843b6c8a8946b9bda7ad95b6ccc195,2026-05-02T10:59:00Z,3,"Such a baddass sound, shame about the grooming all right",174a834d546f460fb420999d6c3439fd
spotify:track:4Nwm4lvNRxXkGR6aMmtdKm,1d843b6c8a8946b9bda7ad95b6ccc195,2026-05-02T10:59:00Z,1,"Cinematic defo, bit chill maybe for my wrestling vision ",174a834d546f460fb420999d6c3439fd
spotify:track:4P6g27LvaQ4GIF8sxn2grB,1d843b6c8a8946b9bda7ad95b6ccc195,2026-05-02T10:59:00Z,5,I'm so overstimulated right now. it's perfect,174a834d546f460fb420999d6c3439fd
spotify:track:4wSmqFg31t6LsQWtzYAJob,1d843b6c8a8946b9bda7ad95b6ccc195,2026-05-02T10:59:00Z,2,"Loved the choon, but I wanna know the story",174a834d546f460fb420999d6c3439fd
spotify:track:5aAHlqn7GfwWf90qjibAXp,1d843b6c8a8946b9bda7ad95b6ccc195,2026-05-02T10:59:00Z,4,I want him,174a834d546f460fb420999d6c3439fd
spotify:track:69Urq0NuoEZ6RwoaNVn1Pg,1d843b6c8a8946b9bda7ad95b6ccc195,2026-05-02T10:59:00Z,2,I love early BEP,174a834d546f460fb420999d6c3439fd
spotify:track:0Ph6L4l8dYUuXFmb71Ajnd,d007026516024c34981c654238511be8,2026-05-03T09:39:14Z,3,,174a834d546f460fb420999d6c3439fd
spotify:track:69Urq0NuoEZ6RwoaNVn1Pg,d007026516024c34981c654238511be8,2026-05-03T09:39:14Z,4,,174a834d546f460fb420999d6c3439fd
spotify:track:6lob8yGQuretKACtogsaQL,d007026516024c34981c654238511be8,2026-05-03T09:39:14Z,3,,174a834d546f460fb420999d6c3439fd
spotify:track:2AxCeJ6PSsBYiTckM0HLY7,d007026516024c34981c654238511be8,2026-05-03T09:39:14Z,3,,174a834d546f460fb420999d6c3439fd
spotify:track:3DaXIGJm0BCEB9X7zHTRfI,d007026516024c34981c654238511be8,2026-05-03T09:39:14Z,1,,174a834d546f460fb420999d6c3439fd
spotify:track:4k4tFDl5rmRAA7L7gIjBTI,d007026516024c34981c654238511be8,2026-05-03T09:39:14Z,4,,174a834d546f460fb420999d6c3439fd
spotify:track:4KacUpvbA3Mfo05gttTjhN,d007026516024c34981c654238511be8,2026-05-03T09:39:14Z,1,,174a834d546f460fb420999d6c3439fd
spotify:track:4Nwm4lvNRxXkGR6aMmtdKm,d007026516024c34981c654238511be8,2026-05-03T09:39:14Z,3,,174a834d546f460fb420999d6c3439fd
spotify:track:4P6g27LvaQ4GIF8sxn2grB,d007026516024c34981c654238511be8,2026-05-03T09:39:14Z,3,This was weird,174a834d546f460fb420999d6c3439fd
spotify:track:4wSmqFg31t6LsQWtzYAJob,d007026516024c34981c654238511be8,2026-05-03T09:39:14Z,5,,174a834d546f460fb420999d6c3439fd
spotify:track:018SQDupRTRsl1Wolu1X0c,d007026516024c34981c654238511be8,2026-05-03T09:39:14Z,6,This was cool,174a834d546f460fb420999d6c3439fd
spotify:track:4k4tFDl5rmRAA7L7gIjBTI,a8e4878c0eef4cf2b98d20b54391601d,2026-05-03T09:55:11Z,3,,174a834d546f460fb420999d6c3439fd
spotify:track:4Nwm4lvNRxXkGR6aMmtdKm,a8e4878c0eef4cf2b98d20b54391601d,2026-05-03T09:55:11Z,1,,174a834d546f460fb420999d6c3439fd
spotify:track:4KacUpvbA3Mfo05gttTjhN,a8e4878c0eef4cf2b98d20b54391601d,2026-05-03T09:55:11Z,4,,174a834d546f460fb420999d6c3439fd
spotify:track:4P6g27LvaQ4GIF8sxn2grB,a8e4878c0eef4cf2b98d20b54391601d,2026-05-03T09:55:11Z,5,,174a834d546f460fb420999d6c3439fd
spotify:track:4wSmqFg31t6LsQWtzYAJob,a8e4878c0eef4cf2b98d20b54391601d,2026-05-03T09:55:11Z,5,,174a834d546f460fb420999d6c3439fd
spotify:track:5aAHlqn7GfwWf90qjibAXp,a8e4878c0eef4cf2b98d20b54391601d,2026-05-03T09:55:11Z,3,,174a834d546f460fb420999d6c3439fd
spotify:track:69Urq0NuoEZ6RwoaNVn1Pg,a8e4878c0eef4cf2b98d20b54391601d,2026-05-03T09:55:11Z,4,,174a834d546f460fb420999d6c3439fd
spotify:track:018SQDupRTRsl1Wolu1X0c,a8e4878c0eef4cf2b98d20b54391601d,2026-05-03T09:55:11Z,3,,174a834d546f460fb420999d6c3439fd
spotify:track:0Ph6L4l8dYUuXFmb71Ajnd,a8e4878c0eef4cf2b98d20b54391601d,2026-05-03T09:55:11Z,1,,174a834d546f460fb420999d6c3439fd
spotify:track:0tZ3mElWcr74OOhKEiNz1x,a8e4878c0eef4cf2b98d20b54391601d,2026-05-03T09:55:11Z,1,,174a834d546f460fb420999d6c3439fd
spotify:track:2AxCeJ6PSsBYiTckM0HLY7,a8e4878c0eef4cf2b98d20b54391601d,2026-05-03T09:55:11Z,1,,174a834d546f460fb420999d6c3439fd
spotify:track:3cJh89D0za2SW705fNBo3b,a8e4878c0eef4cf2b98d20b54391601d,2026-05-03T09:55:11Z,2,,174a834d546f460fb420999d6c3439fd
spotify:track:3DaXIGJm0BCEB9X7zHTRfI,a8e4878c0eef4cf2b98d20b54391601d,2026-05-03T09:55:11Z,3,,174a834d546f460fb420999d6c3439fd
spotify:track:4wSmqFg31t6LsQWtzYAJob,dfd346d38f17465b9e121991477a6c8b,2026-05-03T10:01:24Z,3,,174a834d546f460fb420999d6c3439fd
spotify:track:018SQDupRTRsl1Wolu1X0c,dfd346d38f17465b9e121991477a6c8b,2026-05-03T10:01:24Z,3,,174a834d546f460fb420999d6c3439fd
spotify:track:0Ph6L4l8dYUuXFmb71Ajnd,dfd346d38f17465b9e121991477a6c8b,2026-05-03T10:01:24Z,5,,174a834d546f460fb420999d6c3439fd
spotify:track:0tZ3mElWcr74OOhKEiNz1x,dfd346d38f17465b9e121991477a6c8b,2026-05-03T10:01:24Z,4,,174a834d546f460fb420999d6c3439fd
spotify:track:2AxCeJ6PSsBYiTckM0HLY7,dfd346d38f17465b9e121991477a6c8b,2026-05-03T10:01:24Z,4,,174a834d546f460fb420999d6c3439fd
spotify:track:3cJh89D0za2SW705fNBo3b,dfd346d38f17465b9e121991477a6c8b,2026-05-03T10:01:24Z,4,,174a834d546f460fb420999d6c3439fd
spotify:track:3DaXIGJm0BCEB9X7zHTRfI,dfd346d38f17465b9e121991477a6c8b,2026-05-03T10:01:24Z,1,,174a834d546f460fb420999d6c3439fd
spotify:track:4k4tFDl5rmRAA7L7gIjBTI,dfd346d38f17465b9e121991477a6c8b,2026-05-03T10:01:24Z,3,,174a834d546f460fb420999d6c3439fd
spotify:track:4KacUpvbA3Mfo05gttTjhN,dfd346d38f17465b9e121991477a6c8b,2026-05-03T10:01:24Z,1,,174a834d546f460fb420999d6c3439fd
spotify:track:5aAHlqn7GfwWf90qjibAXp,dfd346d38f17465b9e121991477a6c8b,2026-05-03T10:01:24Z,1,,174a834d546f460fb420999d6c3439fd
spotify:track:69Urq0NuoEZ6RwoaNVn1Pg,dfd346d38f17465b9e121991477a6c8b,2026-05-03T10:01:24Z,6,,174a834d546f460fb420999d6c3439fd
spotify:track:6lob8yGQuretKACtogsaQL,dfd346d38f17465b9e121991477a6c8b,2026-05-03T10:01:24Z,1,,174a834d546f460fb420999d6c3439fd
spotify:track:4KacUpvbA3Mfo05gttTjhN,acce4ec537804cfc8a1c34efb041aa52,2026-05-03T13:16:13Z,4,,174a834d546f460fb420999d6c3439fd
spotify:track:4Nwm4lvNRxXkGR6aMmtdKm,acce4ec537804cfc8a1c34efb041aa52,2026-05-03T13:16:13Z,5,,174a834d546f460fb420999d6c3439fd
spotify:track:2AxCeJ6PSsBYiTckM0HLY7,acce4ec537804cfc8a1c34efb041aa52,2026-05-03T13:16:13Z,8,,174a834d546f460fb420999d6c3439fd
spotify:track:3cJh89D0za2SW705fNBo3b,acce4ec537804cfc8a1c34efb041aa52,2026-05-03T13:16:13Z,8,,174a834d546f460fb420999d6c3439fd
spotify:track:3DaXIGJm0BCEB9X7zHTRfI,acce4ec537804cfc8a1c34efb041aa52,2026-05-03T13:16:13Z,1,,174a834d546f460fb420999d6c3439fd
spotify:track:4k4tFDl5rmRAA7L7gIjBTI,acce4ec537804cfc8a1c34efb041aa52,2026-05-03T13:16:13Z,8,,174a834d546f460fb420999d6c3439fd
spotify:track:69Urq0NuoEZ6RwoaNVn1Pg,acce4ec537804cfc8a1c34efb041aa52,2026-05-03T13:16:13Z,2,,174a834d546f460fb420999d6c3439fd
spotify:track:5aAHlqn7GfwWf90qjibAXp,0034474c5f804b6e99a366f09da69b35,2026-05-03T14:57:57Z,3,,174a834d546f460fb420999d6c3439fd
spotify:track:3DaXIGJm0BCEB9X7zHTRfI,0034474c5f804b6e99a366f09da69b35,2026-05-03T14:57:57Z,4,Haha yup,174a834d546f460fb420999d6c3439fd
spotify:track:3cJh89D0za2SW705fNBo3b,0034474c5f804b6e99a366f09da69b35,2026-05-03T14:57:57Z,3,,174a834d546f460fb420999d6c3439fd
spotify:track:2AxCeJ6PSsBYiTckM0HLY7,0034474c5f804b6e99a366f09da69b35,2026-05-03T14:57:57Z,6,Listening to this with headphones on stereo is just the best,174a834d546f460fb420999d6c3439fd
spotify:track:0tZ3mElWcr74OOhKEiNz1x,0034474c5f804b6e99a366f09da69b35,2026-05-03T14:57:57Z,1,,174a834d546f460fb420999d6c3439fd
spotify:track:0Ph6L4l8dYUuXFmb71Ajnd,0034474c5f804b6e99a366f09da69b35,2026-05-03T14:57:57Z,2,Extra point for flamboyancy ,174a834d546f460fb420999d6c3439fd
spotify:track:4P6g27LvaQ4GIF8sxn2grB,0034474c5f804b6e99a366f09da69b35,2026-05-03T14:57:57Z,3,,174a834d546f460fb420999d6c3439fd
spotify:track:6lob8yGQuretKACtogsaQL,0034474c5f804b6e99a366f09da69b35,2026-05-03T14:57:57Z,1,,174a834d546f460fb420999d6c3439fd
spotify:track:69Urq0NuoEZ6RwoaNVn1Pg,0034474c5f804b6e99a366f09da69b35,2026-05-03T14:57:57Z,2,,174a834d546f460fb420999d6c3439fd
spotify:track:4wSmqFg31t6LsQWtzYAJob,0034474c5f804b6e99a366f09da69b35,2026-05-03T14:57:57Z,4,,174a834d546f460fb420999d6c3439fd
spotify:track:018SQDupRTRsl1Wolu1X0c,0034474c5f804b6e99a366f09da69b35,2026-05-03T14:57:57Z,3,"Kinda cool, maybe I'd listen to this again ",174a834d546f460fb420999d6c3439fd
spotify:track:4Nwm4lvNRxXkGR6aMmtdKm,0034474c5f804b6e99a366f09da69b35,2026-05-03T14:57:57Z,2,What the fuck is this comment ,174a834d546f460fb420999d6c3439fd
spotify:track:4KacUpvbA3Mfo05gttTjhN,0034474c5f804b6e99a366f09da69b35,2026-05-03T14:57:57Z,2,+1 for sk8board ,174a834d546f460fb420999d6c3439fd
spotify:track:0dV2XGlA08rObQZdL4mPOK,a3ae0c49642a47d48c37d7c01c632225,2026-05-07T15:13:20Z,2,Let me ho and let me hey,21a447efcb6e4de3b3062140ee769249
spotify:track:0HAr4QR1xI8nwC7VfzYidu,a3ae0c49642a47d48c37d7c01c632225,2026-05-07T15:13:20Z,1,,21a447efcb6e4de3b3062140ee769249
spotify:track:1YrnDTqvcnUKxAIeXyaEmU,a3ae0c49642a47d48c37d7c01c632225,2026-05-07T15:13:20Z,2,Upvoting for my like of song but not top points because I'm SHOCKED you can like this and not the rest of the Smiths stuff that sounds quite similar! ,21a447efcb6e4de3b3062140ee769249
spotify:track:29bU6XTJLnbWlNDlP6BvLb,a3ae0c49642a47d48c37d7c01c632225,2026-05-07T15:13:20Z,4,I also only like this and starlight and supermassive black hole so fair enough ,21a447efcb6e4de3b3062140ee769249
spotify:track:2JuasWPUodaUxf5nwNpciQ,a3ae0c49642a47d48c37d7c01c632225,2026-05-07T15:13:20Z,4,,21a447efcb6e4de3b3062140ee769249
spotify:track:2l7UudWZ44l1WbHx6ANod9,a3ae0c49642a47d48c37d7c01c632225,2026-05-07T15:13:20Z,4,,21a447efcb6e4de3b3062140ee769249
spotify:track:3DarAbFujv6eYNliUTyqtz,a3ae0c49642a47d48c37d7c01c632225,2026-05-07T15:13:20Z,5,,21a447efcb6e4de3b3062140ee769249
spotify:track:3vv9phIu6Y1vX3jcqaGz5Z,a3ae0c49642a47d48c37d7c01c632225,2026-05-07T15:13:20Z,1,,21a447efcb6e4de3b3062140ee769249
spotify:track:4oEf84vBYVftf6KmZexhVo,a3ae0c49642a47d48c37d7c01c632225,2026-05-07T15:13:20Z,4,,21a447efcb6e4de3b3062140ee769249
spotify:track:4uYwlMp841PLJmj1gJJwIq,a3ae0c49642a47d48c37d7c01c632225,2026-05-07T15:13:20Z,1,,21a447efcb6e4de3b3062140ee769249
spotify:track:5qII2n90lVdPDcgXEEVHNy,a3ae0c49642a47d48c37d7c01c632225,2026-05-07T15:13:20Z,2,,21a447efcb6e4de3b3062140ee769249
spotify:track:6V7Hk2EcweauFaN8cNtNku,a3ae0c49642a47d48c37d7c01c632225,2026-05-07T15:13:20Z,3,,21a447efcb6e4de3b3062140ee769249
spotify:track:7BNDyzwDboNRR2wmd7GSew,a3ae0c49642a47d48c37d7c01c632225,2026-05-07T15:13:20Z,3,,21a447efcb6e4de3b3062140ee769249
spotify:track:0dV2XGlA08rObQZdL4mPOK,e4fc2f3089594796b99dca4ab07f7d41,2026-05-07T15:21:26Z,1,very pretty song!,21a447efcb6e4de3b3062140ee769249
spotify:track:0qIOlMXPpcGirEqZBLQDbY,e4fc2f3089594796b99dca4ab07f7d41,2026-05-07T15:21:26Z,8,"Instantly upvoted, the only other banger they have is the cursing version of THIS song lol",21a447efcb6e4de3b3062140ee769249
spotify:track:1YrnDTqvcnUKxAIeXyaEmU,e4fc2f3089594796b99dca4ab07f7d41,2026-05-07T15:21:26Z,4,Funkyyy,21a447efcb6e4de3b3062140ee769249
spotify:track:2l7UudWZ44l1WbHx6ANod9,e4fc2f3089594796b99dca4ab07f7d41,2026-05-07T15:21:26Z,6,Can’t lie I’m a big Noah fan and this song and the collab album are so so good ,21a447efcb6e4de3b3062140ee769249
spotify:track:3DarAbFujv6eYNliUTyqtz,e4fc2f3089594796b99dca4ab07f7d41,2026-05-07T15:21:26Z,7,BANGER 💖🫶✨🪩,21a447efcb6e4de3b3062140ee769249
spotify:track:3vv9phIu6Y1vX3jcqaGz5Z,e4fc2f3089594796b99dca4ab07f7d41,2026-05-07T15:21:26Z,2,,21a447efcb6e4de3b3062140ee769249
spotify:track:4oEf84vBYVftf6KmZexhVo,e4fc2f3089594796b99dca4ab07f7d41,2026-05-07T15:21:26Z,5,the chorus and the build up to it is SO good 🇮🇪🪉,21a447efcb6e4de3b3062140ee769249
spotify:track:5qII2n90lVdPDcgXEEVHNy,e4fc2f3089594796b99dca4ab07f7d41,2026-05-07T15:21:26Z,3,Makes me feel like I’m in a 2000’s rom com ,21a447efcb6e4de3b3062140ee769249
spotify:track:0dV2XGlA08rObQZdL4mPOK,e43c6e753dbf4f999a68467b26ac1663,2026-05-08T13:22:35Z,5,Excellent song. I think you should give them a chance. There’s more like this in their discography I promise 😇,21a447efcb6e4de3b3062140ee769249
spotify:track:0qIOlMXPpcGirEqZBLQDbY,e43c6e753dbf4f999a68467b26ac1663,2026-05-08T13:22:35Z,2,,21a447efcb6e4de3b3062140ee769249
spotify:track:1YrnDTqvcnUKxAIeXyaEmU,e43c6e753dbf4f999a68467b26ac1663,2026-05-08T13:22:35Z,2,Great song but not smiths have loads of bangers imo,21a447efcb6e4de3b3062140ee769249
spotify:track:29bU6XTJLnbWlNDlP6BvLb,e43c6e753dbf4f999a68467b26ac1663,2026-05-08T13:22:35Z,3,Belter,21a447efcb6e4de3b3062140ee769249
spotify:track:2JuasWPUodaUxf5nwNpciQ,e43c6e753dbf4f999a68467b26ac1663,2026-05-08T13:22:35Z,4,,21a447efcb6e4de3b3062140ee769249
spotify:track:2l7UudWZ44l1WbHx6ANod9,e43c6e753dbf4f999a68467b26ac1663,2026-05-08T13:22:35Z,3,,21a447efcb6e4de3b3062140ee769249
spotify:track:3DarAbFujv6eYNliUTyqtz,e43c6e753dbf4f999a68467b26ac1663,2026-05-08T13:22:35Z,1,,21a447efcb6e4de3b3062140ee769249
spotify:track:3vv9phIu6Y1vX3jcqaGz5Z,e43c6e753dbf4f999a68467b26ac1663,2026-05-08T13:22:35Z,6,Soooo 2015. Can’t believe how bad almost everything else they did was,21a447efcb6e4de3b3062140ee769249
spotify:track:4oEf84vBYVftf6KmZexhVo,e43c6e753dbf4f999a68467b26ac1663,2026-05-08T13:22:35Z,0,"I actually like Noah Kahan, but never really liked this one, despite Hoziers lovely yell",21a447efcb6e4de3b3062140ee769249
spotify:track:4uYwlMp841PLJmj1gJJwIq,e43c6e753dbf4f999a68467b26ac1663,2026-05-08T13:22:35Z,3,,21a447efcb6e4de3b3062140ee769249
spotify:track:5qII2n90lVdPDcgXEEVHNy,e43c6e753dbf4f999a68467b26ac1663,2026-05-08T13:22:35Z,6,They really distilled Sunday Mornings into a song,21a447efcb6e4de3b3062140ee769249
spotify:track:6V7Hk2EcweauFaN8cNtNku,e43c6e753dbf4f999a68467b26ac1663,2026-05-08T13:22:35Z,1,,21a447efcb6e4de3b3062140ee769249
spotify:track:7BNDyzwDboNRR2wmd7GSew,e43c6e753dbf4f999a68467b26ac1663,2026-05-08T13:22:35Z,0,Crazy to choose Bastille and have any song other than Pompeii,21a447efcb6e4de3b3062140ee769249
spotify:track:0HAr4QR1xI8nwC7VfzYidu,2fc9c6b8f92145d697caadac61426533,2026-05-09T18:11:14Z,1,,21a447efcb6e4de3b3062140ee769249
spotify:track:0qIOlMXPpcGirEqZBLQDbY,2fc9c6b8f92145d697caadac61426533,2026-05-09T18:11:14Z,2,,21a447efcb6e4de3b3062140ee769249
spotify:track:1YrnDTqvcnUKxAIeXyaEmU,2fc9c6b8f92145d697caadac61426533,2026-05-09T18:11:14Z,5,,21a447efcb6e4de3b3062140ee769249
spotify:track:29bU6XTJLnbWlNDlP6BvLb,2fc9c6b8f92145d697caadac61426533,2026-05-09T18:11:14Z,4,"As a former ""muser"" I'm still recovering from the generational aura loss after they were tied to twilight ",21a447efcb6e4de3b3062140ee769249
spotify:track:2JuasWPUodaUxf5nwNpciQ,2fc9c6b8f92145d697caadac61426533,2026-05-09T18:11:14Z,3,,21a447efcb6e4de3b3062140ee769249
spotify:track:2l7UudWZ44l1WbHx6ANod9,2fc9c6b8f92145d697caadac61426533,2026-05-09T18:11:14Z,1,,21a447efcb6e4de3b3062140ee769249
spotify:track:3DarAbFujv6eYNliUTyqtz,2fc9c6b8f92145d697caadac61426533,2026-05-09T18:11:14Z,4,I actually love this,21a447efcb6e4de3b3062140ee769249
spotify:track:3vv9phIu6Y1vX3jcqaGz5Z,2fc9c6b8f92145d697caadac61426533,2026-05-09T18:11:14Z,4,,21a447efcb6e4de3b3062140ee769249
spotify:track:4oEf84vBYVftf6KmZexhVo,2fc9c6b8f92145d697caadac61426533,2026-05-09T18:11:14Z,2,,21a447efcb6e4de3b3062140ee769249
spotify:track:4uYwlMp841PLJmj1gJJwIq,2fc9c6b8f92145d697caadac61426533,2026-05-09T18:11:14Z,3,,21a447efcb6e4de3b3062140ee769249
spotify:track:5qII2n90lVdPDcgXEEVHNy,2fc9c6b8f92145d697caadac61426533,2026-05-09T18:11:14Z,5,The whole album slaps,21a447efcb6e4de3b3062140ee769249
spotify:track:6V7Hk2EcweauFaN8cNtNku,2fc9c6b8f92145d697caadac61426533,2026-05-09T18:11:14Z,2,,21a447efcb6e4de3b3062140ee769249
spotify:track:7BNDyzwDboNRR2wmd7GSew,2fc9c6b8f92145d697caadac61426533,2026-05-09T18:11:14Z,0,Wish I could downvote this,21a447efcb6e4de3b3062140ee769249
spotify:track:0dV2XGlA08rObQZdL4mPOK,d007026516024c34981c654238511be8,2026-05-10T11:17:03Z,3,Hmm,21a447efcb6e4de3b3062140ee769249
spotify:track:0qIOlMXPpcGirEqZBLQDbY,d007026516024c34981c654238511be8,2026-05-10T11:17:03Z,1,,21a447efcb6e4de3b3062140ee769249
spotify:track:1YrnDTqvcnUKxAIeXyaEmU,d007026516024c34981c654238511be8,2026-05-10T11:17:03Z,3,,21a447efcb6e4de3b3062140ee769249
spotify:track:29bU6XTJLnbWlNDlP6BvLb,d007026516024c34981c654238511be8,2026-05-10T11:17:03Z,1,,21a447efcb6e4de3b3062140ee769249
spotify:track:2JuasWPUodaUxf5nwNpciQ,d007026516024c34981c654238511be8,2026-05-10T11:17:03Z,0,I don’t really care for this either,21a447efcb6e4de3b3062140ee769249
spotify:track:2l7UudWZ44l1WbHx6ANod9,d007026516024c34981c654238511be8,2026-05-10T11:17:03Z,2,I was gonna support you more given we’re in the Noah Kahan boat but I don’t like this song lol,21a447efcb6e4de3b3062140ee769249
spotify:track:3DarAbFujv6eYNliUTyqtz,d007026516024c34981c654238511be8,2026-05-10T11:17:03Z,6,I’ll be painting the town red with you in a minute ,21a447efcb6e4de3b3062140ee769249
spotify:track:3vv9phIu6Y1vX3jcqaGz5Z,d007026516024c34981c654238511be8,2026-05-10T11:17:03Z,5,They’re nostalgic af tho ,21a447efcb6e4de3b3062140ee769249
spotify:track:4uYwlMp841PLJmj1gJJwIq,d007026516024c34981c654238511be8,2026-05-10T11:17:03Z,1,,21a447efcb6e4de3b3062140ee769249
spotify:track:5qII2n90lVdPDcgXEEVHNy,d007026516024c34981c654238511be8,2026-05-10T11:17:03Z,4,I’m on a pay phone trying to disagree with you,21a447efcb6e4de3b3062140ee769249
spotify:track:6V7Hk2EcweauFaN8cNtNku,d007026516024c34981c654238511be8,2026-05-10T11:17:03Z,2,"Hot take, prefer his other stuff",21a447efcb6e4de3b3062140ee769249
spotify:track:7BNDyzwDboNRR2wmd7GSew,d007026516024c34981c654238511be8,2026-05-10T11:17:03Z,8,Bastille were my jam when I was younger,21a447efcb6e4de3b3062140ee769249
spotify:track:0dV2XGlA08rObQZdL4mPOK,dfd346d38f17465b9e121991477a6c8b,2026-05-10T12:13:38Z,2,Ophelia is another bop,21a447efcb6e4de3b3062140ee769249
spotify:track:0HAr4QR1xI8nwC7VfzYidu,dfd346d38f17465b9e121991477a6c8b,2026-05-10T12:13:38Z,2,,21a447efcb6e4de3b3062140ee769249
spotify:track:0qIOlMXPpcGirEqZBLQDbY,dfd346d38f17465b9e121991477a6c8b,2026-05-10T12:13:38Z,0,Not for me 🥲,21a447efcb6e4de3b3062140ee769249
spotify:track:1YrnDTqvcnUKxAIeXyaEmU,dfd346d38f17465b9e121991477a6c8b,2026-05-10T12:13:38Z,4,,21a447efcb6e4de3b3062140ee769249
spotify:track:29bU6XTJLnbWlNDlP6BvLb,dfd346d38f17465b9e121991477a6c8b,2026-05-10T12:13:38Z,5,Choon,21a447efcb6e4de3b3062140ee769249
spotify:track:2JuasWPUodaUxf5nwNpciQ,dfd346d38f17465b9e121991477a6c8b,2026-05-10T12:13:38Z,8,"Recently got into AIC, good choice",21a447efcb6e4de3b3062140ee769249
spotify:track:2l7UudWZ44l1WbHx6ANod9,dfd346d38f17465b9e121991477a6c8b,2026-05-10T12:13:38Z,1,,21a447efcb6e4de3b3062140ee769249
spotify:track:3DarAbFujv6eYNliUTyqtz,dfd346d38f17465b9e121991477a6c8b,2026-05-10T12:13:38Z,5,,21a447efcb6e4de3b3062140ee769249
spotify:track:3vv9phIu6Y1vX3jcqaGz5Z,dfd346d38f17465b9e121991477a6c8b,2026-05-10T12:13:38Z,2,,21a447efcb6e4de3b3062140ee769249
spotify:track:4oEf84vBYVftf6KmZexhVo,dfd346d38f17465b9e121991477a6c8b,2026-05-10T12:13:38Z,1,,21a447efcb6e4de3b3062140ee769249
spotify:track:4uYwlMp841PLJmj1gJJwIq,dfd346d38f17465b9e121991477a6c8b,2026-05-10T12:13:38Z,0,This does not sound like Dylan at all!,21a447efcb6e4de3b3062140ee769249
spotify:track:6V7Hk2EcweauFaN8cNtNku,dfd346d38f17465b9e121991477a6c8b,2026-05-10T12:13:38Z,3,,21a447efcb6e4de3b3062140ee769249
spotify:track:7BNDyzwDboNRR2wmd7GSew,dfd346d38f17465b9e121991477a6c8b,2026-05-10T12:13:38Z,3,,21a447efcb6e4de3b3062140ee769249
spotify:track:0dV2XGlA08rObQZdL4mPOK,78d12b4b50924b6e83f2a060a150a8e8,2026-05-10T12:23:17Z,3,,21a447efcb6e4de3b3062140ee769249
spotify:track:0HAr4QR1xI8nwC7VfzYidu,78d12b4b50924b6e83f2a060a150a8e8,2026-05-10T12:23:17Z,4,,21a447efcb6e4de3b3062140ee769249
spotify:track:0qIOlMXPpcGirEqZBLQDbY,78d12b4b50924b6e83f2a060a150a8e8,2026-05-10T12:23:17Z,3,,21a447efcb6e4de3b3062140ee769249
spotify:track:29bU6XTJLnbWlNDlP6BvLb,78d12b4b50924b6e83f2a060a150a8e8,2026-05-10T12:23:17Z,4,,21a447efcb6e4de3b3062140ee769249
spotify:track:2JuasWPUodaUxf5nwNpciQ,78d12b4b50924b6e83f2a060a150a8e8,2026-05-10T12:23:17Z,5,,21a447efcb6e4de3b3062140ee769249
spotify:track:2l7UudWZ44l1WbHx6ANod9,78d12b4b50924b6e83f2a060a150a8e8,2026-05-10T12:23:17Z,3,,21a447efcb6e4de3b3062140ee769249
spotify:track:3DarAbFujv6eYNliUTyqtz,78d12b4b50924b6e83f2a060a150a8e8,2026-05-10T12:23:17Z,1,,21a447efcb6e4de3b3062140ee769249
spotify:track:3vv9phIu6Y1vX3jcqaGz5Z,78d12b4b50924b6e83f2a060a150a8e8,2026-05-10T12:23:17Z,1,,21a447efcb6e4de3b3062140ee769249
spotify:track:4uYwlMp841PLJmj1gJJwIq,78d12b4b50924b6e83f2a060a150a8e8,2026-05-10T12:23:17Z,4,,21a447efcb6e4de3b3062140ee769249
spotify:track:6V7Hk2EcweauFaN8cNtNku,78d12b4b50924b6e83f2a060a150a8e8,2026-05-10T12:23:17Z,4,,21a447efcb6e4de3b3062140ee769249
spotify:track:7BNDyzwDboNRR2wmd7GSew,78d12b4b50924b6e83f2a060a150a8e8,2026-05-10T12:23:17Z,4,,21a447efcb6e4de3b3062140ee769249
spotify:track:0dV2XGlA08rObQZdL4mPOK,96d515a50352471caca66cdd7e710407,2026-05-10T12:36:55Z,3,,21a447efcb6e4de3b3062140ee769249
spotify:track:0HAr4QR1xI8nwC7VfzYidu,96d515a50352471caca66cdd7e710407,2026-05-10T12:36:55Z,5,Love slipknot so much but hadn't really heard this. Class,21a447efcb6e4de3b3062140ee769249
spotify:track:0qIOlMXPpcGirEqZBLQDbY,96d515a50352471caca66cdd7e710407,2026-05-10T12:36:55Z,3,So ska inspired ,21a447efcb6e4de3b3062140ee769249
spotify:track:1YrnDTqvcnUKxAIeXyaEmU,96d515a50352471caca66cdd7e710407,2026-05-10T12:36:55Z,3,Agree,21a447efcb6e4de3b3062140ee769249
spotify:track:29bU6XTJLnbWlNDlP6BvLb,96d515a50352471caca66cdd7e710407,2026-05-10T12:36:55Z,2,,21a447efcb6e4de3b3062140ee769249
spotify:track:2JuasWPUodaUxf5nwNpciQ,96d515a50352471caca66cdd7e710407,2026-05-10T12:36:55Z,7,Love,21a447efcb6e4de3b3062140ee769249
spotify:track:2l7UudWZ44l1WbHx6ANod9,96d515a50352471caca66cdd7e710407,2026-05-10T12:36:55Z,2,,21a447efcb6e4de3b3062140ee769249
spotify:track:3DarAbFujv6eYNliUTyqtz,96d515a50352471caca66cdd7e710407,2026-05-10T12:36:55Z,3,,21a447efcb6e4de3b3062140ee769249
spotify:track:3vv9phIu6Y1vX3jcqaGz5Z,96d515a50352471caca66cdd7e710407,2026-05-10T12:36:55Z,3,Some bang of uni nostalgia off this,21a447efcb6e4de3b3062140ee769249
spotify:track:4oEf84vBYVftf6KmZexhVo,96d515a50352471caca66cdd7e710407,2026-05-10T12:36:55Z,1,,21a447efcb6e4de3b3062140ee769249
spotify:track:4uYwlMp841PLJmj1gJJwIq,96d515a50352471caca66cdd7e710407,2026-05-10T12:36:55Z,3,,21a447efcb6e4de3b3062140ee769249
spotify:track:5qII2n90lVdPDcgXEEVHNy,96d515a50352471caca66cdd7e710407,2026-05-10T12:36:55Z,1,,21a447efcb6e4de3b3062140ee769249
spotify:track:6V7Hk2EcweauFaN8cNtNku,96d515a50352471caca66cdd7e710407,2026-05-10T12:36:55Z,0,Not really for me sorry,21a447efcb6e4de3b3062140ee769249
spotify:track:0dV2XGlA08rObQZdL4mPOK,71c8417802d241c6b2c478d5a45128b3,2026-05-10T17:17:58Z,2,,21a447efcb6e4de3b3062140ee769249
spotify:track:0HAr4QR1xI8nwC7VfzYidu,71c8417802d241c6b2c478d5a45128b3,2026-05-10T17:17:58Z,5,,21a447efcb6e4de3b3062140ee769249
spotify:track:0qIOlMXPpcGirEqZBLQDbY,71c8417802d241c6b2c478d5a45128b3,2026-05-10T17:17:58Z,2,,21a447efcb6e4de3b3062140ee769249
spotify:track:1YrnDTqvcnUKxAIeXyaEmU,71c8417802d241c6b2c478d5a45128b3,2026-05-10T17:17:58Z,6,,21a447efcb6e4de3b3062140ee769249
spotify:track:29bU6XTJLnbWlNDlP6BvLb,71c8417802d241c6b2c478d5a45128b3,2026-05-10T17:17:58Z,5,,21a447efcb6e4de3b3062140ee769249
spotify:track:2l7UudWZ44l1WbHx6ANod9,71c8417802d241c6b2c478d5a45128b3,2026-05-10T17:17:58Z,2,,21a447efcb6e4de3b3062140ee769249
spotify:track:3DarAbFujv6eYNliUTyqtz,71c8417802d241c6b2c478d5a45128b3,2026-05-10T17:17:58Z,2,,21a447efcb6e4de3b3062140ee769249
spotify:track:3vv9phIu6Y1vX3jcqaGz5Z,71c8417802d241c6b2c478d5a45128b3,2026-05-10T17:17:58Z,2,,21a447efcb6e4de3b3062140ee769249
spotify:track:4oEf84vBYVftf6KmZexhVo,71c8417802d241c6b2c478d5a45128b3,2026-05-10T17:17:58Z,2,,21a447efcb6e4de3b3062140ee769249
spotify:track:4uYwlMp841PLJmj1gJJwIq,71c8417802d241c6b2c478d5a45128b3,2026-05-10T17:17:58Z,2,,21a447efcb6e4de3b3062140ee769249
spotify:track:5qII2n90lVdPDcgXEEVHNy,71c8417802d241c6b2c478d5a45128b3,2026-05-10T17:17:58Z,2,,21a447efcb6e4de3b3062140ee769249
spotify:track:6V7Hk2EcweauFaN8cNtNku,71c8417802d241c6b2c478d5a45128b3,2026-05-10T17:17:58Z,2,,21a447efcb6e4de3b3062140ee769249
spotify:track:7BNDyzwDboNRR2wmd7GSew,71c8417802d241c6b2c478d5a45128b3,2026-05-10T17:17:58Z,2,,21a447efcb6e4de3b3062140ee769249
spotify:track:0dV2XGlA08rObQZdL4mPOK,a8e4878c0eef4cf2b98d20b54391601d,2026-05-10T17:34:18Z,3,,21a447efcb6e4de3b3062140ee769249
spotify:track:0HAr4QR1xI8nwC7VfzYidu,a8e4878c0eef4cf2b98d20b54391601d,2026-05-10T17:34:18Z,3,,21a447efcb6e4de3b3062140ee769249
spotify:track:0qIOlMXPpcGirEqZBLQDbY,a8e4878c0eef4cf2b98d20b54391601d,2026-05-10T17:34:18Z,3,,21a447efcb6e4de3b3062140ee769249
spotify:track:1YrnDTqvcnUKxAIeXyaEmU,a8e4878c0eef4cf2b98d20b54391601d,2026-05-10T17:34:18Z,4,,21a447efcb6e4de3b3062140ee769249
spotify:track:29bU6XTJLnbWlNDlP6BvLb,a8e4878c0eef4cf2b98d20b54391601d,2026-05-10T17:34:18Z,4,,21a447efcb6e4de3b3062140ee769249
spotify:track:2JuasWPUodaUxf5nwNpciQ,a8e4878c0eef4cf2b98d20b54391601d,2026-05-10T17:34:18Z,2,,21a447efcb6e4de3b3062140ee769249
spotify:track:2l7UudWZ44l1WbHx6ANod9,a8e4878c0eef4cf2b98d20b54391601d,2026-05-10T17:34:18Z,2,,21a447efcb6e4de3b3062140ee769249
spotify:track:3DarAbFujv6eYNliUTyqtz,a8e4878c0eef4cf2b98d20b54391601d,2026-05-10T17:34:18Z,3,I’m not sure how you can only like this one song of hers ,21a447efcb6e4de3b3062140ee769249
spotify:track:3vv9phIu6Y1vX3jcqaGz5Z,a8e4878c0eef4cf2b98d20b54391601d,2026-05-10T17:34:18Z,2,,21a447efcb6e4de3b3062140ee769249
spotify:track:4oEf84vBYVftf6KmZexhVo,a8e4878c0eef4cf2b98d20b54391601d,2026-05-10T17:34:18Z,4,I’m slowly becoming quite the fan of mr kahan I have to say ,21a447efcb6e4de3b3062140ee769249
spotify:track:5qII2n90lVdPDcgXEEVHNy,a8e4878c0eef4cf2b98d20b54391601d,2026-05-10T17:34:18Z,2,,21a447efcb6e4de3b3062140ee769249
spotify:track:6V7Hk2EcweauFaN8cNtNku,a8e4878c0eef4cf2b98d20b54391601d,2026-05-10T17:34:18Z,3,,21a447efcb6e4de3b3062140ee769249
spotify:track:7BNDyzwDboNRR2wmd7GSew,a8e4878c0eef4cf2b98d20b54391601d,2026-05-10T17:34:18Z,1,,21a447efcb6e4de3b3062140ee769249
spotify:track:0dV2XGlA08rObQZdL4mPOK,1d843b6c8a8946b9bda7ad95b6ccc195,2026-05-10T17:49:47Z,2,I'd argue it's no Ophelia,21a447efcb6e4de3b3062140ee769249
spotify:track:0HAr4QR1xI8nwC7VfzYidu,1d843b6c8a8946b9bda7ad95b6ccc195,2026-05-10T17:49:47Z,2,,21a447efcb6e4de3b3062140ee769249
spotify:track:1YrnDTqvcnUKxAIeXyaEmU,1d843b6c8a8946b9bda7ad95b6ccc195,2026-05-10T17:49:47Z,4,Totally get the morrisey hate but they defo have many bangers,21a447efcb6e4de3b3062140ee769249
spotify:track:29bU6XTJLnbWlNDlP6BvLb,1d843b6c8a8946b9bda7ad95b6ccc195,2026-05-10T17:49:47Z,4,This soundtrack was so pivotal for young Ellen lol. I like Muse in general tho,21a447efcb6e4de3b3062140ee769249
spotify:track:2JuasWPUodaUxf5nwNpciQ,1d843b6c8a8946b9bda7ad95b6ccc195,2026-05-10T17:49:47Z,6,This is a good call,21a447efcb6e4de3b3062140ee769249
spotify:track:2l7UudWZ44l1WbHx6ANod9,1d843b6c8a8946b9bda7ad95b6ccc195,2026-05-10T17:49:47Z,1,,21a447efcb6e4de3b3062140ee769249
spotify:track:3DarAbFujv6eYNliUTyqtz,1d843b6c8a8946b9bda7ad95b6ccc195,2026-05-10T17:49:47Z,4,I love doja tho 😭😭,21a447efcb6e4de3b3062140ee769249
spotify:track:4oEf84vBYVftf6KmZexhVo,1d843b6c8a8946b9bda7ad95b6ccc195,2026-05-10T17:49:47Z,6,"Ya this song defo slaps, esp the chorus",21a447efcb6e4de3b3062140ee769249
spotify:track:4uYwlMp841PLJmj1gJJwIq,1d843b6c8a8946b9bda7ad95b6ccc195,2026-05-10T17:49:47Z,2,,21a447efcb6e4de3b3062140ee769249
spotify:track:5qII2n90lVdPDcgXEEVHNy,1d843b6c8a8946b9bda7ad95b6ccc195,2026-05-10T17:49:47Z,3,He's some eejit but they have bangers,21a447efcb6e4de3b3062140ee769249
spotify:track:6V7Hk2EcweauFaN8cNtNku,1d843b6c8a8946b9bda7ad95b6ccc195,2026-05-10T17:49:47Z,1,,21a447efcb6e4de3b3062140ee769249
spotify:track:7BNDyzwDboNRR2wmd7GSew,1d843b6c8a8946b9bda7ad95b6ccc195,2026-05-10T17:49:47Z,1,Hmmm personally if it's not their song I probs wouldn't give them much credit for the slap-age,21a447efcb6e4de3b3062140ee769249
spotify:track:0dV2XGlA08rObQZdL4mPOK,0034474c5f804b6e99a366f09da69b35,2026-05-10T17:58:38Z,2,,21a447efcb6e4de3b3062140ee769249
spotify:track:0HAr4QR1xI8nwC7VfzYidu,0034474c5f804b6e99a366f09da69b35,2026-05-10T17:58:38Z,3,,21a447efcb6e4de3b3062140ee769249
spotify:track:0qIOlMXPpcGirEqZBLQDbY,0034474c5f804b6e99a366f09da69b35,2026-05-10T17:58:38Z,1,,21a447efcb6e4de3b3062140ee769249
spotify:track:1YrnDTqvcnUKxAIeXyaEmU,0034474c5f804b6e99a366f09da69b35,2026-05-10T17:58:38Z,4,Love this song but I don't believe that you don't like the smiths,21a447efcb6e4de3b3062140ee769249
spotify:track:29bU6XTJLnbWlNDlP6BvLb,0034474c5f804b6e99a366f09da69b35,2026-05-10T17:58:38Z,5,,21a447efcb6e4de3b3062140ee769249
spotify:track:2JuasWPUodaUxf5nwNpciQ,0034474c5f804b6e99a366f09da69b35,2026-05-10T17:58:38Z,3,,21a447efcb6e4de3b3062140ee769249
spotify:track:2l7UudWZ44l1WbHx6ANod9,0034474c5f804b6e99a366f09da69b35,2026-05-10T17:58:38Z,2,,21a447efcb6e4de3b3062140ee769249
spotify:track:3vv9phIu6Y1vX3jcqaGz5Z,0034474c5f804b6e99a366f09da69b35,2026-05-10T17:58:38Z,5,,21a447efcb6e4de3b3062140ee769249
spotify:track:4oEf84vBYVftf6KmZexhVo,0034474c5f804b6e99a366f09da69b35,2026-05-10T17:58:38Z,2,,21a447efcb6e4de3b3062140ee769249
spotify:track:4uYwlMp841PLJmj1gJJwIq,0034474c5f804b6e99a366f09da69b35,2026-05-10T17:58:38Z,1,,21a447efcb6e4de3b3062140ee769249
spotify:track:5qII2n90lVdPDcgXEEVHNy,0034474c5f804b6e99a366f09da69b35,2026-05-10T17:58:38Z,3,,21a447efcb6e4de3b3062140ee769249
spotify:track:6V7Hk2EcweauFaN8cNtNku,0034474c5f804b6e99a366f09da69b35,2026-05-10T17:58:38Z,3,,21a447efcb6e4de3b3062140ee769249
spotify:track:7BNDyzwDboNRR2wmd7GSew,0034474c5f804b6e99a366f09da69b35,2026-05-10T17:58:38Z,2,,21a447efcb6e4de3b3062140ee769249
spotify:track:0ADXYdnGtoEcUodPirMYXZ,dfd346d38f17465b9e121991477a6c8b,2026-05-14T11:53:14Z,1,,11030f12ada641bbbecf775caee1f452
spotify:track:0C0kbvI8BJEWejMb3b2d4t,dfd346d38f17465b9e121991477a6c8b,2026-05-14T11:53:14Z,1,Didn’t really go anywhere,11030f12ada641bbbecf775caee1f452
spotify:track:0rLtUuQgwIlw6vv2eqHKdt,dfd346d38f17465b9e121991477a6c8b,2026-05-14T11:53:14Z,6,CVNTY,11030f12ada641bbbecf775caee1f452
spotify:track:1HpOpFbCT9z6FyXdyPPeHX,dfd346d38f17465b9e121991477a6c8b,2026-05-14T11:53:14Z,3,,11030f12ada641bbbecf775caee1f452
spotify:track:1KVkzkmFBx4A8bCma6ruKA,dfd346d38f17465b9e121991477a6c8b,2026-05-14T11:53:14Z,1,Math rock ain’t doing it for me,11030f12ada641bbbecf775caee1f452
spotify:track:213XNePBS3v9QW0lnPUXmZ,dfd346d38f17465b9e121991477a6c8b,2026-05-14T11:53:14Z,1,,11030f12ada641bbbecf775caee1f452
spotify:track:2F6ie4adRPCCQquwR03nui,dfd346d38f17465b9e121991477a6c8b,2026-05-14T11:53:14Z,5,"I also hear the Cause when this plays, good sign",11030f12ada641bbbecf775caee1f452
spotify:track:2VeR22PlXdnn7F9VhxUTSR,dfd346d38f17465b9e121991477a6c8b,2026-05-14T11:53:14Z,3,,11030f12ada641bbbecf775caee1f452
spotify:track:3kSuigMCaMtyHXcMs1vbg8,dfd346d38f17465b9e121991477a6c8b,2026-05-14T11:53:14Z,0,🏏,11030f12ada641bbbecf775caee1f452
spotify:track:3McBKxKZLXbE4czUezk5QG,dfd346d38f17465b9e121991477a6c8b,2026-05-14T11:53:14Z,2,,11030f12ada641bbbecf775caee1f452
spotify:track:75GyGLjB9yFLTVltUlDVKI,dfd346d38f17465b9e121991477a6c8b,2026-05-14T11:53:14Z,7,"My fav of the round, new and fun vibes. ",11030f12ada641bbbecf775caee1f452
spotify:track:7LCpo05WGuGEOg3vrAmJeG,dfd346d38f17465b9e121991477a6c8b,2026-05-14T11:53:14Z,3,,11030f12ada641bbbecf775caee1f452
spotify:track:7nkLDSU4GMdjwIaiX23tID,dfd346d38f17465b9e121991477a6c8b,2026-05-14T11:53:14Z,3,Love that,11030f12ada641bbbecf775caee1f452
spotify:track:0ADXYdnGtoEcUodPirMYXZ,96d515a50352471caca66cdd7e710407,2026-05-14T11:55:24Z,2,,11030f12ada641bbbecf775caee1f452
spotify:track:0C0kbvI8BJEWejMb3b2d4t,96d515a50352471caca66cdd7e710407,2026-05-14T11:55:24Z,1,,11030f12ada641bbbecf775caee1f452
spotify:track:0rLtUuQgwIlw6vv2eqHKdt,96d515a50352471caca66cdd7e710407,2026-05-14T11:55:24Z,6,Yesssss,11030f12ada641bbbecf775caee1f452
spotify:track:1HpOpFbCT9z6FyXdyPPeHX,96d515a50352471caca66cdd7e710407,2026-05-14T11:55:24Z,4,Fun,11030f12ada641bbbecf775caee1f452
spotify:track:1KVkzkmFBx4A8bCma6ruKA,96d515a50352471caca66cdd7e710407,2026-05-14T11:55:24Z,3,,11030f12ada641bbbecf775caee1f452
spotify:track:213XNePBS3v9QW0lnPUXmZ,96d515a50352471caca66cdd7e710407,2026-05-14T11:55:24Z,2,,11030f12ada641bbbecf775caee1f452
spotify:track:2cmtyqW7yIflk6OEQDH2G6,96d515a50352471caca66cdd7e710407,2026-05-14T11:55:24Z,4,Mup,11030f12ada641bbbecf775caee1f452
spotify:track:2F6ie4adRPCCQquwR03nui,96d515a50352471caca66cdd7e710407,2026-05-14T11:55:24Z,4,Hell yeah friendship,11030f12ada641bbbecf775caee1f452
spotify:track:3kSuigMCaMtyHXcMs1vbg8,96d515a50352471caca66cdd7e710407,2026-05-14T11:55:24Z,0,I'm good,11030f12ada641bbbecf775caee1f452
spotify:track:3McBKxKZLXbE4czUezk5QG,96d515a50352471caca66cdd7e710407,2026-05-14T11:55:24Z,3,,11030f12ada641bbbecf775caee1f452
spotify:track:75GyGLjB9yFLTVltUlDVKI,96d515a50352471caca66cdd7e710407,2026-05-14T11:55:24Z,2,,11030f12ada641bbbecf775caee1f452
spotify:track:7LCpo05WGuGEOg3vrAmJeG,96d515a50352471caca66cdd7e710407,2026-05-14T11:55:24Z,3,,11030f12ada641bbbecf775caee1f452
spotify:track:7nkLDSU4GMdjwIaiX23tID,96d515a50352471caca66cdd7e710407,2026-05-14T11:55:24Z,2,,11030f12ada641bbbecf775caee1f452
spotify:track:1HpOpFbCT9z6FyXdyPPeHX,e4fc2f3089594796b99dca4ab07f7d41,2026-05-14T16:03:42Z,2,,11030f12ada641bbbecf775caee1f452
spotify:track:213XNePBS3v9QW0lnPUXmZ,e4fc2f3089594796b99dca4ab07f7d41,2026-05-14T16:03:42Z,6,I can see everyone dancing in slow motion while listening to this,11030f12ada641bbbecf775caee1f452
spotify:track:2F6ie4adRPCCQquwR03nui,e4fc2f3089594796b99dca4ab07f7d41,2026-05-14T16:03:42Z,4,The kind of song you’d be wearing sunglasses dancing to it hell yeah,11030f12ada641bbbecf775caee1f452
spotify:track:2VeR22PlXdnn7F9VhxUTSR,e4fc2f3089594796b99dca4ab07f7d41,2026-05-14T16:03:42Z,8,Loveeee princess Nokia I fully support cunty summer 2026 ,11030f12ada641bbbecf775caee1f452
spotify:track:3kSuigMCaMtyHXcMs1vbg8,e4fc2f3089594796b99dca4ab07f7d41,2026-05-14T16:03:42Z,1,As a stickler for the rules I can only give this absolute bop 1 point :(,11030f12ada641bbbecf775caee1f452
spotify:track:3McBKxKZLXbE4czUezk5QG,e4fc2f3089594796b99dca4ab07f7d41,2026-05-14T16:03:42Z,3,🕺,11030f12ada641bbbecf775caee1f452
spotify:track:7LCpo05WGuGEOg3vrAmJeG,e4fc2f3089594796b99dca4ab07f7d41,2026-05-14T16:03:42Z,7,Sugabooo will always get votes from me ,11030f12ada641bbbecf775caee1f452
spotify:track:7nkLDSU4GMdjwIaiX23tID,e4fc2f3089594796b99dca4ab07f7d41,2026-05-14T16:03:42Z,5,🤘🎸,11030f12ada641bbbecf775caee1f452
spotify:track:0ADXYdnGtoEcUodPirMYXZ,e43c6e753dbf4f999a68467b26ac1663,2026-05-14T16:28:47Z,2,Beep boop,11030f12ada641bbbecf775caee1f452
spotify:track:0C0kbvI8BJEWejMb3b2d4t,e43c6e753dbf4f999a68467b26ac1663,2026-05-14T16:28:47Z,4,Early Daft Punk vibe. Very fun,11030f12ada641bbbecf775caee1f452
spotify:track:1HpOpFbCT9z6FyXdyPPeHX,e43c6e753dbf4f999a68467b26ac1663,2026-05-14T16:28:47Z,3,Piano house always hits in the summer,11030f12ada641bbbecf775caee1f452
spotify:track:213XNePBS3v9QW0lnPUXmZ,e43c6e753dbf4f999a68467b26ac1663,2026-05-14T16:28:47Z,3,Very dreamy. Summer night walking home from a party vibe,11030f12ada641bbbecf775caee1f452
spotify:track:2cmtyqW7yIflk6OEQDH2G6,e43c6e753dbf4f999a68467b26ac1663,2026-05-14T16:28:47Z,6,Hell yeah,11030f12ada641bbbecf775caee1f452
spotify:track:2F6ie4adRPCCQquwR03nui,e43c6e753dbf4f999a68467b26ac1663,2026-05-14T16:28:47Z,7,DJ Heartstring is the herald of the summer,11030f12ada641bbbecf775caee1f452
spotify:track:3kSuigMCaMtyHXcMs1vbg8,e43c6e753dbf4f999a68467b26ac1663,2026-05-14T16:28:47Z,0,Banger but not recent :(,11030f12ada641bbbecf775caee1f452
spotify:track:3McBKxKZLXbE4czUezk5QG,e43c6e753dbf4f999a68467b26ac1663,2026-05-14T16:28:47Z,2,,11030f12ada641bbbecf775caee1f452
spotify:track:75GyGLjB9yFLTVltUlDVKI,e43c6e753dbf4f999a68467b26ac1663,2026-05-14T16:28:47Z,4,Catchy as hell,11030f12ada641bbbecf775caee1f452
spotify:track:7LCpo05WGuGEOg3vrAmJeG,e43c6e753dbf4f999a68467b26ac1663,2026-05-14T16:28:47Z,5,D12 on top once again this summer,11030f12ada641bbbecf775caee1f452
spotify:track:0C0kbvI8BJEWejMb3b2d4t,a3ae0c49642a47d48c37d7c01c632225,2026-05-14T17:00:55Z,6,,11030f12ada641bbbecf775caee1f452
spotify:track:0rLtUuQgwIlw6vv2eqHKdt,a3ae0c49642a47d48c37d7c01c632225,2026-05-14T17:00:55Z,1,,11030f12ada641bbbecf775caee1f452
spotify:track:1HpOpFbCT9z6FyXdyPPeHX,a3ae0c49642a47d48c37d7c01c632225,2026-05-14T17:00:55Z,2,,11030f12ada641bbbecf775caee1f452
spotify:track:1KVkzkmFBx4A8bCma6ruKA,a3ae0c49642a47d48c37d7c01c632225,2026-05-14T17:00:55Z,5,,11030f12ada641bbbecf775caee1f452
spotify:track:213XNePBS3v9QW0lnPUXmZ,a3ae0c49642a47d48c37d7c01c632225,2026-05-14T17:00:55Z,7,This was my fave!!,11030f12ada641bbbecf775caee1f452
spotify:track:2cmtyqW7yIflk6OEQDH2G6,a3ae0c49642a47d48c37d7c01c632225,2026-05-14T17:00:55Z,2,,11030f12ada641bbbecf775caee1f452
spotify:track:2F6ie4adRPCCQquwR03nui,a3ae0c49642a47d48c37d7c01c632225,2026-05-14T17:00:55Z,4,,11030f12ada641bbbecf775caee1f452
spotify:track:2VeR22PlXdnn7F9VhxUTSR,a3ae0c49642a47d48c37d7c01c632225,2026-05-14T17:00:55Z,1,,11030f12ada641bbbecf775caee1f452
spotify:track:3kSuigMCaMtyHXcMs1vbg8,a3ae0c49642a47d48c37d7c01c632225,2026-05-14T17:00:55Z,0,-1,11030f12ada641bbbecf775caee1f452
spotify:track:3McBKxKZLXbE4czUezk5QG,a3ae0c49642a47d48c37d7c01c632225,2026-05-14T17:00:55Z,1,,11030f12ada641bbbecf775caee1f452
spotify:track:75GyGLjB9yFLTVltUlDVKI,a3ae0c49642a47d48c37d7c01c632225,2026-05-14T17:00:55Z,5,Very nice reminds me of listening to Bruce Springsteen with my dad ,11030f12ada641bbbecf775caee1f452
spotify:track:7nkLDSU4GMdjwIaiX23tID,a3ae0c49642a47d48c37d7c01c632225,2026-05-14T17:00:55Z,2,,11030f12ada641bbbecf775caee1f452
spotify:track:0C0kbvI8BJEWejMb3b2d4t,71c8417802d241c6b2c478d5a45128b3,2026-05-14T17:31:59Z,1,Funky,11030f12ada641bbbecf775caee1f452
spotify:track:0rLtUuQgwIlw6vv2eqHKdt,71c8417802d241c6b2c478d5a45128b3,2026-05-14T17:31:59Z,8,"CRANK IT, love slayyyter",11030f12ada641bbbecf775caee1f452
spotify:track:1HpOpFbCT9z6FyXdyPPeHX,71c8417802d241c6b2c478d5a45128b3,2026-05-14T17:31:59Z,4,Enjoyed this a lot ,11030f12ada641bbbecf775caee1f452
spotify:track:1KVkzkmFBx4A8bCma6ruKA,71c8417802d241c6b2c478d5a45128b3,2026-05-14T17:31:59Z,6,Oh hell yeah ,11030f12ada641bbbecf775caee1f452
spotify:track:213XNePBS3v9QW0lnPUXmZ,71c8417802d241c6b2c478d5a45128b3,2026-05-14T17:31:59Z,2,Very vibey,11030f12ada641bbbecf775caee1f452
spotify:track:2cmtyqW7yIflk6OEQDH2G6,71c8417802d241c6b2c478d5a45128b3,2026-05-14T17:31:59Z,3,,11030f12ada641bbbecf775caee1f452
spotify:track:2VeR22PlXdnn7F9VhxUTSR,71c8417802d241c6b2c478d5a45128b3,2026-05-14T17:31:59Z,5,"Back in my day princess Nokia was a rapper, loving this cunty era ",11030f12ada641bbbecf775caee1f452
spotify:track:3kSuigMCaMtyHXcMs1vbg8,71c8417802d241c6b2c478d5a45128b3,2026-05-14T17:31:59Z,0,Luke Inkster is that you? ,11030f12ada641bbbecf775caee1f452
spotify:track:3McBKxKZLXbE4czUezk5QG,71c8417802d241c6b2c478d5a45128b3,2026-05-14T17:31:59Z,1,"Oh, Kevin? ",11030f12ada641bbbecf775caee1f452
spotify:track:75GyGLjB9yFLTVltUlDVKI,71c8417802d241c6b2c478d5a45128b3,2026-05-14T17:31:59Z,0,Bit too stomp clap for me,11030f12ada641bbbecf775caee1f452
spotify:track:7LCpo05WGuGEOg3vrAmJeG,71c8417802d241c6b2c478d5a45128b3,2026-05-14T17:31:59Z,1,Got your missus on me chopper revving like a Harley fucks sake hahaha,11030f12ada641bbbecf775caee1f452
spotify:track:7nkLDSU4GMdjwIaiX23tID,71c8417802d241c6b2c478d5a45128b3,2026-05-14T17:31:59Z,5,Can't go wrong with the Scratch ,11030f12ada641bbbecf775caee1f452
spotify:track:0ADXYdnGtoEcUodPirMYXZ,3828fb97e38e4bfdac4343c43216a492,2026-05-15T07:19:32Z,8,This was super boppy  - really liked it ,11030f12ada641bbbecf775caee1f452
spotify:track:0C0kbvI8BJEWejMb3b2d4t,3828fb97e38e4bfdac4343c43216a492,2026-05-15T07:19:32Z,4,Feels like TK? Only person I've heard mention purple disco machine in my past ,11030f12ada641bbbecf775caee1f452
spotify:track:0rLtUuQgwIlw6vv2eqHKdt,3828fb97e38e4bfdac4343c43216a492,2026-05-15T07:19:32Z,4,,11030f12ada641bbbecf775caee1f452
spotify:track:1KVkzkmFBx4A8bCma6ruKA,3828fb97e38e4bfdac4343c43216a492,2026-05-15T07:19:32Z,5,"This really grows on ya, at the start I was thinking what the hell is going on, but grooving by the end",11030f12ada641bbbecf775caee1f452
spotify:track:213XNePBS3v9QW0lnPUXmZ,3828fb97e38e4bfdac4343c43216a492,2026-05-15T07:19:32Z,4,"I'm going to guess this is Ellens pick, on the basis that it kind of sounds like Ellen",11030f12ada641bbbecf775caee1f452
spotify:track:2cmtyqW7yIflk6OEQDH2G6,3828fb97e38e4bfdac4343c43216a492,2026-05-15T07:19:32Z,2,,11030f12ada641bbbecf775caee1f452
spotify:track:2F6ie4adRPCCQquwR03nui,3828fb97e38e4bfdac4343c43216a492,2026-05-15T07:19:32Z,2,,11030f12ada641bbbecf775caee1f452
spotify:track:3kSuigMCaMtyHXcMs1vbg8,3828fb97e38e4bfdac4343c43216a492,2026-05-15T07:19:32Z,1,,11030f12ada641bbbecf775caee1f452
spotify:track:3McBKxKZLXbE4czUezk5QG,3828fb97e38e4bfdac4343c43216a492,2026-05-15T07:19:32Z,4,,11030f12ada641bbbecf775caee1f452
spotify:track:75GyGLjB9yFLTVltUlDVKI,3828fb97e38e4bfdac4343c43216a492,2026-05-15T07:19:32Z,2,,11030f12ada641bbbecf775caee1f452
spotify:track:0ADXYdnGtoEcUodPirMYXZ,78d12b4b50924b6e83f2a060a150a8e8,2026-05-15T07:52:22Z,4,,11030f12ada641bbbecf775caee1f452
spotify:track:0C0kbvI8BJEWejMb3b2d4t,78d12b4b50924b6e83f2a060a150a8e8,2026-05-15T07:52:22Z,4,,11030f12ada641bbbecf775caee1f452
spotify:track:0rLtUuQgwIlw6vv2eqHKdt,78d12b4b50924b6e83f2a060a150a8e8,2026-05-15T07:52:22Z,4,,11030f12ada641bbbecf775caee1f452
spotify:track:1HpOpFbCT9z6FyXdyPPeHX,78d12b4b50924b6e83f2a060a150a8e8,2026-05-15T07:52:22Z,2,,11030f12ada641bbbecf775caee1f452
spotify:track:1KVkzkmFBx4A8bCma6ruKA,78d12b4b50924b6e83f2a060a150a8e8,2026-05-15T07:52:22Z,4,,11030f12ada641bbbecf775caee1f452
spotify:track:213XNePBS3v9QW0lnPUXmZ,78d12b4b50924b6e83f2a060a150a8e8,2026-05-15T07:52:22Z,1,,11030f12ada641bbbecf775caee1f452
spotify:track:2cmtyqW7yIflk6OEQDH2G6,78d12b4b50924b6e83f2a060a150a8e8,2026-05-15T07:52:22Z,2,,11030f12ada641bbbecf775caee1f452
spotify:track:2F6ie4adRPCCQquwR03nui,78d12b4b50924b6e83f2a060a150a8e8,2026-05-15T07:52:22Z,4,,11030f12ada641bbbecf775caee1f452
spotify:track:2VeR22PlXdnn7F9VhxUTSR,78d12b4b50924b6e83f2a060a150a8e8,2026-05-15T07:52:22Z,3,,11030f12ada641bbbecf775caee1f452
spotify:track:3McBKxKZLXbE4czUezk5QG,78d12b4b50924b6e83f2a060a150a8e8,2026-05-15T07:52:22Z,2,,11030f12ada641bbbecf775caee1f452
spotify:track:75GyGLjB9yFLTVltUlDVKI,78d12b4b50924b6e83f2a060a150a8e8,2026-05-15T07:52:22Z,2,,11030f12ada641bbbecf775caee1f452
spotify:track:7nkLDSU4GMdjwIaiX23tID,78d12b4b50924b6e83f2a060a150a8e8,2026-05-15T07:52:22Z,4,,11030f12ada641bbbecf775caee1f452
spotify:track:0ADXYdnGtoEcUodPirMYXZ,d007026516024c34981c654238511be8,2026-05-15T13:49:26Z,7,I am🙋🏻‍♂️,11030f12ada641bbbecf775caee1f452
spotify:track:0rLtUuQgwIlw6vv2eqHKdt,d007026516024c34981c654238511be8,2026-05-15T13:49:26Z,2,Bit too heavy for the summer,11030f12ada641bbbecf775caee1f452
spotify:track:1HpOpFbCT9z6FyXdyPPeHX,d007026516024c34981c654238511be8,2026-05-15T13:49:26Z,6,I shall use this on my story no doubt,11030f12ada641bbbecf775caee1f452
spotify:track:1KVkzkmFBx4A8bCma6ruKA,d007026516024c34981c654238511be8,2026-05-15T13:49:26Z,4,Funk,11030f12ada641bbbecf775caee1f452
spotify:track:213XNePBS3v9QW0lnPUXmZ,d007026516024c34981c654238511be8,2026-05-15T13:49:26Z,4,This was great ,11030f12ada641bbbecf775caee1f452
spotify:track:2cmtyqW7yIflk6OEQDH2G6,d007026516024c34981c654238511be8,2026-05-15T13:49:26Z,2,Other new Fred & Kettama’s do more for me,11030f12ada641bbbecf775caee1f452
spotify:track:2F6ie4adRPCCQquwR03nui,d007026516024c34981c654238511be8,2026-05-15T13:49:26Z,2,But no one will come to the Cause with me :(  Sat 6th June xxx,11030f12ada641bbbecf775caee1f452
spotify:track:2VeR22PlXdnn7F9VhxUTSR,d007026516024c34981c654238511be8,2026-05-15T13:49:26Z,3,Prefer this cunty song than the other one,11030f12ada641bbbecf775caee1f452
spotify:track:3kSuigMCaMtyHXcMs1vbg8,d007026516024c34981c654238511be8,2026-05-15T13:49:26Z,0,Sorry this isn’t recent :( But it is a banger,11030f12ada641bbbecf775caee1f452
spotify:track:3McBKxKZLXbE4czUezk5QG,d007026516024c34981c654238511be8,2026-05-15T13:49:26Z,4,Sad that I didn’t get a tame impala ticket for recent shows :(,11030f12ada641bbbecf775caee1f452
spotify:track:75GyGLjB9yFLTVltUlDVKI,d007026516024c34981c654238511be8,2026-05-15T13:49:26Z,0,Bit boring ,11030f12ada641bbbecf775caee1f452
spotify:track:7LCpo05WGuGEOg3vrAmJeG,d007026516024c34981c654238511be8,2026-05-15T13:49:26Z,1,Diz drifter can only have so much mileage,11030f12ada641bbbecf775caee1f452
spotify:track:7nkLDSU4GMdjwIaiX23tID,d007026516024c34981c654238511be8,2026-05-15T13:49:26Z,1,,11030f12ada641bbbecf775caee1f452
spotify:track:0ADXYdnGtoEcUodPirMYXZ,2fc9c6b8f92145d697caadac61426533,2026-05-16T18:03:40Z,5,Mind enterprises are great,11030f12ada641bbbecf775caee1f452
spotify:track:0C0kbvI8BJEWejMb3b2d4t,2fc9c6b8f92145d697caadac61426533,2026-05-16T18:03:40Z,5,,11030f12ada641bbbecf775caee1f452
spotify:track:1HpOpFbCT9z6FyXdyPPeHX,2fc9c6b8f92145d697caadac61426533,2026-05-16T18:03:40Z,3,,11030f12ada641bbbecf775caee1f452
spotify:track:213XNePBS3v9QW0lnPUXmZ,2fc9c6b8f92145d697caadac61426533,2026-05-16T18:03:40Z,2,,11030f12ada641bbbecf775caee1f452
spotify:track:2cmtyqW7yIflk6OEQDH2G6,2fc9c6b8f92145d697caadac61426533,2026-05-16T18:03:40Z,6,,11030f12ada641bbbecf775caee1f452
spotify:track:2F6ie4adRPCCQquwR03nui,2fc9c6b8f92145d697caadac61426533,2026-05-16T18:03:40Z,5,,11030f12ada641bbbecf775caee1f452
spotify:track:2VeR22PlXdnn7F9VhxUTSR,2fc9c6b8f92145d697caadac61426533,2026-05-16T18:03:40Z,4,,11030f12ada641bbbecf775caee1f452
spotify:track:3McBKxKZLXbE4czUezk5QG,2fc9c6b8f92145d697caadac61426533,2026-05-16T18:03:40Z,2,,11030f12ada641bbbecf775caee1f452
spotify:track:7LCpo05WGuGEOg3vrAmJeG,2fc9c6b8f92145d697caadac61426533,2026-05-16T18:03:40Z,3,As a new kimmage resident this is my tune ,11030f12ada641bbbecf775caee1f452
spotify:track:7nkLDSU4GMdjwIaiX23tID,2fc9c6b8f92145d697caadac61426533,2026-05-16T18:03:40Z,1,,11030f12ada641bbbecf775caee1f452
spotify:track:0C0kbvI8BJEWejMb3b2d4t,acce4ec537804cfc8a1c34efb041aa52,2026-05-17T08:44:50Z,7,,11030f12ada641bbbecf775caee1f452
spotify:track:0rLtUuQgwIlw6vv2eqHKdt,acce4ec537804cfc8a1c34efb041aa52,2026-05-17T08:44:50Z,4,,11030f12ada641bbbecf775caee1f452
spotify:track:1HpOpFbCT9z6FyXdyPPeHX,acce4ec537804cfc8a1c34efb041aa52,2026-05-17T08:44:50Z,5,,11030f12ada641bbbecf775caee1f452
spotify:track:2cmtyqW7yIflk6OEQDH2G6,acce4ec537804cfc8a1c34efb041aa52,2026-05-17T08:44:50Z,8,,11030f12ada641bbbecf775caee1f452
spotify:track:2F6ie4adRPCCQquwR03nui,acce4ec537804cfc8a1c34efb041aa52,2026-05-17T08:44:50Z,8,,11030f12ada641bbbecf775caee1f452
spotify:track:2VeR22PlXdnn7F9VhxUTSR,acce4ec537804cfc8a1c34efb041aa52,2026-05-17T08:44:50Z,4,,11030f12ada641bbbecf775caee1f452
spotify:track:0ADXYdnGtoEcUodPirMYXZ,a8e4878c0eef4cf2b98d20b54391601d,2026-05-17T14:44:14Z,3,"The more and more I listened, the more more I like ",11030f12ada641bbbecf775caee1f452
spotify:track:0C0kbvI8BJEWejMb3b2d4t,a8e4878c0eef4cf2b98d20b54391601d,2026-05-17T14:44:14Z,3,,11030f12ada641bbbecf775caee1f452
spotify:track:1HpOpFbCT9z6FyXdyPPeHX,a8e4878c0eef4cf2b98d20b54391601d,2026-05-17T14:44:14Z,3,,11030f12ada641bbbecf775caee1f452
spotify:track:1KVkzkmFBx4A8bCma6ruKA,a8e4878c0eef4cf2b98d20b54391601d,2026-05-17T14:44:14Z,2,,11030f12ada641bbbecf775caee1f452
spotify:track:213XNePBS3v9QW0lnPUXmZ,a8e4878c0eef4cf2b98d20b54391601d,2026-05-17T14:44:14Z,6,Love itttt thank you,11030f12ada641bbbecf775caee1f452
spotify:track:2cmtyqW7yIflk6OEQDH2G6,a8e4878c0eef4cf2b98d20b54391601d,2026-05-17T14:44:14Z,2,,11030f12ada641bbbecf775caee1f452
spotify:track:2F6ie4adRPCCQquwR03nui,a8e4878c0eef4cf2b98d20b54391601d,2026-05-17T14:44:14Z,3,,11030f12ada641bbbecf775caee1f452
spotify:track:2VeR22PlXdnn7F9VhxUTSR,a8e4878c0eef4cf2b98d20b54391601d,2026-05-17T14:44:14Z,6,Ugh yeees,11030f12ada641bbbecf775caee1f452
spotify:track:3kSuigMCaMtyHXcMs1vbg8,a8e4878c0eef4cf2b98d20b54391601d,2026-05-17T14:44:14Z,1,,11030f12ada641bbbecf775caee1f452
spotify:track:3McBKxKZLXbE4czUezk5QG,a8e4878c0eef4cf2b98d20b54391601d,2026-05-17T14:44:14Z,2,,11030f12ada641bbbecf775caee1f452
spotify:track:75GyGLjB9yFLTVltUlDVKI,a8e4878c0eef4cf2b98d20b54391601d,2026-05-17T14:44:14Z,2,,11030f12ada641bbbecf775caee1f452
spotify:track:7LCpo05WGuGEOg3vrAmJeG,a8e4878c0eef4cf2b98d20b54391601d,2026-05-17T14:44:14Z,2,,11030f12ada641bbbecf775caee1f452
spotify:track:7nkLDSU4GMdjwIaiX23tID,a8e4878c0eef4cf2b98d20b54391601d,2026-05-17T14:44:14Z,1,,11030f12ada641bbbecf775caee1f452
spotify:track:0ADXYdnGtoEcUodPirMYXZ,0034474c5f804b6e99a366f09da69b35,2026-05-17T16:04:13Z,4,I liked this but giving less as it feels too much of a rip off of some 80s stuff,11030f12ada641bbbecf775caee1f452
spotify:track:0C0kbvI8BJEWejMb3b2d4t,0034474c5f804b6e99a366f09da69b35,2026-05-17T16:04:13Z,2,Yeah a bit too much like that daft punk song ,11030f12ada641bbbecf775caee1f452
spotify:track:0rLtUuQgwIlw6vv2eqHKdt,0034474c5f804b6e99a366f09da69b35,2026-05-17T16:04:13Z,3,,11030f12ada641bbbecf775caee1f452
spotify:track:1HpOpFbCT9z6FyXdyPPeHX,0034474c5f804b6e99a366f09da69b35,2026-05-17T16:04:13Z,2,,11030f12ada641bbbecf775caee1f452
spotify:track:1KVkzkmFBx4A8bCma6ruKA,0034474c5f804b6e99a366f09da69b35,2026-05-17T16:04:13Z,4,I like this. Very Aryan energy. Though the ending was quite repetitive ,11030f12ada641bbbecf775caee1f452
spotify:track:213XNePBS3v9QW0lnPUXmZ,0034474c5f804b6e99a366f09da69b35,2026-05-17T16:04:13Z,4,"Yeah pretty chill and very synthy, sure throw a bit more reverb on there and you'll be a staaaaar. ",11030f12ada641bbbecf775caee1f452
spotify:track:2cmtyqW7yIflk6OEQDH2G6,0034474c5f804b6e99a366f09da69b35,2026-05-17T16:04:13Z,2,I know it's a remix but the whole Fred again formula has got old for me at this stage. But I guess yup Galway? ,11030f12ada641bbbecf775caee1f452
spotify:track:2F6ie4adRPCCQquwR03nui,0034474c5f804b6e99a366f09da69b35,2026-05-17T16:04:13Z,2,Feels like a good vibe if there was some 2cb or yokes on the menu but I don't see myself listening to this all summer apart from that ,11030f12ada641bbbecf775caee1f452
spotify:track:2VeR22PlXdnn7F9VhxUTSR,0034474c5f804b6e99a366f09da69b35,2026-05-17T16:04:13Z,4,Is this just kinda copying Charlie Xcx iduno that's just a simple man's view who doesn't watch the internet. More enjoyable than most here tbf,11030f12ada641bbbecf775caee1f452
spotify:track:3kSuigMCaMtyHXcMs1vbg8,0034474c5f804b6e99a366f09da69b35,2026-05-17T16:04:13Z,3,Recent release bro but this fucking slapped when we saw him at glasto,11030f12ada641bbbecf775caee1f452
spotify:track:75GyGLjB9yFLTVltUlDVKI,0034474c5f804b6e99a366f09da69b35,2026-05-17T16:04:13Z,2,This does have kinda one of those classic vibes about it but it's a bit folky for me to be a tier 1 song ,11030f12ada641bbbecf775caee1f452
spotify:track:7LCpo05WGuGEOg3vrAmJeG,0034474c5f804b6e99a366f09da69b35,2026-05-17T16:04:13Z,0,TK all over this. D12 drifer,11030f12ada641bbbecf775caee1f452
spotify:track:7nkLDSU4GMdjwIaiX23tID,0034474c5f804b6e99a366f09da69b35,2026-05-17T16:04:13Z,4,,11030f12ada641bbbecf775caee1f452
spotify:track:0ADXYdnGtoEcUodPirMYXZ,1d843b6c8a8946b9bda7ad95b6ccc195,2026-05-17T16:21:40Z,4,Fun,11030f12ada641bbbecf775caee1f452
spotify:track:0C0kbvI8BJEWejMb3b2d4t,1d843b6c8a8946b9bda7ad95b6ccc195,2026-05-17T16:21:40Z,0,Not super summery to me :/,11030f12ada641bbbecf775caee1f452
spotify:track:0rLtUuQgwIlw6vv2eqHKdt,1d843b6c8a8946b9bda7ad95b6ccc195,2026-05-17T16:21:40Z,2,,11030f12ada641bbbecf775caee1f452
spotify:track:1HpOpFbCT9z6FyXdyPPeHX,1d843b6c8a8946b9bda7ad95b6ccc195,2026-05-17T16:21:40Z,2,,11030f12ada641bbbecf775caee1f452
spotify:track:1KVkzkmFBx4A8bCma6ruKA,1d843b6c8a8946b9bda7ad95b6ccc195,2026-05-17T16:21:40Z,0,It's interesting but I can't imagine summer scenario I'm which I would need this ,11030f12ada641bbbecf775caee1f452
spotify:track:2cmtyqW7yIflk6OEQDH2G6,1d843b6c8a8946b9bda7ad95b6ccc195,2026-05-17T16:21:40Z,1,Sorry just not really my summer vision,11030f12ada641bbbecf775caee1f452
spotify:track:2F6ie4adRPCCQquwR03nui,1d843b6c8a8946b9bda7ad95b6ccc195,2026-05-17T16:21:40Z,1,,11030f12ada641bbbecf775caee1f452
spotify:track:2VeR22PlXdnn7F9VhxUTSR,1d843b6c8a8946b9bda7ad95b6ccc195,2026-05-17T16:21:40Z,6,She really is that bitch,11030f12ada641bbbecf775caee1f452
spotify:track:3kSuigMCaMtyHXcMs1vbg8,1d843b6c8a8946b9bda7ad95b6ccc195,2026-05-17T16:21:40Z,0,Ah cmon,11030f12ada641bbbecf775caee1f452
spotify:track:3McBKxKZLXbE4czUezk5QG,1d843b6c8a8946b9bda7ad95b6ccc195,2026-05-17T16:21:40Z,6,"This is a cool sound, makes me feel like summer in Skins",11030f12ada641bbbecf775caee1f452
spotify:track:75GyGLjB9yFLTVltUlDVKI,1d843b6c8a8946b9bda7ad95b6ccc195,2026-05-17T16:21:40Z,5,Happy,11030f12ada641bbbecf775caee1f452
spotify:track:7LCpo05WGuGEOg3vrAmJeG,1d843b6c8a8946b9bda7ad95b6ccc195,2026-05-17T16:21:40Z,4,This was fun to listen to,11030f12ada641bbbecf775caee1f452
spotify:track:7nkLDSU4GMdjwIaiX23tID,1d843b6c8a8946b9bda7ad95b6ccc195,2026-05-17T16:21:40Z,5,,11030f12ada641bbbecf775caee1f452
spotify:track:30PCVpTUwLIIduco6aeVcd,0034474c5f804b6e99a366f09da69b35,2026-05-19T18:28:49Z,2,Nice vibe but didn't make me feel like the city is mine,054475de244541c5b926d9b9937189a2
spotify:track:436ZTlgGj7Sbr0YwOLxvRy,0034474c5f804b6e99a366f09da69b35,2026-05-19T18:28:49Z,2,,054475de244541c5b926d9b9937189a2
spotify:track:4WEaJQLlhlkOU7YJDLhn7x,0034474c5f804b6e99a366f09da69b35,2026-05-19T18:28:49Z,2,,054475de244541c5b926d9b9937189a2
spotify:track:56lhDZNQ5J47aog6mGKeGk,0034474c5f804b6e99a366f09da69b35,2026-05-19T18:28:49Z,4,,054475de244541c5b926d9b9937189a2
spotify:track:1t67WYNfUxfOiwaz7SJ66b,0034474c5f804b6e99a366f09da69b35,2026-05-19T18:28:49Z,2,This monkeys vibe just isn't for me soz,054475de244541c5b926d9b9937189a2
spotify:track:5CQ8kbCeDFZmASjXzp2I6b,0034474c5f804b6e99a366f09da69b35,2026-05-19T18:28:49Z,6,,054475de244541c5b926d9b9937189a2
spotify:track:5jZoYp0P8ML7AxkS3tQz3j,0034474c5f804b6e99a366f09da69b35,2026-05-19T18:28:49Z,5,"Defo leans sad for me and maybe not what would make me feel like the city is mine, but Its a gr8 song and coincidentally I was fucking around on the guitar yesterday trying to find a nice chord progression for a song and played the one for this and had a nice sign along and god I'm rambling but I do like the song ",054475de244541c5b926d9b9937189a2
spotify:track:6ggJRSf6O9tVp2tRgzhQcL,0034474c5f804b6e99a366f09da69b35,2026-05-19T18:28:49Z,4,,054475de244541c5b926d9b9937189a2
spotify:track:6GyFP1nfCDB8lbD2bG0Hq9,0034474c5f804b6e99a366f09da69b35,2026-05-19T18:28:49Z,6,,054475de244541c5b926d9b9937189a2
spotify:track:6ie2Bw3xLj2JcGowOlcMhb,0034474c5f804b6e99a366f09da69b35,2026-05-19T18:28:49Z,3,,054475de244541c5b926d9b9937189a2
spotify:track:1t67WYNfUxfOiwaz7SJ66b,71c8417802d241c6b2c478d5a45128b3,2026-05-19T23:39:20Z,0,Really did not enjoy this direction that arctic monkeys went in 🤷‍♂️ ,054475de244541c5b926d9b9937189a2
spotify:track:30PCVpTUwLIIduco6aeVcd,71c8417802d241c6b2c478d5a45128b3,2026-05-19T23:39:20Z,3,Good vibes here ,054475de244541c5b926d9b9937189a2
spotify:track:436ZTlgGj7Sbr0YwOLxvRy,71c8417802d241c6b2c478d5a45128b3,2026-05-19T23:39:20Z,0,Not my cup of tea ,054475de244541c5b926d9b9937189a2
spotify:track:4QyTAToGczngpDZBhlU7AJ,71c8417802d241c6b2c478d5a45128b3,2026-05-19T23:39:20Z,1,Also not really my cup of tea ,054475de244541c5b926d9b9937189a2
spotify:track:4WEaJQLlhlkOU7YJDLhn7x,71c8417802d241c6b2c478d5a45128b3,2026-05-19T23:39:20Z,3,Never heard this before but I enjoyed ,054475de244541c5b926d9b9937189a2
spotify:track:56lhDZNQ5J47aog6mGKeGk,71c8417802d241c6b2c478d5a45128b3,2026-05-19T23:39:20Z,5,You know what Bruce? We were born to run ,054475de244541c5b926d9b9937189a2
spotify:track:5CQ8kbCeDFZmASjXzp2I6b,71c8417802d241c6b2c478d5a45128b3,2026-05-19T23:39:20Z,7,Biiiiig main character energy here ,054475de244541c5b926d9b9937189a2
spotify:track:5jZoYp0P8ML7AxkS3tQz3j,71c8417802d241c6b2c478d5a45128b3,2026-05-19T23:39:20Z,3,Sadder than I'd have wanted for a main character vibe but this slaps ,054475de244541c5b926d9b9937189a2
spotify:track:6GyFP1nfCDB8lbD2bG0Hq9,71c8417802d241c6b2c478d5a45128b3,2026-05-19T23:39:20Z,7,"Was tempted to submit M83, glad someone did",054475de244541c5b926d9b9937189a2
spotify:track:6ie2Bw3xLj2JcGowOlcMhb,71c8417802d241c6b2c478d5a45128b3,2026-05-19T23:39:20Z,7,"Lorde is perfect main character music, also where my New Girls fans at?? ",054475de244541c5b926d9b9937189a2
spotify:track:1t67WYNfUxfOiwaz7SJ66b,a3ae0c49642a47d48c37d7c01c632225,2026-05-20T09:00:59Z,2,dark and mysterious ,054475de244541c5b926d9b9937189a2
spotify:track:436ZTlgGj7Sbr0YwOLxvRy,a3ae0c49642a47d48c37d7c01c632225,2026-05-20T09:00:59Z,1,This feels like walking through sludge ,054475de244541c5b926d9b9937189a2
spotify:track:4QyTAToGczngpDZBhlU7AJ,a3ae0c49642a47d48c37d7c01c632225,2026-05-20T09:00:59Z,3,,054475de244541c5b926d9b9937189a2
spotify:track:4WEaJQLlhlkOU7YJDLhn7x,a3ae0c49642a47d48c37d7c01c632225,2026-05-20T09:00:59Z,2,,054475de244541c5b926d9b9937189a2
spotify:track:56lhDZNQ5J47aog6mGKeGk,a3ae0c49642a47d48c37d7c01c632225,2026-05-20T09:00:59Z,5,,054475de244541c5b926d9b9937189a2
spotify:track:5jZoYp0P8ML7AxkS3tQz3j,a3ae0c49642a47d48c37d7c01c632225,2026-05-20T09:00:59Z,8,,054475de244541c5b926d9b9937189a2
spotify:track:6ggJRSf6O9tVp2tRgzhQcL,a3ae0c49642a47d48c37d7c01c632225,2026-05-20T09:00:59Z,7,,054475de244541c5b926d9b9937189a2
spotify:track:6GyFP1nfCDB8lbD2bG0Hq9,a3ae0c49642a47d48c37d7c01c632225,2026-05-20T09:00:59Z,5,☝️🙂‍↕️,054475de244541c5b926d9b9937189a2
spotify:track:6ie2Bw3xLj2JcGowOlcMhb,a3ae0c49642a47d48c37d7c01c632225,2026-05-20T09:00:59Z,3,,054475de244541c5b926d9b9937189a2
spotify:track:1t67WYNfUxfOiwaz7SJ66b,96d515a50352471caca66cdd7e710407,2026-05-20T14:13:02Z,5,,054475de244541c5b926d9b9937189a2
spotify:track:30PCVpTUwLIIduco6aeVcd,96d515a50352471caca66cdd7e710407,2026-05-20T14:13:02Z,6,Fuckin love hudson mohawke,054475de244541c5b926d9b9937189a2
spotify:track:436ZTlgGj7Sbr0YwOLxvRy,96d515a50352471caca66cdd7e710407,2026-05-20T14:13:02Z,1,,054475de244541c5b926d9b9937189a2
spotify:track:4QyTAToGczngpDZBhlU7AJ,96d515a50352471caca66cdd7e710407,2026-05-20T14:13:02Z,1,,054475de244541c5b926d9b9937189a2
spotify:track:56lhDZNQ5J47aog6mGKeGk,96d515a50352471caca66cdd7e710407,2026-05-20T14:13:02Z,4,This surprised me,054475de244541c5b926d9b9937189a2
spotify:track:5CQ8kbCeDFZmASjXzp2I6b,96d515a50352471caca66cdd7e710407,2026-05-20T14:13:02Z,2,,054475de244541c5b926d9b9937189a2
spotify:track:5jZoYp0P8ML7AxkS3tQz3j,96d515a50352471caca66cdd7e710407,2026-05-20T14:13:02Z,8,Unreal. Loved this,054475de244541c5b926d9b9937189a2
spotify:track:6ggJRSf6O9tVp2tRgzhQcL,96d515a50352471caca66cdd7e710407,2026-05-20T14:13:02Z,7,Class,054475de244541c5b926d9b9937189a2
spotify:track:6GyFP1nfCDB8lbD2bG0Hq9,96d515a50352471caca66cdd7e710407,2026-05-20T14:13:02Z,1,,054475de244541c5b926d9b9937189a2
spotify:track:6ie2Bw3xLj2JcGowOlcMhb,96d515a50352471caca66cdd7e710407,2026-05-20T14:13:02Z,1,,054475de244541c5b926d9b9937189a2
spotify:track:1t67WYNfUxfOiwaz7SJ66b,e4fc2f3089594796b99dca4ab07f7d41,2026-05-20T15:49:08Z,1,,054475de244541c5b926d9b9937189a2
spotify:track:30PCVpTUwLIIduco6aeVcd,e4fc2f3089594796b99dca4ab07f7d41,2026-05-20T15:49:08Z,8,FANTASTIC choice for this theme added to my liked songs very quickly ,054475de244541c5b926d9b9937189a2
spotify:track:436ZTlgGj7Sbr0YwOLxvRy,e4fc2f3089594796b99dca4ab07f7d41,2026-05-20T15:49:08Z,4,The start is very cute Stardew Valley vibe I like it :) ,054475de244541c5b926d9b9937189a2
spotify:track:4QyTAToGczngpDZBhlU7AJ,e4fc2f3089594796b99dca4ab07f7d41,2026-05-20T15:49:08Z,0,Didn’t do it for me sorryyy,054475de244541c5b926d9b9937189a2
spotify:track:4WEaJQLlhlkOU7YJDLhn7x,e4fc2f3089594796b99dca4ab07f7d41,2026-05-20T15:49:08Z,5,Great choice I can picture it so well,054475de244541c5b926d9b9937189a2
spotify:track:56lhDZNQ5J47aog6mGKeGk,e4fc2f3089594796b99dca4ab07f7d41,2026-05-20T15:49:08Z,3,Love,054475de244541c5b926d9b9937189a2
spotify:track:5CQ8kbCeDFZmASjXzp2I6b,e4fc2f3089594796b99dca4ab07f7d41,2026-05-20T15:49:08Z,0,Not my vibe unforch :(,054475de244541c5b926d9b9937189a2
spotify:track:5jZoYp0P8ML7AxkS3tQz3j,e4fc2f3089594796b99dca4ab07f7d41,2026-05-20T15:49:08Z,6,Super “contemplating life” song ,054475de244541c5b926d9b9937189a2
spotify:track:6ggJRSf6O9tVp2tRgzhQcL,e4fc2f3089594796b99dca4ab07f7d41,2026-05-20T15:49:08Z,7,Beep boop beep I like it 🪩,054475de244541c5b926d9b9937189a2
spotify:track:6GyFP1nfCDB8lbD2bG0Hq9,e4fc2f3089594796b99dca4ab07f7d41,2026-05-20T15:49:08Z,2,Classic,054475de244541c5b926d9b9937189a2
spotify:track:4WEaJQLlhlkOU7YJDLhn7x,d007026516024c34981c654238511be8,2026-05-20T15:55:31Z,2,Didn’t do it for me sorry,054475de244541c5b926d9b9937189a2
spotify:track:1t67WYNfUxfOiwaz7SJ66b,d007026516024c34981c654238511be8,2026-05-20T15:55:31Z,2,,054475de244541c5b926d9b9937189a2
spotify:track:30PCVpTUwLIIduco6aeVcd,d007026516024c34981c654238511be8,2026-05-20T15:55:31Z,8,,054475de244541c5b926d9b9937189a2
spotify:track:436ZTlgGj7Sbr0YwOLxvRy,d007026516024c34981c654238511be8,2026-05-20T15:55:31Z,2,Didn’t quite hit the mark for me but it had promise,054475de244541c5b926d9b9937189a2
spotify:track:4QyTAToGczngpDZBhlU7AJ,d007026516024c34981c654238511be8,2026-05-20T15:55:31Z,0,Wouldn’t like this at all at 2am :///,054475de244541c5b926d9b9937189a2
spotify:track:5jZoYp0P8ML7AxkS3tQz3j,d007026516024c34981c654238511be8,2026-05-20T15:55:31Z,3,,054475de244541c5b926d9b9937189a2
spotify:track:6ggJRSf6O9tVp2tRgzhQcL,d007026516024c34981c654238511be8,2026-05-20T15:55:31Z,8,Ding ding ding,054475de244541c5b926d9b9937189a2
spotify:track:6GyFP1nfCDB8lbD2bG0Hq9,d007026516024c34981c654238511be8,2026-05-20T15:55:31Z,7,Ah classic that always slaps,054475de244541c5b926d9b9937189a2
spotify:track:6ie2Bw3xLj2JcGowOlcMhb,d007026516024c34981c654238511be8,2026-05-20T15:55:31Z,4,Gatsby would’ve loved this song,054475de244541c5b926d9b9937189a2
spotify:track:1t67WYNfUxfOiwaz7SJ66b,3828fb97e38e4bfdac4343c43216a492,2026-05-20T17:30:00Z,1,,054475de244541c5b926d9b9937189a2
spotify:track:30PCVpTUwLIIduco6aeVcd,3828fb97e38e4bfdac4343c43216a492,2026-05-20T17:30:00Z,6,,054475de244541c5b926d9b9937189a2
spotify:track:4QyTAToGczngpDZBhlU7AJ,3828fb97e38e4bfdac4343c43216a492,2026-05-20T17:30:00Z,1,,054475de244541c5b926d9b9937189a2
spotify:track:4WEaJQLlhlkOU7YJDLhn7x,3828fb97e38e4bfdac4343c43216a492,2026-05-20T17:30:00Z,7,"What a bop, great pick",054475de244541c5b926d9b9937189a2
spotify:track:56lhDZNQ5J47aog6mGKeGk,3828fb97e38e4bfdac4343c43216a492,2026-05-20T17:30:00Z,3,,054475de244541c5b926d9b9937189a2
spotify:track:5CQ8kbCeDFZmASjXzp2I6b,3828fb97e38e4bfdac4343c43216a492,2026-05-20T17:30:00Z,1,Very heavy for my late night feels ,054475de244541c5b926d9b9937189a2
spotify:track:5jZoYp0P8ML7AxkS3tQz3j,3828fb97e38e4bfdac4343c43216a492,2026-05-20T17:30:00Z,3,,054475de244541c5b926d9b9937189a2
spotify:track:6ggJRSf6O9tVp2tRgzhQcL,3828fb97e38e4bfdac4343c43216a492,2026-05-20T17:30:00Z,7,"This fit the theme so well for me, top pick",054475de244541c5b926d9b9937189a2
spotify:track:6GyFP1nfCDB8lbD2bG0Hq9,3828fb97e38e4bfdac4343c43216a492,2026-05-20T17:30:00Z,4,,054475de244541c5b926d9b9937189a2
spotify:track:6ie2Bw3xLj2JcGowOlcMhb,3828fb97e38e4bfdac4343c43216a492,2026-05-20T17:30:00Z,3,"This reminds me of New Girl when Jess and Nick get together - not at all relevant, just thought id share that piece of info ",054475de244541c5b926d9b9937189a2
spotify:track:30PCVpTUwLIIduco6aeVcd,a8e4878c0eef4cf2b98d20b54391601d,2026-05-20T20:44:11Z,7,Looove,054475de244541c5b926d9b9937189a2
spotify:track:436ZTlgGj7Sbr0YwOLxvRy,a8e4878c0eef4cf2b98d20b54391601d,2026-05-20T20:44:11Z,6,So nice so very nice,054475de244541c5b926d9b9937189a2
spotify:track:4QyTAToGczngpDZBhlU7AJ,a8e4878c0eef4cf2b98d20b54391601d,2026-05-20T20:44:11Z,2,,054475de244541c5b926d9b9937189a2
spotify:track:4WEaJQLlhlkOU7YJDLhn7x,a8e4878c0eef4cf2b98d20b54391601d,2026-05-20T20:44:11Z,1,,054475de244541c5b926d9b9937189a2
spotify:track:5CQ8kbCeDFZmASjXzp2I6b,a8e4878c0eef4cf2b98d20b54391601d,2026-05-20T20:44:11Z,4,,054475de244541c5b926d9b9937189a2
spotify:track:5jZoYp0P8ML7AxkS3tQz3j,a8e4878c0eef4cf2b98d20b54391601d,2026-05-20T20:44:11Z,4,,054475de244541c5b926d9b9937189a2
spotify:track:6ggJRSf6O9tVp2tRgzhQcL,a8e4878c0eef4cf2b98d20b54391601d,2026-05-20T20:44:11Z,8,J’adooore,054475de244541c5b926d9b9937189a2
spotify:track:6ie2Bw3xLj2JcGowOlcMhb,a8e4878c0eef4cf2b98d20b54391601d,2026-05-20T20:44:11Z,4,,054475de244541c5b926d9b9937189a2
spotify:track:1t67WYNfUxfOiwaz7SJ66b,1d843b6c8a8946b9bda7ad95b6ccc195,2026-05-22T15:06:58Z,4,"An unexpected vibe, makes me feel like I live in NYC",054475de244541c5b926d9b9937189a2
spotify:track:30PCVpTUwLIIduco6aeVcd,1d843b6c8a8946b9bda7ad95b6ccc195,2026-05-22T15:06:58Z,4,Think I'd love this more in the club than after!,054475de244541c5b926d9b9937189a2
spotify:track:436ZTlgGj7Sbr0YwOLxvRy,1d843b6c8a8946b9bda7ad95b6ccc195,2026-05-22T15:06:58Z,2,"Cute and chill, but I like more draaamaaa",054475de244541c5b926d9b9937189a2
spotify:track:4QyTAToGczngpDZBhlU7AJ,1d843b6c8a8946b9bda7ad95b6ccc195,2026-05-22T15:06:58Z,2,A cool song! But feels like a different vibe/scenario for me,054475de244541c5b926d9b9937189a2
spotify:track:4WEaJQLlhlkOU7YJDLhn7x,1d843b6c8a8946b9bda7ad95b6ccc195,2026-05-22T15:06:58Z,2,"I see the vision, just not really my vibe ❤️",054475de244541c5b926d9b9937189a2
spotify:track:56lhDZNQ5J47aog6mGKeGk,1d843b6c8a8946b9bda7ad95b6ccc195,2026-05-22T15:06:58Z,2,A very different vibe to me,054475de244541c5b926d9b9937189a2
spotify:track:5CQ8kbCeDFZmASjXzp2I6b,1d843b6c8a8946b9bda7ad95b6ccc195,2026-05-22T15:06:58Z,3,Kinda darkkk I like it,054475de244541c5b926d9b9937189a2
spotify:track:6ggJRSf6O9tVp2tRgzhQcL,1d843b6c8a8946b9bda7ad95b6ccc195,2026-05-22T15:06:58Z,4,This is fun,054475de244541c5b926d9b9937189a2
spotify:track:6GyFP1nfCDB8lbD2bG0Hq9,1d843b6c8a8946b9bda7ad95b6ccc195,2026-05-22T15:06:58Z,8,You've got a point there all right,054475de244541c5b926d9b9937189a2
spotify:track:6ie2Bw3xLj2JcGowOlcMhb,1d843b6c8a8946b9bda7ad95b6ccc195,2026-05-22T15:06:58Z,5,She gets it,054475de244541c5b926d9b9937189a2
spotify:track:6ie2Bw3xLj2JcGowOlcMhb,e43c6e753dbf4f999a68467b26ac1663,2026-05-22T17:06:52Z,8,Ah yeah,054475de244541c5b926d9b9937189a2
spotify:track:1t67WYNfUxfOiwaz7SJ66b,e43c6e753dbf4f999a68467b26ac1663,2026-05-22T17:06:52Z,2,Think there’s better Arctic Monkeys songs for this theme tbh,054475de244541c5b926d9b9937189a2
spotify:track:30PCVpTUwLIIduco6aeVcd,e43c6e753dbf4f999a68467b26ac1663,2026-05-22T17:06:52Z,5,I had such a Hudson Mohawke phase in school which I forgot about until I heard this so thank u,054475de244541c5b926d9b9937189a2
spotify:track:436ZTlgGj7Sbr0YwOLxvRy,e43c6e753dbf4f999a68467b26ac1663,2026-05-22T17:06:52Z,0,Little bit too YouTube blog background music for me :(,054475de244541c5b926d9b9937189a2
spotify:track:4QyTAToGczngpDZBhlU7AJ,e43c6e753dbf4f999a68467b26ac1663,2026-05-22T17:06:52Z,1,,054475de244541c5b926d9b9937189a2
spotify:track:4WEaJQLlhlkOU7YJDLhn7x,e43c6e753dbf4f999a68467b26ac1663,2026-05-22T17:06:52Z,4,Very fun,054475de244541c5b926d9b9937189a2
spotify:track:5CQ8kbCeDFZmASjXzp2I6b,e43c6e753dbf4f999a68467b26ac1663,2026-05-22T17:06:52Z,2,Enjoy the ambience of this but just not what I think of for this theme,054475de244541c5b926d9b9937189a2
spotify:track:5jZoYp0P8ML7AxkS3tQz3j,e43c6e753dbf4f999a68467b26ac1663,2026-05-22T17:06:52Z,7,The passage of time is relentless,054475de244541c5b926d9b9937189a2
spotify:track:6ggJRSf6O9tVp2tRgzhQcL,e43c6e753dbf4f999a68467b26ac1663,2026-05-22T17:06:52Z,4,Dreamy,054475de244541c5b926d9b9937189a2
spotify:track:6GyFP1nfCDB8lbD2bG0Hq9,e43c6e753dbf4f999a68467b26ac1663,2026-05-22T17:06:52Z,3,"Classic of this genre, but I’m kind of sick of it",054475de244541c5b926d9b9937189a2
spotify:track:30PCVpTUwLIIduco6aeVcd,2fc9c6b8f92145d697caadac61426533,2026-05-22T17:41:46Z,4,,054475de244541c5b926d9b9937189a2
spotify:track:436ZTlgGj7Sbr0YwOLxvRy,2fc9c6b8f92145d697caadac61426533,2026-05-22T17:41:46Z,3,,054475de244541c5b926d9b9937189a2
spotify:track:4QyTAToGczngpDZBhlU7AJ,2fc9c6b8f92145d697caadac61426533,2026-05-22T17:41:46Z,7,,054475de244541c5b926d9b9937189a2
spotify:track:4WEaJQLlhlkOU7YJDLhn7x,2fc9c6b8f92145d697caadac61426533,2026-05-22T17:41:46Z,5,,054475de244541c5b926d9b9937189a2
spotify:track:56lhDZNQ5J47aog6mGKeGk,2fc9c6b8f92145d697caadac61426533,2026-05-22T17:41:46Z,2,,054475de244541c5b926d9b9937189a2
spotify:track:5CQ8kbCeDFZmASjXzp2I6b,2fc9c6b8f92145d697caadac61426533,2026-05-22T17:41:46Z,6,,054475de244541c5b926d9b9937189a2
spotify:track:5jZoYp0P8ML7AxkS3tQz3j,2fc9c6b8f92145d697caadac61426533,2026-05-22T17:41:46Z,2,,054475de244541c5b926d9b9937189a2
spotify:track:6ggJRSf6O9tVp2tRgzhQcL,2fc9c6b8f92145d697caadac61426533,2026-05-22T17:41:46Z,2,,054475de244541c5b926d9b9937189a2
spotify:track:6GyFP1nfCDB8lbD2bG0Hq9,2fc9c6b8f92145d697caadac61426533,2026-05-22T17:41:46Z,3,,054475de244541c5b926d9b9937189a2
spotify:track:6ie2Bw3xLj2JcGowOlcMhb,2fc9c6b8f92145d697caadac61426533,2026-05-22T17:41:46Z,2,,054475de244541c5b926d9b9937189a2
spotify:track:6ic8OlLUNEATToEFU3xmaH,a3ae0c49642a47d48c37d7c01c632225,2026-05-26T09:19:07Z,1,,c45efe4876b245a7ab9fec9830f38572
spotify:track:5UBBJnFxsfjFxfrtvErQoH,a3ae0c49642a47d48c37d7c01c632225,2026-05-26T09:19:07Z,2,,c45efe4876b245a7ab9fec9830f38572
spotify:track:5B6Kjha6RRIMWGN7zGsAaT,a3ae0c49642a47d48c37d7c01c632225,2026-05-26T09:19:07Z,6,,c45efe4876b245a7ab9fec9830f38572
spotify:track:4tKGFmENO69tZR9ahgZu48,a3ae0c49642a47d48c37d7c01c632225,2026-05-26T09:19:07Z,5,,c45efe4876b245a7ab9fec9830f38572
spotify:track:4D40ZlFAWsvX7lua1Kablh,a3ae0c49642a47d48c37d7c01c632225,2026-05-26T09:19:07Z,4,,c45efe4876b245a7ab9fec9830f38572
spotify:track:0whmIaItqkT8e5PVuPyhvT,a3ae0c49642a47d48c37d7c01c632225,2026-05-26T09:19:07Z,5,,c45efe4876b245a7ab9fec9830f38572
spotify:track:7K3Lc3TfSR14aTOjIH7TUj,a3ae0c49642a47d48c37d7c01c632225,2026-05-26T09:19:07Z,4,,c45efe4876b245a7ab9fec9830f38572
spotify:track:37PJvlIfYWqEX6fgjHlnTf,a3ae0c49642a47d48c37d7c01c632225,2026-05-26T09:19:07Z,2,,c45efe4876b245a7ab9fec9830f38572
spotify:track:3Uh7rAb7F0XGVpEEDwfH1k,a3ae0c49642a47d48c37d7c01c632225,2026-05-26T09:19:07Z,4,,c45efe4876b245a7ab9fec9830f38572
spotify:track:09CtPGIpYB4BrO8qb1RGsF,a3ae0c49642a47d48c37d7c01c632225,2026-05-26T09:19:07Z,1,,c45efe4876b245a7ab9fec9830f38572
spotify:track:73vfMXcXa6iY1E3lpf2fZO,a3ae0c49642a47d48c37d7c01c632225,2026-05-26T09:19:07Z,2,,c45efe4876b245a7ab9fec9830f38572
spotify:track:0UlwTmT01jdFp3BaofARtU,0034474c5f804b6e99a366f09da69b35,2026-05-26T11:13:14Z,3,,c45efe4876b245a7ab9fec9830f38572
spotify:track:09CtPGIpYB4BrO8qb1RGsF,0034474c5f804b6e99a366f09da69b35,2026-05-26T11:13:14Z,3,Yeah banger ,c45efe4876b245a7ab9fec9830f38572
spotify:track:3Uh7rAb7F0XGVpEEDwfH1k,0034474c5f804b6e99a366f09da69b35,2026-05-26T11:13:14Z,1,,c45efe4876b245a7ab9fec9830f38572
spotify:track:7K3Lc3TfSR14aTOjIH7TUj,0034474c5f804b6e99a366f09da69b35,2026-05-26T11:13:14Z,2,A song pooping off once is less than th,c45efe4876b245a7ab9fec9830f38572
spotify:track:73vfMXcXa6iY1E3lpf2fZO,0034474c5f804b6e99a366f09da69b35,2026-05-26T11:13:14Z,4,I haven't listened to any of Lily Allen's new stuff once but this is catchy with the synths ,c45efe4876b245a7ab9fec9830f38572
spotify:track:6y4ySPeb68KGoAi1dk130F,0034474c5f804b6e99a366f09da69b35,2026-05-26T11:13:14Z,3,"Love the strokes, though I like some of their others more",c45efe4876b245a7ab9fec9830f38572
spotify:track:6ic8OlLUNEATToEFU3xmaH,0034474c5f804b6e99a366f09da69b35,2026-05-26T11:13:14Z,5,,c45efe4876b245a7ab9fec9830f38572
spotify:track:5UBBJnFxsfjFxfrtvErQoH,0034474c5f804b6e99a366f09da69b35,2026-05-26T11:13:14Z,5,Tune. Nostalgic memories of driving my new tractor up and down the road which had a radio which was an absolute revelation ,c45efe4876b245a7ab9fec9830f38572
spotify:track:5B6Kjha6RRIMWGN7zGsAaT,0034474c5f804b6e99a366f09da69b35,2026-05-26T11:13:14Z,2,,c45efe4876b245a7ab9fec9830f38572
spotify:track:4tKGFmENO69tZR9ahgZu48,0034474c5f804b6e99a366f09da69b35,2026-05-26T11:13:14Z,2,,c45efe4876b245a7ab9fec9830f38572
spotify:track:37PJvlIfYWqEX6fgjHlnTf,0034474c5f804b6e99a366f09da69b35,2026-05-26T11:13:14Z,2,,c45efe4876b245a7ab9fec9830f38572
spotify:track:203xmWRHAyqwW6AkGkhhVM,0034474c5f804b6e99a366f09da69b35,2026-05-26T11:13:14Z,1,Did they have a comeback? ,c45efe4876b245a7ab9fec9830f38572
spotify:track:0whmIaItqkT8e5PVuPyhvT,0034474c5f804b6e99a366f09da69b35,2026-05-26T11:13:14Z,3,I do like this song,c45efe4876b245a7ab9fec9830f38572
spotify:track:73vfMXcXa6iY1E3lpf2fZO,71c8417802d241c6b2c478d5a45128b3,2026-05-26T16:39:50Z,2,Iconic comeback but not gone on the song itself ,c45efe4876b245a7ab9fec9830f38572
spotify:track:7K3Lc3TfSR14aTOjIH7TUj,71c8417802d241c6b2c478d5a45128b3,2026-05-26T16:39:50Z,2,Never underestimate the power of tiktok,c45efe4876b245a7ab9fec9830f38572
spotify:track:09CtPGIpYB4BrO8qb1RGsF,71c8417802d241c6b2c478d5a45128b3,2026-05-26T16:39:50Z,5,Ridiculous how catchy this song is,c45efe4876b245a7ab9fec9830f38572
spotify:track:0UlwTmT01jdFp3BaofARtU,71c8417802d241c6b2c478d5a45128b3,2026-05-26T16:39:50Z,0,Didn't really vibe with this one tbh,c45efe4876b245a7ab9fec9830f38572
spotify:track:0whmIaItqkT8e5PVuPyhvT,71c8417802d241c6b2c478d5a45128b3,2026-05-26T16:39:50Z,3,Banger central ,c45efe4876b245a7ab9fec9830f38572
spotify:track:203xmWRHAyqwW6AkGkhhVM,71c8417802d241c6b2c478d5a45128b3,2026-05-26T16:39:50Z,0,Some context would be nice,c45efe4876b245a7ab9fec9830f38572
spotify:track:37PJvlIfYWqEX6fgjHlnTf,71c8417802d241c6b2c478d5a45128b3,2026-05-26T16:39:50Z,4,Loved this comeback with the Cranberries & Blondie covers ,c45efe4876b245a7ab9fec9830f38572
spotify:track:3Uh7rAb7F0XGVpEEDwfH1k,71c8417802d241c6b2c478d5a45128b3,2026-05-26T16:39:50Z,0,"Bit sleepy for me, also what comeback? ",c45efe4876b245a7ab9fec9830f38572
spotify:track:4D40ZlFAWsvX7lua1Kablh,71c8417802d241c6b2c478d5a45128b3,2026-05-26T16:39:50Z,3,"They sure did Dave, they sure did ",c45efe4876b245a7ab9fec9830f38572
spotify:track:4tKGFmENO69tZR9ahgZu48,71c8417802d241c6b2c478d5a45128b3,2026-05-26T16:39:50Z,5,"Second Saltburn entry of the round lol, iconic comeback though but real ones were always a fan of this song 💯 🔥😤 ",c45efe4876b245a7ab9fec9830f38572
spotify:track:5UBBJnFxsfjFxfrtvErQoH,71c8417802d241c6b2c478d5a45128b3,2026-05-26T16:39:50Z,2,While I like this resurgence I'd prefer submitting a song more relevant to their comeback (idk if they've even released new music but oh well 🤷‍♂️) ,c45efe4876b245a7ab9fec9830f38572
spotify:track:6ic8OlLUNEATToEFU3xmaH,71c8417802d241c6b2c478d5a45128b3,2026-05-26T16:39:50Z,6,An icon with an iconic comeback ,c45efe4876b245a7ab9fec9830f38572
spotify:track:6y4ySPeb68KGoAi1dk130F,71c8417802d241c6b2c478d5a45128b3,2026-05-26T16:39:50Z,4,Hell yeah brother ,c45efe4876b245a7ab9fec9830f38572
spotify:track:6ic8OlLUNEATToEFU3xmaH,2fc9c6b8f92145d697caadac61426533,2026-05-26T16:59:29Z,2,,c45efe4876b245a7ab9fec9830f38572
spotify:track:7K3Lc3TfSR14aTOjIH7TUj,2fc9c6b8f92145d697caadac61426533,2026-05-26T16:59:29Z,6,Unironically 2026 song of the summer after 20 years,c45efe4876b245a7ab9fec9830f38572
spotify:track:09CtPGIpYB4BrO8qb1RGsF,2fc9c6b8f92145d697caadac61426533,2026-05-26T16:59:29Z,4,,c45efe4876b245a7ab9fec9830f38572
spotify:track:0UlwTmT01jdFp3BaofARtU,2fc9c6b8f92145d697caadac61426533,2026-05-26T16:59:29Z,1,,c45efe4876b245a7ab9fec9830f38572
spotify:track:0whmIaItqkT8e5PVuPyhvT,2fc9c6b8f92145d697caadac61426533,2026-05-26T16:59:29Z,4,,c45efe4876b245a7ab9fec9830f38572
spotify:track:203xmWRHAyqwW6AkGkhhVM,2fc9c6b8f92145d697caadac61426533,2026-05-26T16:59:29Z,0,Context? :(,c45efe4876b245a7ab9fec9830f38572
spotify:track:4D40ZlFAWsvX7lua1Kablh,2fc9c6b8f92145d697caadac61426533,2026-05-26T16:59:29Z,3,"Man on the run is a great doc, but not a fan of this Wings song",c45efe4876b245a7ab9fec9830f38572
spotify:track:4tKGFmENO69tZR9ahgZu48,2fc9c6b8f92145d697caadac61426533,2026-05-26T16:59:29Z,4,,c45efe4876b245a7ab9fec9830f38572
spotify:track:5UBBJnFxsfjFxfrtvErQoH,2fc9c6b8f92145d697caadac61426533,2026-05-26T16:59:29Z,6,,c45efe4876b245a7ab9fec9830f38572
spotify:track:73vfMXcXa6iY1E3lpf2fZO,2fc9c6b8f92145d697caadac61426533,2026-05-26T16:59:29Z,6,Real comeback ,c45efe4876b245a7ab9fec9830f38572
spotify:track:6ic8OlLUNEATToEFU3xmaH,e4fc2f3089594796b99dca4ab07f7d41,2026-05-27T05:37:24Z,7,,c45efe4876b245a7ab9fec9830f38572
spotify:track:09CtPGIpYB4BrO8qb1RGsF,e4fc2f3089594796b99dca4ab07f7d41,2026-05-27T05:37:24Z,2,,c45efe4876b245a7ab9fec9830f38572
spotify:track:0UlwTmT01jdFp3BaofARtU,e4fc2f3089594796b99dca4ab07f7d41,2026-05-27T05:37:24Z,4,,c45efe4876b245a7ab9fec9830f38572
spotify:track:0whmIaItqkT8e5PVuPyhvT,e4fc2f3089594796b99dca4ab07f7d41,2026-05-27T05:37:24Z,1,,c45efe4876b245a7ab9fec9830f38572
spotify:track:4D40ZlFAWsvX7lua1Kablh,e4fc2f3089594796b99dca4ab07f7d41,2026-05-27T05:37:24Z,3,,c45efe4876b245a7ab9fec9830f38572
spotify:track:4tKGFmENO69tZR9ahgZu48,e4fc2f3089594796b99dca4ab07f7d41,2026-05-27T05:37:24Z,5,,c45efe4876b245a7ab9fec9830f38572
spotify:track:5B6Kjha6RRIMWGN7zGsAaT,e4fc2f3089594796b99dca4ab07f7d41,2026-05-27T05:37:24Z,8,,c45efe4876b245a7ab9fec9830f38572
spotify:track:73vfMXcXa6iY1E3lpf2fZO,e4fc2f3089594796b99dca4ab07f7d41,2026-05-27T05:37:24Z,6,,c45efe4876b245a7ab9fec9830f38572
spotify:track:5B6Kjha6RRIMWGN7zGsAaT,d007026516024c34981c654238511be8,2026-05-27T15:41:27Z,3,,c45efe4876b245a7ab9fec9830f38572
spotify:track:4tKGFmENO69tZR9ahgZu48,d007026516024c34981c654238511be8,2026-05-27T15:41:27Z,5,Saltburn did wonders for SEB & Princess Superstar🤝,c45efe4876b245a7ab9fec9830f38572
spotify:track:4D40ZlFAWsvX7lua1Kablh,d007026516024c34981c654238511be8,2026-05-27T15:41:27Z,0,Professional Beatles hater here :/ ,c45efe4876b245a7ab9fec9830f38572
spotify:track:3Uh7rAb7F0XGVpEEDwfH1k,d007026516024c34981c654238511be8,2026-05-27T15:41:27Z,0,Yawn,c45efe4876b245a7ab9fec9830f38572
spotify:track:37PJvlIfYWqEX6fgjHlnTf,d007026516024c34981c654238511be8,2026-05-27T15:41:27Z,0,Hmm really your favourite? ,c45efe4876b245a7ab9fec9830f38572
spotify:track:7K3Lc3TfSR14aTOjIH7TUj,d007026516024c34981c654238511be8,2026-05-27T15:41:27Z,6,This is my happy song ,c45efe4876b245a7ab9fec9830f38572
spotify:track:203xmWRHAyqwW6AkGkhhVM,d007026516024c34981c654238511be8,2026-05-27T15:41:27Z,2,They were fun to see at EP 2017,c45efe4876b245a7ab9fec9830f38572
spotify:track:0UlwTmT01jdFp3BaofARtU,d007026516024c34981c654238511be8,2026-05-27T15:41:27Z,3,Has that S&F feel all the same so maybe he didn’t need his Garfunkel?,c45efe4876b245a7ab9fec9830f38572
spotify:track:09CtPGIpYB4BrO8qb1RGsF,d007026516024c34981c654238511be8,2026-05-27T15:41:27Z,4,It is a great song but Beauty & the Beast is the one that has me in a chokehold ,c45efe4876b245a7ab9fec9830f38572
spotify:track:6ic8OlLUNEATToEFU3xmaH,d007026516024c34981c654238511be8,2026-05-27T15:41:27Z,4,,c45efe4876b245a7ab9fec9830f38572
spotify:track:6y4ySPeb68KGoAi1dk130F,d007026516024c34981c654238511be8,2026-05-27T15:41:27Z,1,,c45efe4876b245a7ab9fec9830f38572
spotify:track:5UBBJnFxsfjFxfrtvErQoH,d007026516024c34981c654238511be8,2026-05-27T15:41:27Z,8,Will they just announce the tour & new album already!!!,c45efe4876b245a7ab9fec9830f38572
spotify:track:4tKGFmENO69tZR9ahgZu48,3828fb97e38e4bfdac4343c43216a492,2026-05-28T12:42:57Z,2,,c45efe4876b245a7ab9fec9830f38572
spotify:track:6ic8OlLUNEATToEFU3xmaH,3828fb97e38e4bfdac4343c43216a492,2026-05-28T12:42:57Z,1,,c45efe4876b245a7ab9fec9830f38572
spotify:track:6y4ySPeb68KGoAi1dk130F,3828fb97e38e4bfdac4343c43216a492,2026-05-28T12:42:57Z,6,Nice non-AI detail,c45efe4876b245a7ab9fec9830f38572
spotify:track:73vfMXcXa6iY1E3lpf2fZO,3828fb97e38e4bfdac4343c43216a492,2026-05-28T12:42:57Z,1,,c45efe4876b245a7ab9fec9830f38572
spotify:track:7K3Lc3TfSR14aTOjIH7TUj,3828fb97e38e4bfdac4343c43216a492,2026-05-28T12:42:57Z,3,,c45efe4876b245a7ab9fec9830f38572
spotify:track:09CtPGIpYB4BrO8qb1RGsF,3828fb97e38e4bfdac4343c43216a492,2026-05-28T12:42:57Z,1,,c45efe4876b245a7ab9fec9830f38572
spotify:track:0whmIaItqkT8e5PVuPyhvT,3828fb97e38e4bfdac4343c43216a492,2026-05-28T12:42:57Z,5,,c45efe4876b245a7ab9fec9830f38572
spotify:track:203xmWRHAyqwW6AkGkhhVM,3828fb97e38e4bfdac4343c43216a492,2026-05-28T12:42:57Z,3,,c45efe4876b245a7ab9fec9830f38572
spotify:track:37PJvlIfYWqEX6fgjHlnTf,3828fb97e38e4bfdac4343c43216a492,2026-05-28T12:42:57Z,4,,c45efe4876b245a7ab9fec9830f38572
spotify:track:4D40ZlFAWsvX7lua1Kablh,3828fb97e38e4bfdac4343c43216a492,2026-05-28T12:42:57Z,5,,c45efe4876b245a7ab9fec9830f38572
spotify:track:5B6Kjha6RRIMWGN7zGsAaT,3828fb97e38e4bfdac4343c43216a492,2026-05-28T12:42:57Z,5,great bop,c45efe4876b245a7ab9fec9830f38572
spotify:track:4D40ZlFAWsvX7lua1Kablh,96d515a50352471caca66cdd7e710407,2026-05-28T12:54:17Z,5,,c45efe4876b245a7ab9fec9830f38572
spotify:track:3Uh7rAb7F0XGVpEEDwfH1k,96d515a50352471caca66cdd7e710407,2026-05-28T12:54:17Z,0,"This was my fav song but sadly this does not seem to fit the theme. As far as I can tell, it's off his first album? ",c45efe4876b245a7ab9fec9830f38572
spotify:track:37PJvlIfYWqEX6fgjHlnTf,96d515a50352471caca66cdd7e710407,2026-05-28T12:54:17Z,2,,c45efe4876b245a7ab9fec9830f38572
spotify:track:203xmWRHAyqwW6AkGkhhVM,96d515a50352471caca66cdd7e710407,2026-05-28T12:54:17Z,5,,c45efe4876b245a7ab9fec9830f38572
spotify:track:0whmIaItqkT8e5PVuPyhvT,96d515a50352471caca66cdd7e710407,2026-05-28T12:54:17Z,2,,c45efe4876b245a7ab9fec9830f38572
spotify:track:0UlwTmT01jdFp3BaofARtU,96d515a50352471caca66cdd7e710407,2026-05-28T12:54:17Z,3,,c45efe4876b245a7ab9fec9830f38572
spotify:track:09CtPGIpYB4BrO8qb1RGsF,96d515a50352471caca66cdd7e710407,2026-05-28T12:54:17Z,2,,c45efe4876b245a7ab9fec9830f38572
spotify:track:73vfMXcXa6iY1E3lpf2fZO,96d515a50352471caca66cdd7e710407,2026-05-28T12:54:17Z,3,,c45efe4876b245a7ab9fec9830f38572
spotify:track:6y4ySPeb68KGoAi1dk130F,96d515a50352471caca66cdd7e710407,2026-05-28T12:54:17Z,0,Fuckin hate Julian Casablancas ,c45efe4876b245a7ab9fec9830f38572
spotify:track:6ic8OlLUNEATToEFU3xmaH,96d515a50352471caca66cdd7e710407,2026-05-28T12:54:17Z,5,,c45efe4876b245a7ab9fec9830f38572
spotify:track:5UBBJnFxsfjFxfrtvErQoH,96d515a50352471caca66cdd7e710407,2026-05-28T12:54:17Z,6,,c45efe4876b245a7ab9fec9830f38572
spotify:track:5B6Kjha6RRIMWGN7zGsAaT,96d515a50352471caca66cdd7e710407,2026-05-28T12:54:17Z,1,,c45efe4876b245a7ab9fec9830f38572
spotify:track:4tKGFmENO69tZR9ahgZu48,96d515a50352471caca66cdd7e710407,2026-05-28T12:54:17Z,2,,c45efe4876b245a7ab9fec9830f38572
spotify:track:5B6Kjha6RRIMWGN7zGsAaT,e43c6e753dbf4f999a68467b26ac1663,2026-05-28T17:07:00Z,3,,c45efe4876b245a7ab9fec9830f38572
spotify:track:09CtPGIpYB4BrO8qb1RGsF,e43c6e753dbf4f999a68467b26ac1663,2026-05-28T17:07:00Z,7,I’ve had a terminal case of Bieber Fever since this album came out,c45efe4876b245a7ab9fec9830f38572
spotify:track:0UlwTmT01jdFp3BaofARtU,e43c6e753dbf4f999a68467b26ac1663,2026-05-28T17:07:00Z,5,Love this song so much ,c45efe4876b245a7ab9fec9830f38572
spotify:track:0whmIaItqkT8e5PVuPyhvT,e43c6e753dbf4f999a68467b26ac1663,2026-05-28T17:07:00Z,2,Fun as hell,c45efe4876b245a7ab9fec9830f38572
spotify:track:203xmWRHAyqwW6AkGkhhVM,e43c6e753dbf4f999a68467b26ac1663,2026-05-28T17:07:00Z,0,I WISH you’d added some context because this is great,c45efe4876b245a7ab9fec9830f38572
spotify:track:37PJvlIfYWqEX6fgjHlnTf,e43c6e753dbf4f999a68467b26ac1663,2026-05-28T17:07:00Z,4,Whole album is excellent,c45efe4876b245a7ab9fec9830f38572
spotify:track:3Uh7rAb7F0XGVpEEDwfH1k,e43c6e753dbf4f999a68467b26ac1663,2026-05-28T17:07:00Z,0,Love Nick Drake but you’ve gotta add context :(,c45efe4876b245a7ab9fec9830f38572
spotify:track:4D40ZlFAWsvX7lua1Kablh,e43c6e753dbf4f999a68467b26ac1663,2026-05-28T17:07:00Z,4,This rocks,c45efe4876b245a7ab9fec9830f38572
spotify:track:4tKGFmENO69tZR9ahgZu48,e43c6e753dbf4f999a68467b26ac1663,2026-05-28T17:07:00Z,3,Fun for the comeback to be sparked externally,c45efe4876b245a7ab9fec9830f38572
spotify:track:5UBBJnFxsfjFxfrtvErQoH,e43c6e753dbf4f999a68467b26ac1663,2026-05-28T17:07:00Z,1,The XX don’t always do it for me but I enjoyed this one,c45efe4876b245a7ab9fec9830f38572
spotify:track:6y4ySPeb68KGoAi1dk130F,e43c6e753dbf4f999a68467b26ac1663,2026-05-28T17:07:00Z,4,Love,c45efe4876b245a7ab9fec9830f38572
spotify:track:73vfMXcXa6iY1E3lpf2fZO,e43c6e753dbf4f999a68467b26ac1663,2026-05-28T17:07:00Z,2,Insane song,c45efe4876b245a7ab9fec9830f38572
spotify:track:7K3Lc3TfSR14aTOjIH7TUj,e43c6e753dbf4f999a68467b26ac1663,2026-05-28T17:07:00Z,1,Very fun,c45efe4876b245a7ab9fec9830f38572
spotify:track:73vfMXcXa6iY1E3lpf2fZO,1d843b6c8a8946b9bda7ad95b6ccc195,2026-05-28T19:28:27Z,4,"She was a fkn legend for this whole album, what a comeback. Also think the chorus is legit such beautiful music lol",c45efe4876b245a7ab9fec9830f38572
spotify:track:0UlwTmT01jdFp3BaofARtU,1d843b6c8a8946b9bda7ad95b6ccc195,2026-05-28T19:28:27Z,0,Nice but just doesn't stand up to the iconic songs in here imo!,c45efe4876b245a7ab9fec9830f38572
spotify:track:0whmIaItqkT8e5PVuPyhvT,1d843b6c8a8946b9bda7ad95b6ccc195,2026-05-28T19:28:27Z,2,Keep seeing her on tiktok she seems like a legend. And the song slaps ,c45efe4876b245a7ab9fec9830f38572
spotify:track:203xmWRHAyqwW6AkGkhhVM,1d843b6c8a8946b9bda7ad95b6ccc195,2026-05-28T19:28:27Z,0,Like the themes. But hard to stand up to the iconic choons in here,c45efe4876b245a7ab9fec9830f38572
spotify:track:37PJvlIfYWqEX6fgjHlnTf,1d843b6c8a8946b9bda7ad95b6ccc195,2026-05-28T19:28:27Z,5,So happy to see this song/album in here!!!! ❤️❤️ She has had literally every phase hahaha and came back like a legend. Angels Like You is maybe my fave of hers ever,c45efe4876b245a7ab9fec9830f38572
spotify:track:3Uh7rAb7F0XGVpEEDwfH1k,1d843b6c8a8946b9bda7ad95b6ccc195,2026-05-28T19:28:27Z,3,"This is delightful. Gimme lore tho, I googled and still not 100% what comeback (I assume you mean getting popular long after his death?)",c45efe4876b245a7ab9fec9830f38572
spotify:track:4D40ZlFAWsvX7lua1Kablh,1d843b6c8a8946b9bda7ad95b6ccc195,2026-05-28T19:28:27Z,2,This is very enjoyable,c45efe4876b245a7ab9fec9830f38572
spotify:track:4tKGFmENO69tZR9ahgZu48,1d843b6c8a8946b9bda7ad95b6ccc195,2026-05-28T19:28:27Z,3,"I always was ride or die for this banger, so glad to see her again. Just giving more points to new/post-comeback songs",c45efe4876b245a7ab9fec9830f38572
spotify:track:5B6Kjha6RRIMWGN7zGsAaT,1d843b6c8a8946b9bda7ad95b6ccc195,2026-05-28T19:28:27Z,4,Have been obsessed with this song since first hearing it fairly recently. Never heard of the old stuff but she's slaying now,c45efe4876b245a7ab9fec9830f38572
spotify:track:5UBBJnFxsfjFxfrtvErQoH,1d843b6c8a8946b9bda7ad95b6ccc195,2026-05-28T19:28:27Z,2,"Really liked this, but wanted to give more points to songs from the comebacks rather than before",c45efe4876b245a7ab9fec9830f38572
spotify:track:6ic8OlLUNEATToEFU3xmaH,1d843b6c8a8946b9bda7ad95b6ccc195,2026-05-28T19:28:27Z,5,Cmon surely the most iconic comeback of all time. It's fucking britney bitch,c45efe4876b245a7ab9fec9830f38572
spotify:track:6y4ySPeb68KGoAi1dk130F,1d843b6c8a8946b9bda7ad95b6ccc195,2026-05-28T19:28:27Z,4,Fuck this is amazing. Saw the Coachella clip too it was so moving,c45efe4876b245a7ab9fec9830f38572
spotify:track:7K3Lc3TfSR14aTOjIH7TUj,1d843b6c8a8946b9bda7ad95b6ccc195,2026-05-28T19:28:27Z,2,V enjoyable song,c45efe4876b245a7ab9fec9830f38572
spotify:track:09CtPGIpYB4BrO8qb1RGsF,a8e4878c0eef4cf2b98d20b54391601d,2026-05-29T07:46:05Z,1,,c45efe4876b245a7ab9fec9830f38572
spotify:track:7K3Lc3TfSR14aTOjIH7TUj,a8e4878c0eef4cf2b98d20b54391601d,2026-05-29T07:46:05Z,4,,c45efe4876b245a7ab9fec9830f38572
spotify:track:6y4ySPeb68KGoAi1dk130F,a8e4878c0eef4cf2b98d20b54391601d,2026-05-29T07:46:05Z,3,,c45efe4876b245a7ab9fec9830f38572
spotify:track:6ic8OlLUNEATToEFU3xmaH,a8e4878c0eef4cf2b98d20b54391601d,2026-05-29T07:46:05Z,2,,c45efe4876b245a7ab9fec9830f38572
spotify:track:5UBBJnFxsfjFxfrtvErQoH,a8e4878c0eef4cf2b98d20b54391601d,2026-05-29T07:46:05Z,3,,c45efe4876b245a7ab9fec9830f38572
spotify:track:5B6Kjha6RRIMWGN7zGsAaT,a8e4878c0eef4cf2b98d20b54391601d,2026-05-29T07:46:05Z,2,"Looove her but she didn’t exactly make a come back, more so reinvented herself ",c45efe4876b245a7ab9fec9830f38572
spotify:track:4tKGFmENO69tZR9ahgZu48,a8e4878c0eef4cf2b98d20b54391601d,2026-05-29T07:46:05Z,3,,c45efe4876b245a7ab9fec9830f38572
spotify:track:4D40ZlFAWsvX7lua1Kablh,a8e4878c0eef4cf2b98d20b54391601d,2026-05-29T07:46:05Z,3,,c45efe4876b245a7ab9fec9830f38572
spotify:track:3Uh7rAb7F0XGVpEEDwfH1k,a8e4878c0eef4cf2b98d20b54391601d,2026-05-29T07:46:05Z,3,,c45efe4876b245a7ab9fec9830f38572
spotify:track:37PJvlIfYWqEX6fgjHlnTf,a8e4878c0eef4cf2b98d20b54391601d,2026-05-29T07:46:05Z,4,,c45efe4876b245a7ab9fec9830f38572
spotify:track:203xmWRHAyqwW6AkGkhhVM,a8e4878c0eef4cf2b98d20b54391601d,2026-05-29T07:46:05Z,3,,c45efe4876b245a7ab9fec9830f38572
spotify:track:0whmIaItqkT8e5PVuPyhvT,a8e4878c0eef4cf2b98d20b54391601d,2026-05-29T07:46:05Z,3,,c45efe4876b245a7ab9fec9830f38572
spotify:track:0UlwTmT01jdFp3BaofARtU,a8e4878c0eef4cf2b98d20b54391601d,2026-05-29T07:46:05Z,2,,c45efe4876b245a7ab9fec9830f38572
spotify:track:0UlwTmT01jdFp3BaofARtU,dfd346d38f17465b9e121991477a6c8b,2026-05-29T11:25:00Z,1,,c45efe4876b245a7ab9fec9830f38572
spotify:track:7K3Lc3TfSR14aTOjIH7TUj,dfd346d38f17465b9e121991477a6c8b,2026-05-29T11:25:00Z,2,,c45efe4876b245a7ab9fec9830f38572
spotify:track:73vfMXcXa6iY1E3lpf2fZO,dfd346d38f17465b9e121991477a6c8b,2026-05-29T11:25:00Z,1,,c45efe4876b245a7ab9fec9830f38572
spotify:track:6y4ySPeb68KGoAi1dk130F,dfd346d38f17465b9e121991477a6c8b,2026-05-29T11:25:00Z,2,,c45efe4876b245a7ab9fec9830f38572
spotify:track:6ic8OlLUNEATToEFU3xmaH,dfd346d38f17465b9e121991477a6c8b,2026-05-29T11:25:00Z,3,,c45efe4876b245a7ab9fec9830f38572
spotify:track:5UBBJnFxsfjFxfrtvErQoH,dfd346d38f17465b9e121991477a6c8b,2026-05-29T11:25:00Z,6,,c45efe4876b245a7ab9fec9830f38572
spotify:track:5B6Kjha6RRIMWGN7zGsAaT,dfd346d38f17465b9e121991477a6c8b,2026-05-29T11:25:00Z,5,,c45efe4876b245a7ab9fec9830f38572
spotify:track:4D40ZlFAWsvX7lua1Kablh,dfd346d38f17465b9e121991477a6c8b,2026-05-29T11:25:00Z,2,,c45efe4876b245a7ab9fec9830f38572
spotify:track:3Uh7rAb7F0XGVpEEDwfH1k,dfd346d38f17465b9e121991477a6c8b,2026-05-29T11:25:00Z,4,What’s the comeback here? He ded ,c45efe4876b245a7ab9fec9830f38572
spotify:track:37PJvlIfYWqEX6fgjHlnTf,dfd346d38f17465b9e121991477a6c8b,2026-05-29T11:25:00Z,1,,c45efe4876b245a7ab9fec9830f38572
spotify:track:203xmWRHAyqwW6AkGkhhVM,dfd346d38f17465b9e121991477a6c8b,2026-05-29T11:25:00Z,2,,c45efe4876b245a7ab9fec9830f38572
spotify:track:0whmIaItqkT8e5PVuPyhvT,dfd346d38f17465b9e121991477a6c8b,2026-05-29T11:25:00Z,4,,c45efe4876b245a7ab9fec9830f38572
spotify:track:09CtPGIpYB4BrO8qb1RGsF,dfd346d38f17465b9e121991477a6c8b,2026-05-29T11:25:00Z,3,,c45efe4876b245a7ab9fec9830f38572
spotify:track:0bB0aRsAB2CTYRCeoMOFHU,96d515a50352471caca66cdd7e710407,2026-06-02T12:55:06Z,2,,fc789ef1b21e4b4cbc0099328e3be85b
spotify:track:1VKPiQJnV15flF5B3zeocD,96d515a50352471caca66cdd7e710407,2026-06-02T12:55:06Z,2,,fc789ef1b21e4b4cbc0099328e3be85b
spotify:track:2NBQmPrOEEjA8VbeWOQGxO,96d515a50352471caca66cdd7e710407,2026-06-02T12:55:06Z,1,,fc789ef1b21e4b4cbc0099328e3be85b
spotify:track:3uCkIqD0VzQUijbs8WIizs,96d515a50352471caca66cdd7e710407,2026-06-02T12:55:06Z,5,,fc789ef1b21e4b4cbc0099328e3be85b
spotify:track:4EYJccyspoQHVMGAUPnLCV,96d515a50352471caca66cdd7e710407,2026-06-02T12:55:06Z,2,,fc789ef1b21e4b4cbc0099328e3be85b
spotify:track:4xdBrk0nFZaP54vvZj0yx7,96d515a50352471caca66cdd7e710407,2026-06-02T12:55:06Z,2,,fc789ef1b21e4b4cbc0099328e3be85b
spotify:track:52DKGPMQ21DauCR19pQ0BK,96d515a50352471caca66cdd7e710407,2026-06-02T12:55:06Z,6,,fc789ef1b21e4b4cbc0099328e3be85b
spotify:track:5GpfyJrKHJI36jDKtQiyGN,96d515a50352471caca66cdd7e710407,2026-06-02T12:55:06Z,3,,fc789ef1b21e4b4cbc0099328e3be85b
spotify:track:66IC0uXoVyYT5q3R27bbZy,96d515a50352471caca66cdd7e710407,2026-06-02T12:55:06Z,3,,fc789ef1b21e4b4cbc0099328e3be85b
spotify:track:6bUNEbXT7HovLW6BgPCBsb,96d515a50352471caca66cdd7e710407,2026-06-02T12:55:06Z,3,,fc789ef1b21e4b4cbc0099328e3be85b
spotify:track:6dGnYIeXmHdcikdzNNDMm2,96d515a50352471caca66cdd7e710407,2026-06-02T12:55:06Z,3,,fc789ef1b21e4b4cbc0099328e3be85b
spotify:track:6sT9MWlJManry3EQwf4V80,96d515a50352471caca66cdd7e710407,2026-06-02T12:55:06Z,3,,fc789ef1b21e4b4cbc0099328e3be85b
spotify:track:7FSYgJxIdEYErnIOEA8nG3,96d515a50352471caca66cdd7e710407,2026-06-02T12:55:06Z,1,,fc789ef1b21e4b4cbc0099328e3be85b
spotify:track:0bB0aRsAB2CTYRCeoMOFHU,0034474c5f804b6e99a366f09da69b35,2026-06-03T10:46:36Z,3,,fc789ef1b21e4b4cbc0099328e3be85b
spotify:track:1VKPiQJnV15flF5B3zeocD,0034474c5f804b6e99a366f09da69b35,2026-06-03T10:46:36Z,1,,fc789ef1b21e4b4cbc0099328e3be85b
spotify:track:2NBQmPrOEEjA8VbeWOQGxO,0034474c5f804b6e99a366f09da69b35,2026-06-03T10:46:36Z,1,,fc789ef1b21e4b4cbc0099328e3be85b
spotify:track:3uCkIqD0VzQUijbs8WIizs,0034474c5f804b6e99a366f09da69b35,2026-06-03T10:46:36Z,3,,fc789ef1b21e4b4cbc0099328e3be85b
spotify:track:4EYJccyspoQHVMGAUPnLCV,0034474c5f804b6e99a366f09da69b35,2026-06-03T10:46:36Z,2,,fc789ef1b21e4b4cbc0099328e3be85b
spotify:track:4xdBrk0nFZaP54vvZj0yx7,0034474c5f804b6e99a366f09da69b35,2026-06-03T10:46:36Z,1,?,fc789ef1b21e4b4cbc0099328e3be85b
spotify:track:52DKGPMQ21DauCR19pQ0BK,0034474c5f804b6e99a366f09da69b35,2026-06-03T10:46:36Z,2,,fc789ef1b21e4b4cbc0099328e3be85b
spotify:track:5GpfyJrKHJI36jDKtQiyGN,0034474c5f804b6e99a366f09da69b35,2026-06-03T10:46:36Z,7,Never a frown ,fc789ef1b21e4b4cbc0099328e3be85b
spotify:track:6bUNEbXT7HovLW6BgPCBsb,0034474c5f804b6e99a366f09da69b35,2026-06-03T10:46:36Z,3,,fc789ef1b21e4b4cbc0099328e3be85b
spotify:track:6dGnYIeXmHdcikdzNNDMm2,0034474c5f804b6e99a366f09da69b35,2026-06-03T10:46:36Z,6,Creative ,fc789ef1b21e4b4cbc0099328e3be85b
spotify:track:6sT9MWlJManry3EQwf4V80,0034474c5f804b6e99a366f09da69b35,2026-06-03T10:46:36Z,5,Was going to submit this ,fc789ef1b21e4b4cbc0099328e3be85b
spotify:track:7FSYgJxIdEYErnIOEA8nG3,0034474c5f804b6e99a366f09da69b35,2026-06-03T10:46:36Z,2,,fc789ef1b21e4b4cbc0099328e3be85b
spotify:track:0bB0aRsAB2CTYRCeoMOFHU,d007026516024c34981c654238511be8,2026-06-03T17:33:57Z,3,,fc789ef1b21e4b4cbc0099328e3be85b
spotify:track:1VKPiQJnV15flF5B3zeocD,d007026516024c34981c654238511be8,2026-06-03T17:33:57Z,3,,fc789ef1b21e4b4cbc0099328e3be85b
spotify:track:2NBQmPrOEEjA8VbeWOQGxO,d007026516024c34981c654238511be8,2026-06-03T17:33:57Z,2,,fc789ef1b21e4b4cbc0099328e3be85b
spotify:track:3uCkIqD0VzQUijbs8WIizs,d007026516024c34981c654238511be8,2026-06-03T17:33:57Z,0,Don’t see it,fc789ef1b21e4b4cbc0099328e3be85b
spotify:track:4EYJccyspoQHVMGAUPnLCV,d007026516024c34981c654238511be8,2026-06-03T17:33:57Z,3,"“A new breath, I feel the grip releasing” - defo about pooping",fc789ef1b21e4b4cbc0099328e3be85b
spotify:track:4w2Furap0ZzaiK4J14E9sR,d007026516024c34981c654238511be8,2026-06-03T17:33:57Z,2,Fits theme just don’t like the song lol,fc789ef1b21e4b4cbc0099328e3be85b
spotify:track:4xdBrk0nFZaP54vvZj0yx7,d007026516024c34981c654238511be8,2026-06-03T17:33:57Z,0,Hmm don’t see it ,fc789ef1b21e4b4cbc0099328e3be85b
spotify:track:52DKGPMQ21DauCR19pQ0BK,d007026516024c34981c654238511be8,2026-06-03T17:33:57Z,4,,fc789ef1b21e4b4cbc0099328e3be85b
spotify:track:5GpfyJrKHJI36jDKtQiyGN,d007026516024c34981c654238511be8,2026-06-03T17:33:57Z,4,,fc789ef1b21e4b4cbc0099328e3be85b
spotify:track:66IC0uXoVyYT5q3R27bbZy,d007026516024c34981c654238511be8,2026-06-03T17:33:57Z,1,Hmm don’t think it works too well,fc789ef1b21e4b4cbc0099328e3be85b
spotify:track:6bUNEbXT7HovLW6BgPCBsb,d007026516024c34981c654238511be8,2026-06-03T17:33:57Z,8,I love smelly roses ,fc789ef1b21e4b4cbc0099328e3be85b
spotify:track:6dGnYIeXmHdcikdzNNDMm2,d007026516024c34981c654238511be8,2026-06-03T17:33:57Z,3,,fc789ef1b21e4b4cbc0099328e3be85b
spotify:track:7FSYgJxIdEYErnIOEA8nG3,d007026516024c34981c654238511be8,2026-06-03T17:33:57Z,3,,fc789ef1b21e4b4cbc0099328e3be85b
spotify:track:0bB0aRsAB2CTYRCeoMOFHU,dfd346d38f17465b9e121991477a6c8b,2026-06-03T20:57:05Z,3,,fc789ef1b21e4b4cbc0099328e3be85b
spotify:track:1VKPiQJnV15flF5B3zeocD,dfd346d38f17465b9e121991477a6c8b,2026-06-03T20:57:05Z,3,,fc789ef1b21e4b4cbc0099328e3be85b
spotify:track:4EYJccyspoQHVMGAUPnLCV,dfd346d38f17465b9e121991477a6c8b,2026-06-03T20:57:05Z,3,,fc789ef1b21e4b4cbc0099328e3be85b
spotify:track:4w2Furap0ZzaiK4J14E9sR,dfd346d38f17465b9e121991477a6c8b,2026-06-03T20:57:05Z,1,,fc789ef1b21e4b4cbc0099328e3be85b
spotify:track:4xdBrk0nFZaP54vvZj0yx7,dfd346d38f17465b9e121991477a6c8b,2026-06-03T20:57:05Z,3,,fc789ef1b21e4b4cbc0099328e3be85b
spotify:track:52DKGPMQ21DauCR19pQ0BK,dfd346d38f17465b9e121991477a6c8b,2026-06-03T20:57:05Z,6,,fc789ef1b21e4b4cbc0099328e3be85b
spotify:track:5GpfyJrKHJI36jDKtQiyGN,dfd346d38f17465b9e121991477a6c8b,2026-06-03T20:57:05Z,4,,fc789ef1b21e4b4cbc0099328e3be85b
spotify:track:66IC0uXoVyYT5q3R27bbZy,dfd346d38f17465b9e121991477a6c8b,2026-06-03T20:57:05Z,3,,fc789ef1b21e4b4cbc0099328e3be85b
spotify:track:6dGnYIeXmHdcikdzNNDMm2,dfd346d38f17465b9e121991477a6c8b,2026-06-03T20:57:05Z,1,😂,fc789ef1b21e4b4cbc0099328e3be85b
spotify:track:6sT9MWlJManry3EQwf4V80,dfd346d38f17465b9e121991477a6c8b,2026-06-03T20:57:05Z,8,"The sadness when I saw this had been submitted, ideal choice  ",fc789ef1b21e4b4cbc0099328e3be85b
spotify:track:7FSYgJxIdEYErnIOEA8nG3,dfd346d38f17465b9e121991477a6c8b,2026-06-03T20:57:05Z,1,,fc789ef1b21e4b4cbc0099328e3be85b
spotify:track:0bB0aRsAB2CTYRCeoMOFHU,e43c6e753dbf4f999a68467b26ac1663,2026-06-03T23:09:33Z,2,Beautiful caption,fc789ef1b21e4b4cbc0099328e3be85b
spotify:track:1VKPiQJnV15flF5B3zeocD,e43c6e753dbf4f999a68467b26ac1663,2026-06-03T23:09:33Z,2,Laughed out loud at the caption,fc789ef1b21e4b4cbc0099328e3be85b
spotify:track:2NBQmPrOEEjA8VbeWOQGxO,e43c6e753dbf4f999a68467b26ac1663,2026-06-03T23:09:33Z,1,,fc789ef1b21e4b4cbc0099328e3be85b
spotify:track:4EYJccyspoQHVMGAUPnLCV,e43c6e753dbf4f999a68467b26ac1663,2026-06-03T23:09:33Z,5,I wanna go to chocolate town,fc789ef1b21e4b4cbc0099328e3be85b
spotify:track:4w2Furap0ZzaiK4J14E9sR,e43c6e753dbf4f999a68467b26ac1663,2026-06-03T23:09:33Z,6,One of the worst songs ever. It’s perfect. 10/10 caption too,fc789ef1b21e4b4cbc0099328e3be85b
spotify:track:4xdBrk0nFZaP54vvZj0yx7,e43c6e753dbf4f999a68467b26ac1663,2026-06-03T23:09:33Z,0,Where’s the story!!,fc789ef1b21e4b4cbc0099328e3be85b
spotify:track:52DKGPMQ21DauCR19pQ0BK,e43c6e753dbf4f999a68467b26ac1663,2026-06-03T23:09:33Z,4,,fc789ef1b21e4b4cbc0099328e3be85b
spotify:track:5GpfyJrKHJI36jDKtQiyGN,e43c6e753dbf4f999a68467b26ac1663,2026-06-03T23:09:33Z,3,My first choice :( classic,fc789ef1b21e4b4cbc0099328e3be85b
spotify:track:66IC0uXoVyYT5q3R27bbZy,e43c6e753dbf4f999a68467b26ac1663,2026-06-03T23:09:33Z,4,🤘sit down and do poopy 🤘,fc789ef1b21e4b4cbc0099328e3be85b
spotify:track:6bUNEbXT7HovLW6BgPCBsb,e43c6e753dbf4f999a68467b26ac1663,2026-06-03T23:09:33Z,2,,fc789ef1b21e4b4cbc0099328e3be85b
spotify:track:6dGnYIeXmHdcikdzNNDMm2,e43c6e753dbf4f999a68467b26ac1663,2026-06-03T23:09:33Z,6,Great storytelling ,fc789ef1b21e4b4cbc0099328e3be85b
spotify:track:6sT9MWlJManry3EQwf4V80,e43c6e753dbf4f999a68467b26ac1663,2026-06-03T23:09:33Z,1,,fc789ef1b21e4b4cbc0099328e3be85b
spotify:track:7FSYgJxIdEYErnIOEA8nG3,e43c6e753dbf4f999a68467b26ac1663,2026-06-03T23:09:33Z,0,Love this song but no caption :(,fc789ef1b21e4b4cbc0099328e3be85b
spotify:track:1VKPiQJnV15flF5B3zeocD,e4fc2f3089594796b99dca4ab07f7d41,2026-06-04T02:54:15Z,4,Funny concept very good,fc789ef1b21e4b4cbc0099328e3be85b
spotify:track:2NBQmPrOEEjA8VbeWOQGxO,e4fc2f3089594796b99dca4ab07f7d41,2026-06-04T02:54:15Z,5,,fc789ef1b21e4b4cbc0099328e3be85b
spotify:track:3uCkIqD0VzQUijbs8WIizs,e4fc2f3089594796b99dca4ab07f7d41,2026-06-04T02:54:15Z,1,Stunning imagery and a clever take on the theme,fc789ef1b21e4b4cbc0099328e3be85b
spotify:track:4EYJccyspoQHVMGAUPnLCV,e4fc2f3089594796b99dca4ab07f7d41,2026-06-04T02:54:15Z,3,Incredibly unsuspectingly poopy song ,fc789ef1b21e4b4cbc0099328e3be85b
spotify:track:4w2Furap0ZzaiK4J14E9sR,e4fc2f3089594796b99dca4ab07f7d41,2026-06-04T02:54:15Z,1,,fc789ef1b21e4b4cbc0099328e3be85b
spotify:track:52DKGPMQ21DauCR19pQ0BK,e4fc2f3089594796b99dca4ab07f7d41,2026-06-04T02:54:15Z,8,Made me laugh this is a great choice ,fc789ef1b21e4b4cbc0099328e3be85b
spotify:track:6bUNEbXT7HovLW6BgPCBsb,e4fc2f3089594796b99dca4ab07f7d41,2026-06-04T02:54:15Z,7,Extra points because it literally says poo poo,fc789ef1b21e4b4cbc0099328e3be85b
spotify:track:6dGnYIeXmHdcikdzNNDMm2,e4fc2f3089594796b99dca4ab07f7d41,2026-06-04T02:54:15Z,1,A point for the commitment to the comment 👏,fc789ef1b21e4b4cbc0099328e3be85b
spotify:track:6sT9MWlJManry3EQwf4V80,e4fc2f3089594796b99dca4ab07f7d41,2026-06-04T02:54:15Z,6,Classic,fc789ef1b21e4b4cbc0099328e3be85b
spotify:track:0bB0aRsAB2CTYRCeoMOFHU,a8e4878c0eef4cf2b98d20b54391601d,2026-06-04T08:17:13Z,3,,fc789ef1b21e4b4cbc0099328e3be85b
spotify:track:1VKPiQJnV15flF5B3zeocD,a8e4878c0eef4cf2b98d20b54391601d,2026-06-04T08:17:13Z,3,,fc789ef1b21e4b4cbc0099328e3be85b
spotify:track:2NBQmPrOEEjA8VbeWOQGxO,a8e4878c0eef4cf2b98d20b54391601d,2026-06-04T08:17:13Z,2,,fc789ef1b21e4b4cbc0099328e3be85b
spotify:track:3uCkIqD0VzQUijbs8WIizs,a8e4878c0eef4cf2b98d20b54391601d,2026-06-04T08:17:13Z,1,,fc789ef1b21e4b4cbc0099328e3be85b
spotify:track:4EYJccyspoQHVMGAUPnLCV,a8e4878c0eef4cf2b98d20b54391601d,2026-06-04T08:17:13Z,2,,fc789ef1b21e4b4cbc0099328e3be85b
spotify:track:4w2Furap0ZzaiK4J14E9sR,a8e4878c0eef4cf2b98d20b54391601d,2026-06-04T08:17:13Z,3,,fc789ef1b21e4b4cbc0099328e3be85b
spotify:track:52DKGPMQ21DauCR19pQ0BK,a8e4878c0eef4cf2b98d20b54391601d,2026-06-04T08:17:13Z,1,,fc789ef1b21e4b4cbc0099328e3be85b
spotify:track:5GpfyJrKHJI36jDKtQiyGN,a8e4878c0eef4cf2b98d20b54391601d,2026-06-04T08:17:13Z,4,,fc789ef1b21e4b4cbc0099328e3be85b
spotify:track:66IC0uXoVyYT5q3R27bbZy,a8e4878c0eef4cf2b98d20b54391601d,2026-06-04T08:17:13Z,4,,fc789ef1b21e4b4cbc0099328e3be85b
spotify:track:6bUNEbXT7HovLW6BgPCBsb,a8e4878c0eef4cf2b98d20b54391601d,2026-06-04T08:17:13Z,2,,fc789ef1b21e4b4cbc0099328e3be85b
spotify:track:6dGnYIeXmHdcikdzNNDMm2,a8e4878c0eef4cf2b98d20b54391601d,2026-06-04T08:17:13Z,4,,fc789ef1b21e4b4cbc0099328e3be85b
spotify:track:6sT9MWlJManry3EQwf4V80,a8e4878c0eef4cf2b98d20b54391601d,2026-06-04T08:17:13Z,4,,fc789ef1b21e4b4cbc0099328e3be85b
spotify:track:7FSYgJxIdEYErnIOEA8nG3,a8e4878c0eef4cf2b98d20b54391601d,2026-06-04T08:17:13Z,3,,fc789ef1b21e4b4cbc0099328e3be85b
spotify:track:0bB0aRsAB2CTYRCeoMOFHU,a3ae0c49642a47d48c37d7c01c632225,2026-06-04T08:21:18Z,5,,fc789ef1b21e4b4cbc0099328e3be85b
spotify:track:1VKPiQJnV15flF5B3zeocD,a3ae0c49642a47d48c37d7c01c632225,2026-06-04T08:21:18Z,3,,fc789ef1b21e4b4cbc0099328e3be85b
spotify:track:2NBQmPrOEEjA8VbeWOQGxO,a3ae0c49642a47d48c37d7c01c632225,2026-06-04T08:21:18Z,2,,fc789ef1b21e4b4cbc0099328e3be85b
spotify:track:3uCkIqD0VzQUijbs8WIizs,a3ae0c49642a47d48c37d7c01c632225,2026-06-04T08:21:18Z,1,,fc789ef1b21e4b4cbc0099328e3be85b
spotify:track:4EYJccyspoQHVMGAUPnLCV,a3ae0c49642a47d48c37d7c01c632225,2026-06-04T08:21:18Z,3,,fc789ef1b21e4b4cbc0099328e3be85b
spotify:track:4w2Furap0ZzaiK4J14E9sR,a3ae0c49642a47d48c37d7c01c632225,2026-06-04T08:21:18Z,1,,fc789ef1b21e4b4cbc0099328e3be85b
spotify:track:4xdBrk0nFZaP54vvZj0yx7,a3ae0c49642a47d48c37d7c01c632225,2026-06-04T08:21:18Z,1,,fc789ef1b21e4b4cbc0099328e3be85b
spotify:track:52DKGPMQ21DauCR19pQ0BK,a3ae0c49642a47d48c37d7c01c632225,2026-06-04T08:21:18Z,4,,fc789ef1b21e4b4cbc0099328e3be85b
spotify:track:5GpfyJrKHJI36jDKtQiyGN,a3ae0c49642a47d48c37d7c01c632225,2026-06-04T08:21:18Z,7,,fc789ef1b21e4b4cbc0099328e3be85b
spotify:track:66IC0uXoVyYT5q3R27bbZy,a3ae0c49642a47d48c37d7c01c632225,2026-06-04T08:21:18Z,4,,fc789ef1b21e4b4cbc0099328e3be85b
spotify:track:6bUNEbXT7HovLW6BgPCBsb,a3ae0c49642a47d48c37d7c01c632225,2026-06-04T08:21:18Z,1,,fc789ef1b21e4b4cbc0099328e3be85b
spotify:track:6sT9MWlJManry3EQwf4V80,a3ae0c49642a47d48c37d7c01c632225,2026-06-04T08:21:18Z,4,,fc789ef1b21e4b4cbc0099328e3be85b
spotify:track:0bB0aRsAB2CTYRCeoMOFHU,78d12b4b50924b6e83f2a060a150a8e8,2026-06-04T09:34:20Z,3,,fc789ef1b21e4b4cbc0099328e3be85b
spotify:track:1VKPiQJnV15flF5B3zeocD,78d12b4b50924b6e83f2a060a150a8e8,2026-06-04T09:34:20Z,2,,fc789ef1b21e4b4cbc0099328e3be85b
spotify:track:2NBQmPrOEEjA8VbeWOQGxO,78d12b4b50924b6e83f2a060a150a8e8,2026-06-04T09:34:20Z,3,,fc789ef1b21e4b4cbc0099328e3be85b
spotify:track:3uCkIqD0VzQUijbs8WIizs,78d12b4b50924b6e83f2a060a150a8e8,2026-06-04T09:34:20Z,3,,fc789ef1b21e4b4cbc0099328e3be85b
spotify:track:52DKGPMQ21DauCR19pQ0BK,78d12b4b50924b6e83f2a060a150a8e8,2026-06-04T09:34:20Z,3,,fc789ef1b21e4b4cbc0099328e3be85b
spotify:track:5GpfyJrKHJI36jDKtQiyGN,78d12b4b50924b6e83f2a060a150a8e8,2026-06-04T09:34:20Z,3,,fc789ef1b21e4b4cbc0099328e3be85b
spotify:track:66IC0uXoVyYT5q3R27bbZy,78d12b4b50924b6e83f2a060a150a8e8,2026-06-04T09:34:20Z,4,,fc789ef1b21e4b4cbc0099328e3be85b
spotify:track:6bUNEbXT7HovLW6BgPCBsb,78d12b4b50924b6e83f2a060a150a8e8,2026-06-04T09:34:20Z,4,,fc789ef1b21e4b4cbc0099328e3be85b
spotify:track:6dGnYIeXmHdcikdzNNDMm2,78d12b4b50924b6e83f2a060a150a8e8,2026-06-04T09:34:20Z,4,,fc789ef1b21e4b4cbc0099328e3be85b
spotify:track:6sT9MWlJManry3EQwf4V80,78d12b4b50924b6e83f2a060a150a8e8,2026-06-04T09:34:20Z,4,,fc789ef1b21e4b4cbc0099328e3be85b
spotify:track:7FSYgJxIdEYErnIOEA8nG3,78d12b4b50924b6e83f2a060a150a8e8,2026-06-04T09:34:20Z,3,,fc789ef1b21e4b4cbc0099328e3be85b
spotify:track:0bB0aRsAB2CTYRCeoMOFHU,3828fb97e38e4bfdac4343c43216a492,2026-06-04T12:12:53Z,4,,fc789ef1b21e4b4cbc0099328e3be85b
spotify:track:1VKPiQJnV15flF5B3zeocD,3828fb97e38e4bfdac4343c43216a492,2026-06-04T12:12:53Z,1,,fc789ef1b21e4b4cbc0099328e3be85b
spotify:track:2NBQmPrOEEjA8VbeWOQGxO,3828fb97e38e4bfdac4343c43216a492,2026-06-04T12:12:53Z,1,,fc789ef1b21e4b4cbc0099328e3be85b
spotify:track:3uCkIqD0VzQUijbs8WIizs,3828fb97e38e4bfdac4343c43216a492,2026-06-04T12:12:53Z,3,,fc789ef1b21e4b4cbc0099328e3be85b
spotify:track:4EYJccyspoQHVMGAUPnLCV,3828fb97e38e4bfdac4343c43216a492,2026-06-04T12:12:53Z,1,,fc789ef1b21e4b4cbc0099328e3be85b
spotify:track:4w2Furap0ZzaiK4J14E9sR,3828fb97e38e4bfdac4343c43216a492,2026-06-04T12:12:53Z,4,Nice alternative approach to the theme,fc789ef1b21e4b4cbc0099328e3be85b
spotify:track:4xdBrk0nFZaP54vvZj0yx7,3828fb97e38e4bfdac4343c43216a492,2026-06-04T12:12:53Z,2,Love Chappell but a lil explanation of why this fits the theme would have been good ,fc789ef1b21e4b4cbc0099328e3be85b
spotify:track:52DKGPMQ21DauCR19pQ0BK,3828fb97e38e4bfdac4343c43216a492,2026-06-04T12:12:53Z,5,,fc789ef1b21e4b4cbc0099328e3be85b
spotify:track:5GpfyJrKHJI36jDKtQiyGN,3828fb97e38e4bfdac4343c43216a492,2026-06-04T12:12:53Z,4,,fc789ef1b21e4b4cbc0099328e3be85b
spotify:track:66IC0uXoVyYT5q3R27bbZy,3828fb97e38e4bfdac4343c43216a492,2026-06-04T12:12:53Z,3,,fc789ef1b21e4b4cbc0099328e3be85b
spotify:track:6bUNEbXT7HovLW6BgPCBsb,3828fb97e38e4bfdac4343c43216a492,2026-06-04T12:12:53Z,3,,fc789ef1b21e4b4cbc0099328e3be85b
spotify:track:6sT9MWlJManry3EQwf4V80,3828fb97e38e4bfdac4343c43216a492,2026-06-04T12:12:53Z,4,,fc789ef1b21e4b4cbc0099328e3be85b
spotify:track:7FSYgJxIdEYErnIOEA8nG3,3828fb97e38e4bfdac4343c43216a492,2026-06-04T12:12:53Z,1,,fc789ef1b21e4b4cbc0099328e3be85b
spotify:track:0bB0aRsAB2CTYRCeoMOFHU,71c8417802d241c6b2c478d5a45128b3,2026-06-04T13:59:47Z,2,Getting pumped to poop,fc789ef1b21e4b4cbc0099328e3be85b
spotify:track:1VKPiQJnV15flF5B3zeocD,71c8417802d241c6b2c478d5a45128b3,2026-06-04T13:59:47Z,2,Funny title gets some points ,fc789ef1b21e4b4cbc0099328e3be85b
spotify:track:2NBQmPrOEEjA8VbeWOQGxO,71c8417802d241c6b2c478d5a45128b3,2026-06-04T13:59:47Z,5,"Fits so well, also forgot Pharrell was on this ",fc789ef1b21e4b4cbc0099328e3be85b
spotify:track:3uCkIqD0VzQUijbs8WIizs,71c8417802d241c6b2c478d5a45128b3,2026-06-04T13:59:47Z,1,Didn't enjoy this ,fc789ef1b21e4b4cbc0099328e3be85b
spotify:track:4EYJccyspoQHVMGAUPnLCV,71c8417802d241c6b2c478d5a45128b3,2026-06-04T13:59:47Z,4,Incredible that this is the same band who made Ocean Man,fc789ef1b21e4b4cbc0099328e3be85b
spotify:track:4w2Furap0ZzaiK4J14E9sR,71c8417802d241c6b2c478d5a45128b3,2026-06-04T13:59:47Z,1,goofy ass track smh,fc789ef1b21e4b4cbc0099328e3be85b
spotify:track:4xdBrk0nFZaP54vvZj0yx7,71c8417802d241c6b2c478d5a45128b3,2026-06-04T13:59:47Z,4,Hoping for your life you make it back to your porcelain throne in time ,fc789ef1b21e4b4cbc0099328e3be85b
spotify:track:52DKGPMQ21DauCR19pQ0BK,71c8417802d241c6b2c478d5a45128b3,2026-06-04T13:59:47Z,4,Me after a night on the Guinness ,fc789ef1b21e4b4cbc0099328e3be85b
spotify:track:5GpfyJrKHJI36jDKtQiyGN,71c8417802d241c6b2c478d5a45128b3,2026-06-04T13:59:47Z,4,Good pick ,fc789ef1b21e4b4cbc0099328e3be85b
spotify:track:66IC0uXoVyYT5q3R27bbZy,71c8417802d241c6b2c478d5a45128b3,2026-06-04T13:59:47Z,4,Sideball,fc789ef1b21e4b4cbc0099328e3be85b
spotify:track:6dGnYIeXmHdcikdzNNDMm2,71c8417802d241c6b2c478d5a45128b3,2026-06-04T13:59:47Z,2,It's alright ,fc789ef1b21e4b4cbc0099328e3be85b
spotify:track:6sT9MWlJManry3EQwf4V80,71c8417802d241c6b2c478d5a45128b3,2026-06-04T13:59:47Z,1,Point for the title but not my jam,fc789ef1b21e4b4cbc0099328e3be85b
spotify:track:7FSYgJxIdEYErnIOEA8nG3,71c8417802d241c6b2c478d5a45128b3,2026-06-04T13:59:47Z,2,,fc789ef1b21e4b4cbc0099328e3be85b
spotify:track:0bB0aRsAB2CTYRCeoMOFHU,2fc9c6b8f92145d697caadac61426533,2026-06-04T14:34:11Z,2,,fc789ef1b21e4b4cbc0099328e3be85b
spotify:track:3uCkIqD0VzQUijbs8WIizs,2fc9c6b8f92145d697caadac61426533,2026-06-04T14:34:11Z,5,,fc789ef1b21e4b4cbc0099328e3be85b
spotify:track:4EYJccyspoQHVMGAUPnLCV,2fc9c6b8f92145d697caadac61426533,2026-06-04T14:34:11Z,7,"I see ween, I up vote ",fc789ef1b21e4b4cbc0099328e3be85b
spotify:track:4xdBrk0nFZaP54vvZj0yx7,2fc9c6b8f92145d697caadac61426533,2026-06-04T14:34:11Z,3,,fc789ef1b21e4b4cbc0099328e3be85b
spotify:track:52DKGPMQ21DauCR19pQ0BK,2fc9c6b8f92145d697caadac61426533,2026-06-04T14:34:11Z,5,,fc789ef1b21e4b4cbc0099328e3be85b
spotify:track:5GpfyJrKHJI36jDKtQiyGN,2fc9c6b8f92145d697caadac61426533,2026-06-04T14:34:11Z,4,,fc789ef1b21e4b4cbc0099328e3be85b
spotify:track:66IC0uXoVyYT5q3R27bbZy,2fc9c6b8f92145d697caadac61426533,2026-06-04T14:34:11Z,4,,fc789ef1b21e4b4cbc0099328e3be85b
spotify:track:6bUNEbXT7HovLW6BgPCBsb,2fc9c6b8f92145d697caadac61426533,2026-06-04T14:34:11Z,0,Isn't this song literally about poo lol,fc789ef1b21e4b4cbc0099328e3be85b
spotify:track:6sT9MWlJManry3EQwf4V80,2fc9c6b8f92145d697caadac61426533,2026-06-04T14:34:11Z,3,,fc789ef1b21e4b4cbc0099328e3be85b
spotify:track:7FSYgJxIdEYErnIOEA8nG3,2fc9c6b8f92145d697caadac61426533,2026-06-04T14:34:11Z,3,,fc789ef1b21e4b4cbc0099328e3be85b
spotify:track:0bB0aRsAB2CTYRCeoMOFHU,acce4ec537804cfc8a1c34efb041aa52,2026-06-04T15:44:40Z,3,,fc789ef1b21e4b4cbc0099328e3be85b
spotify:track:1VKPiQJnV15flF5B3zeocD,acce4ec537804cfc8a1c34efb041aa52,2026-06-04T15:44:40Z,8,,fc789ef1b21e4b4cbc0099328e3be85b
spotify:track:2NBQmPrOEEjA8VbeWOQGxO,acce4ec537804cfc8a1c34efb041aa52,2026-06-04T15:44:40Z,1,,fc789ef1b21e4b4cbc0099328e3be85b
spotify:track:3uCkIqD0VzQUijbs8WIizs,acce4ec537804cfc8a1c34efb041aa52,2026-06-04T15:44:40Z,3,,fc789ef1b21e4b4cbc0099328e3be85b
spotify:track:4EYJccyspoQHVMGAUPnLCV,acce4ec537804cfc8a1c34efb041aa52,2026-06-04T15:44:40Z,1,,fc789ef1b21e4b4cbc0099328e3be85b
spotify:track:4w2Furap0ZzaiK4J14E9sR,acce4ec537804cfc8a1c34efb041aa52,2026-06-04T15:44:40Z,3,,fc789ef1b21e4b4cbc0099328e3be85b
spotify:track:4xdBrk0nFZaP54vvZj0yx7,acce4ec537804cfc8a1c34efb041aa52,2026-06-04T15:44:40Z,2,,fc789ef1b21e4b4cbc0099328e3be85b
spotify:track:66IC0uXoVyYT5q3R27bbZy,acce4ec537804cfc8a1c34efb041aa52,2026-06-04T15:44:40Z,5,,fc789ef1b21e4b4cbc0099328e3be85b
spotify:track:6bUNEbXT7HovLW6BgPCBsb,acce4ec537804cfc8a1c34efb041aa52,2026-06-04T15:44:40Z,2,,fc789ef1b21e4b4cbc0099328e3be85b
spotify:track:6dGnYIeXmHdcikdzNNDMm2,acce4ec537804cfc8a1c34efb041aa52,2026-06-04T15:44:40Z,1,,fc789ef1b21e4b4cbc0099328e3be85b
spotify:track:6sT9MWlJManry3EQwf4V80,acce4ec537804cfc8a1c34efb041aa52,2026-06-04T15:44:40Z,4,,fc789ef1b21e4b4cbc0099328e3be85b
spotify:track:7FSYgJxIdEYErnIOEA8nG3,acce4ec537804cfc8a1c34efb041aa52,2026-06-04T15:44:40Z,3,,fc789ef1b21e4b4cbc0099328e3be85b
spotify:track:0bB0aRsAB2CTYRCeoMOFHU,1d843b6c8a8946b9bda7ad95b6ccc195,2026-06-04T18:04:47Z,2,Bop and I enjoyed it in the context,fc789ef1b21e4b4cbc0099328e3be85b
spotify:track:1VKPiQJnV15flF5B3zeocD,1d843b6c8a8946b9bda7ad95b6ccc195,2026-06-04T18:04:47Z,4,Sexy,fc789ef1b21e4b4cbc0099328e3be85b
spotify:track:2NBQmPrOEEjA8VbeWOQGxO,1d843b6c8a8946b9bda7ad95b6ccc195,2026-06-04T18:04:47Z,3,,fc789ef1b21e4b4cbc0099328e3be85b
spotify:track:3uCkIqD0VzQUijbs8WIizs,1d843b6c8a8946b9bda7ad95b6ccc195,2026-06-04T18:04:47Z,3,Love this song and you've given it a whole new meaning ,fc789ef1b21e4b4cbc0099328e3be85b
spotify:track:4EYJccyspoQHVMGAUPnLCV,1d843b6c8a8946b9bda7ad95b6ccc195,2026-06-04T18:04:47Z,2,,fc789ef1b21e4b4cbc0099328e3be85b
spotify:track:4w2Furap0ZzaiK4J14E9sR,1d843b6c8a8946b9bda7ad95b6ccc195,2026-06-04T18:04:47Z,4,Forgot she was obsessed with poop and farts lol,fc789ef1b21e4b4cbc0099328e3be85b
spotify:track:4xdBrk0nFZaP54vvZj0yx7,1d843b6c8a8946b9bda7ad95b6ccc195,2026-06-04T18:04:47Z,2,,fc789ef1b21e4b4cbc0099328e3be85b
spotify:track:5GpfyJrKHJI36jDKtQiyGN,1d843b6c8a8946b9bda7ad95b6ccc195,2026-06-04T18:04:47Z,1,,fc789ef1b21e4b4cbc0099328e3be85b
spotify:track:66IC0uXoVyYT5q3R27bbZy,1d843b6c8a8946b9bda7ad95b6ccc195,2026-06-04T18:04:47Z,4,,fc789ef1b21e4b4cbc0099328e3be85b
spotify:track:6bUNEbXT7HovLW6BgPCBsb,1d843b6c8a8946b9bda7ad95b6ccc195,2026-06-04T18:04:47Z,4,,fc789ef1b21e4b4cbc0099328e3be85b
spotify:track:6dGnYIeXmHdcikdzNNDMm2,1d843b6c8a8946b9bda7ad95b6ccc195,2026-06-04T18:04:47Z,0,Very creative story but it's a big stretch for the theme I'm afraid,fc789ef1b21e4b4cbc0099328e3be85b
spotify:track:6sT9MWlJManry3EQwf4V80,1d843b6c8a8946b9bda7ad95b6ccc195,2026-06-04T18:04:47Z,3,Had to be done all right,fc789ef1b21e4b4cbc0099328e3be85b
spotify:track:7FSYgJxIdEYErnIOEA8nG3,1d843b6c8a8946b9bda7ad95b6ccc195,2026-06-04T18:04:47Z,4,,fc789ef1b21e4b4cbc0099328e3be85b
spotify:track:05QGaQnoBuda27vXxpuiRU,a3ae0c49642a47d48c37d7c01c632225,2026-06-08T12:24:32Z,2,,40f71c68d08944faad48aa7c348782ca
spotify:track:2fhOljbX79loRcdl47SFye,a3ae0c49642a47d48c37d7c01c632225,2026-06-08T12:24:32Z,2,,40f71c68d08944faad48aa7c348782ca
spotify:track:4Py6Be35Kp6FTKDOp1i2LE,a3ae0c49642a47d48c37d7c01c632225,2026-06-08T12:24:32Z,1,,40f71c68d08944faad48aa7c348782ca
spotify:track:4rDNGiBF4tZbCDeeTH42II,a3ae0c49642a47d48c37d7c01c632225,2026-06-08T12:24:32Z,1,,40f71c68d08944faad48aa7c348782ca
spotify:track:5DZ4M3yMat79ok25rZHuA9,a3ae0c49642a47d48c37d7c01c632225,2026-06-08T12:24:32Z,1,,40f71c68d08944faad48aa7c348782ca
spotify:track:5gz0QlcMMxQXZgXC1uvi5k,a3ae0c49642a47d48c37d7c01c632225,2026-06-08T12:24:32Z,2,,40f71c68d08944faad48aa7c348782ca
spotify:track:5WTQtZm6FVkNFJf4kx65Yh,a3ae0c49642a47d48c37d7c01c632225,2026-06-08T12:24:32Z,4,,40f71c68d08944faad48aa7c348782ca
spotify:track:6oCXDaFZYL7sHnowv6pdXb,a3ae0c49642a47d48c37d7c01c632225,2026-06-08T12:24:32Z,5,,40f71c68d08944faad48aa7c348782ca
spotify:track:73uJybGAhwGRD9MZYrOmTY,a3ae0c49642a47d48c37d7c01c632225,2026-06-08T12:24:32Z,7,,40f71c68d08944faad48aa7c348782ca
spotify:track:7FxmqbpHbPmLAAdYERkFoN,a3ae0c49642a47d48c37d7c01c632225,2026-06-08T12:24:32Z,6,,40f71c68d08944faad48aa7c348782ca
spotify:track:7gSZkeBr9Koc9Rfm3pp769,a3ae0c49642a47d48c37d7c01c632225,2026-06-08T12:24:32Z,4,,40f71c68d08944faad48aa7c348782ca
spotify:track:7t3VZQzCG5IW3PHRHT6Tip,a3ae0c49642a47d48c37d7c01c632225,2026-06-08T12:24:32Z,1,,40f71c68d08944faad48aa7c348782ca
spotify:track:05QGaQnoBuda27vXxpuiRU,71c8417802d241c6b2c478d5a45128b3,2026-06-08T15:52:46Z,2,,40f71c68d08944faad48aa7c348782ca
spotify:track:2fhOljbX79loRcdl47SFye,71c8417802d241c6b2c478d5a45128b3,2026-06-08T15:52:46Z,2,,40f71c68d08944faad48aa7c348782ca
spotify:track:4Py6Be35Kp6FTKDOp1i2LE,71c8417802d241c6b2c478d5a45128b3,2026-06-08T15:52:46Z,1,,40f71c68d08944faad48aa7c348782ca
spotify:track:4rDNGiBF4tZbCDeeTH42II,71c8417802d241c6b2c478d5a45128b3,2026-06-08T15:52:46Z,2,"Appreciating the Nordic link here, mmmmm nordic, nordic spirit ",40f71c68d08944faad48aa7c348782ca
spotify:track:5DZ4M3yMat79ok25rZHuA9,71c8417802d241c6b2c478d5a45128b3,2026-06-08T15:52:46Z,8,"Very nearly submitted this, love it",40f71c68d08944faad48aa7c348782ca
spotify:track:5gz0QlcMMxQXZgXC1uvi5k,71c8417802d241c6b2c478d5a45128b3,2026-06-08T15:52:46Z,5,Good vibes here ,40f71c68d08944faad48aa7c348782ca
spotify:track:5WTQtZm6FVkNFJf4kx65Yh,71c8417802d241c6b2c478d5a45128b3,2026-06-08T15:52:46Z,2,,40f71c68d08944faad48aa7c348782ca
spotify:track:5Zsc5iKqeqfIyYsLuB2vrp,71c8417802d241c6b2c478d5a45128b3,2026-06-08T15:52:46Z,2,,40f71c68d08944faad48aa7c348782ca
spotify:track:6HTVZeVQ9J6Uiq6tHESxU9,71c8417802d241c6b2c478d5a45128b3,2026-06-08T15:52:46Z,3,Such a classic ,40f71c68d08944faad48aa7c348782ca
spotify:track:6oCXDaFZYL7sHnowv6pdXb,71c8417802d241c6b2c478d5a45128b3,2026-06-08T15:52:46Z,3,Sad girl indie 4 eva,40f71c68d08944faad48aa7c348782ca
spotify:track:73uJybGAhwGRD9MZYrOmTY,71c8417802d241c6b2c478d5a45128b3,2026-06-08T15:52:46Z,2,A very Sufjan Stevens-coded image,40f71c68d08944faad48aa7c348782ca
spotify:track:7FxmqbpHbPmLAAdYERkFoN,71c8417802d241c6b2c478d5a45128b3,2026-06-08T15:52:46Z,2,Fun vibe ,40f71c68d08944faad48aa7c348782ca
spotify:track:7gSZkeBr9Koc9Rfm3pp769,71c8417802d241c6b2c478d5a45128b3,2026-06-08T15:52:46Z,2,,40f71c68d08944faad48aa7c348782ca
spotify:track:2fhOljbX79loRcdl47SFye,e4fc2f3089594796b99dca4ab07f7d41,2026-06-08T20:55:26Z,1,,40f71c68d08944faad48aa7c348782ca
spotify:track:4Py6Be35Kp6FTKDOp1i2LE,e4fc2f3089594796b99dca4ab07f7d41,2026-06-08T20:55:26Z,0,Not for me sowwy :(,40f71c68d08944faad48aa7c348782ca
spotify:track:4rDNGiBF4tZbCDeeTH42II,e4fc2f3089594796b99dca4ab07f7d41,2026-06-08T20:55:26Z,2,Aurora HAS to be included very good but not my favourite of hers,40f71c68d08944faad48aa7c348782ca
spotify:track:5DZ4M3yMat79ok25rZHuA9,e4fc2f3089594796b99dca4ab07f7d41,2026-06-08T20:55:26Z,0,Too short for wanting to zone out in the forest for me sadly ,40f71c68d08944faad48aa7c348782ca
spotify:track:5gz0QlcMMxQXZgXC1uvi5k,e4fc2f3089594796b99dca4ab07f7d41,2026-06-08T20:55:26Z,3,The birds throughout gives this extra points also I love the title,40f71c68d08944faad48aa7c348782ca
spotify:track:5WTQtZm6FVkNFJf4kx65Yh,e4fc2f3089594796b99dca4ab07f7d41,2026-06-08T20:55:26Z,5,Lovely vibe I want to be barefoot listening to this,40f71c68d08944faad48aa7c348782ca
spotify:track:5Zsc5iKqeqfIyYsLuB2vrp,e4fc2f3089594796b99dca4ab07f7d41,2026-06-08T20:55:26Z,0,Don’t think this matches the vibe at all soz xo,40f71c68d08944faad48aa7c348782ca
spotify:track:6HTVZeVQ9J6Uiq6tHESxU9,e4fc2f3089594796b99dca4ab07f7d41,2026-06-08T20:55:26Z,4,It’s giving Discover Ireland and also cute montage of friends on a forest trip,40f71c68d08944faad48aa7c348782ca
spotify:track:73uJybGAhwGRD9MZYrOmTY,e4fc2f3089594796b99dca4ab07f7d41,2026-06-08T20:55:26Z,7,Love,40f71c68d08944faad48aa7c348782ca
spotify:track:7FxmqbpHbPmLAAdYERkFoN,e4fc2f3089594796b99dca4ab07f7d41,2026-06-08T20:55:26Z,8,Super pick and very Norwegian vibe also ,40f71c68d08944faad48aa7c348782ca
spotify:track:7gSZkeBr9Koc9Rfm3pp769,e4fc2f3089594796b99dca4ab07f7d41,2026-06-08T20:55:26Z,6,,40f71c68d08944faad48aa7c348782ca
spotify:track:7t3VZQzCG5IW3PHRHT6Tip,e4fc2f3089594796b99dca4ab07f7d41,2026-06-08T20:55:26Z,0,Too beep boop nintendo,40f71c68d08944faad48aa7c348782ca
spotify:track:05QGaQnoBuda27vXxpuiRU,96d515a50352471caca66cdd7e710407,2026-06-09T13:36:42Z,1,,40f71c68d08944faad48aa7c348782ca
spotify:track:2fhOljbX79loRcdl47SFye,96d515a50352471caca66cdd7e710407,2026-06-09T13:36:42Z,4,,40f71c68d08944faad48aa7c348782ca
spotify:track:4Py6Be35Kp6FTKDOp1i2LE,96d515a50352471caca66cdd7e710407,2026-06-09T13:36:42Z,8,Would give you 9/8 points if I could. Perfect Beck scene ,40f71c68d08944faad48aa7c348782ca
spotify:track:4rDNGiBF4tZbCDeeTH42II,96d515a50352471caca66cdd7e710407,2026-06-09T13:36:42Z,2,,40f71c68d08944faad48aa7c348782ca
spotify:track:5gz0QlcMMxQXZgXC1uvi5k,96d515a50352471caca66cdd7e710407,2026-06-09T13:36:42Z,5,Thank you for the beautiful prose and the stunning song ,40f71c68d08944faad48aa7c348782ca
spotify:track:5WTQtZm6FVkNFJf4kx65Yh,96d515a50352471caca66cdd7e710407,2026-06-09T13:36:42Z,1,,40f71c68d08944faad48aa7c348782ca
spotify:track:5Zsc5iKqeqfIyYsLuB2vrp,96d515a50352471caca66cdd7e710407,2026-06-09T13:36:42Z,1,Huge David Gray fan but it's a slight miss for me on the theme ,40f71c68d08944faad48aa7c348782ca
spotify:track:6HTVZeVQ9J6Uiq6tHESxU9,96d515a50352471caca66cdd7e710407,2026-06-09T13:36:42Z,2,,40f71c68d08944faad48aa7c348782ca
spotify:track:6oCXDaFZYL7sHnowv6pdXb,96d515a50352471caca66cdd7e710407,2026-06-09T13:36:42Z,5,Beautiful,40f71c68d08944faad48aa7c348782ca
spotify:track:73uJybGAhwGRD9MZYrOmTY,96d515a50352471caca66cdd7e710407,2026-06-09T13:36:42Z,1,,40f71c68d08944faad48aa7c348782ca
spotify:track:7FxmqbpHbPmLAAdYERkFoN,96d515a50352471caca66cdd7e710407,2026-06-09T13:36:42Z,2,,40f71c68d08944faad48aa7c348782ca
spotify:track:7gSZkeBr9Koc9Rfm3pp769,96d515a50352471caca66cdd7e710407,2026-06-09T13:36:42Z,2,,40f71c68d08944faad48aa7c348782ca
spotify:track:7t3VZQzCG5IW3PHRHT6Tip,96d515a50352471caca66cdd7e710407,2026-06-09T13:36:42Z,2,,40f71c68d08944faad48aa7c348782ca
spotify:track:05QGaQnoBuda27vXxpuiRU,d007026516024c34981c654238511be8,2026-06-09T14:06:41Z,0,I do love this song but Hozier too loud this time:( ,40f71c68d08944faad48aa7c348782ca
spotify:track:2fhOljbX79loRcdl47SFye,d007026516024c34981c654238511be8,2026-06-09T14:06:41Z,3,Before Mac not getting to play at primavera ,40f71c68d08944faad48aa7c348782ca
spotify:track:4Py6Be35Kp6FTKDOp1i2LE,d007026516024c34981c654238511be8,2026-06-09T14:06:41Z,2,Quite nice but a bit anxiety inducing for some reason ,40f71c68d08944faad48aa7c348782ca
spotify:track:4rDNGiBF4tZbCDeeTH42II,d007026516024c34981c654238511be8,2026-06-09T14:06:41Z,1,Cletus Spuckler approves this song,40f71c68d08944faad48aa7c348782ca
spotify:track:5DZ4M3yMat79ok25rZHuA9,d007026516024c34981c654238511be8,2026-06-09T14:06:41Z,4,,40f71c68d08944faad48aa7c348782ca
spotify:track:5WTQtZm6FVkNFJf4kx65Yh,d007026516024c34981c654238511be8,2026-06-09T14:06:41Z,4,,40f71c68d08944faad48aa7c348782ca
spotify:track:5Zsc5iKqeqfIyYsLuB2vrp,d007026516024c34981c654238511be8,2026-06-09T14:06:41Z,4,"Will always be a David Gray stan, my first ever concert!",40f71c68d08944faad48aa7c348782ca
spotify:track:6HTVZeVQ9J6Uiq6tHESxU9,d007026516024c34981c654238511be8,2026-06-09T14:06:41Z,2,,40f71c68d08944faad48aa7c348782ca
spotify:track:6oCXDaFZYL7sHnowv6pdXb,d007026516024c34981c654238511be8,2026-06-09T14:06:41Z,2,,40f71c68d08944faad48aa7c348782ca
spotify:track:73uJybGAhwGRD9MZYrOmTY,d007026516024c34981c654238511be8,2026-06-09T14:06:41Z,5,Pretty - I’m getting hints of Simon & Garfunkel off this,40f71c68d08944faad48aa7c348782ca
spotify:track:7FxmqbpHbPmLAAdYERkFoN,d007026516024c34981c654238511be8,2026-06-09T14:06:41Z,0,A little bit too diddly dieddly doddly for me,40f71c68d08944faad48aa7c348782ca
spotify:track:7gSZkeBr9Koc9Rfm3pp769,d007026516024c34981c654238511be8,2026-06-09T14:06:41Z,3,,40f71c68d08944faad48aa7c348782ca
spotify:track:7t3VZQzCG5IW3PHRHT6Tip,d007026516024c34981c654238511be8,2026-06-09T14:06:41Z,6,So pretty I loved this. I think we were on the same buzz in our selections. Don’t want the song choice to over power the sound of nature all around,40f71c68d08944faad48aa7c348782ca
spotify:track:05QGaQnoBuda27vXxpuiRU,dfd346d38f17465b9e121991477a6c8b,2026-06-09T16:11:11Z,8,Luvvly ,40f71c68d08944faad48aa7c348782ca
spotify:track:2fhOljbX79loRcdl47SFye,dfd346d38f17465b9e121991477a6c8b,2026-06-09T16:11:11Z,2,,40f71c68d08944faad48aa7c348782ca
spotify:track:4Py6Be35Kp6FTKDOp1i2LE,dfd346d38f17465b9e121991477a6c8b,2026-06-09T16:11:11Z,1,Didn’t do enough to justify the 5 min run time - pleasant strings but a bit repetitive ,40f71c68d08944faad48aa7c348782ca
spotify:track:5gz0QlcMMxQXZgXC1uvi5k,dfd346d38f17465b9e121991477a6c8b,2026-06-09T16:11:11Z,2,"Love the birdsong, doesn’t do enough musically for me ",40f71c68d08944faad48aa7c348782ca
spotify:track:5WTQtZm6FVkNFJf4kx65Yh,dfd346d38f17465b9e121991477a6c8b,2026-06-09T16:11:11Z,2,,40f71c68d08944faad48aa7c348782ca
spotify:track:5Zsc5iKqeqfIyYsLuB2vrp,dfd346d38f17465b9e121991477a6c8b,2026-06-09T16:11:11Z,5,,40f71c68d08944faad48aa7c348782ca
spotify:track:6HTVZeVQ9J6Uiq6tHESxU9,dfd346d38f17465b9e121991477a6c8b,2026-06-09T16:11:11Z,4,,40f71c68d08944faad48aa7c348782ca
spotify:track:6oCXDaFZYL7sHnowv6pdXb,dfd346d38f17465b9e121991477a6c8b,2026-06-09T16:11:11Z,3,,40f71c68d08944faad48aa7c348782ca
spotify:track:73uJybGAhwGRD9MZYrOmTY,dfd346d38f17465b9e121991477a6c8b,2026-06-09T16:11:11Z,2,,40f71c68d08944faad48aa7c348782ca
spotify:track:7FxmqbpHbPmLAAdYERkFoN,dfd346d38f17465b9e121991477a6c8b,2026-06-09T16:11:11Z,0,Not for me,40f71c68d08944faad48aa7c348782ca
spotify:track:7gSZkeBr9Koc9Rfm3pp769,dfd346d38f17465b9e121991477a6c8b,2026-06-09T16:11:11Z,7,Love this,40f71c68d08944faad48aa7c348782ca
spotify:track:7t3VZQzCG5IW3PHRHT6Tip,dfd346d38f17465b9e121991477a6c8b,2026-06-09T16:11:11Z,0,"Doesn’t really go anywhere, not my cuppa",40f71c68d08944faad48aa7c348782ca
spotify:track:2fhOljbX79loRcdl47SFye,e43c6e753dbf4f999a68467b26ac1663,2026-06-09T19:45:13Z,4,This whole album would hit so hard beside the Norwegian lake,40f71c68d08944faad48aa7c348782ca
spotify:track:4Py6Be35Kp6FTKDOp1i2LE,e43c6e753dbf4f999a68467b26ac1663,2026-06-09T19:45:13Z,0,Just didn’t do it for me 😭,40f71c68d08944faad48aa7c348782ca
spotify:track:4rDNGiBF4tZbCDeeTH42II,e43c6e753dbf4f999a68467b26ac1663,2026-06-09T19:45:13Z,4,Very nice,40f71c68d08944faad48aa7c348782ca
spotify:track:5DZ4M3yMat79ok25rZHuA9,e43c6e753dbf4f999a68467b26ac1663,2026-06-09T19:45:13Z,3,I wish this was longer!!,40f71c68d08944faad48aa7c348782ca
spotify:track:5gz0QlcMMxQXZgXC1uvi5k,e43c6e753dbf4f999a68467b26ac1663,2026-06-09T19:45:13Z,4,Caption made me tear up fr. Although I fear the bird sounds would distract from the sounds of the actual birds,40f71c68d08944faad48aa7c348782ca
spotify:track:5WTQtZm6FVkNFJf4kx65Yh,e43c6e753dbf4f999a68467b26ac1663,2026-06-09T19:45:13Z,1,Haunting voice,40f71c68d08944faad48aa7c348782ca
spotify:track:5Zsc5iKqeqfIyYsLuB2vrp,e43c6e753dbf4f999a68467b26ac1663,2026-06-09T19:45:13Z,5,Thanks for putting me back on a David Gray buzz. This album is so good,40f71c68d08944faad48aa7c348782ca
spotify:track:6HTVZeVQ9J6Uiq6tHESxU9,e43c6e753dbf4f999a68467b26ac1663,2026-06-09T19:45:13Z,1,,40f71c68d08944faad48aa7c348782ca
spotify:track:6oCXDaFZYL7sHnowv6pdXb,e43c6e753dbf4f999a68467b26ac1663,2026-06-09T19:45:13Z,4,Listening to Lizzy by the lake would bring one to tears,40f71c68d08944faad48aa7c348782ca
spotify:track:73uJybGAhwGRD9MZYrOmTY,e43c6e753dbf4f999a68467b26ac1663,2026-06-09T19:45:13Z,4,This Is Us-heads screaming crying throwing up rn,40f71c68d08944faad48aa7c348782ca
spotify:track:7FxmqbpHbPmLAAdYERkFoN,e43c6e753dbf4f999a68467b26ac1663,2026-06-09T19:45:13Z,3,Class,40f71c68d08944faad48aa7c348782ca
spotify:track:7gSZkeBr9Koc9Rfm3pp769,e43c6e753dbf4f999a68467b26ac1663,2026-06-09T19:45:13Z,3,Gregory is so good for this round,40f71c68d08944faad48aa7c348782ca
spotify:track:05QGaQnoBuda27vXxpuiRU,78d12b4b50924b6e83f2a060a150a8e8,2026-06-09T20:58:18Z,2,,40f71c68d08944faad48aa7c348782ca
spotify:track:2fhOljbX79loRcdl47SFye,78d12b4b50924b6e83f2a060a150a8e8,2026-06-09T20:58:18Z,4,,40f71c68d08944faad48aa7c348782ca
spotify:track:4rDNGiBF4tZbCDeeTH42II,78d12b4b50924b6e83f2a060a150a8e8,2026-06-09T20:58:18Z,3,,40f71c68d08944faad48aa7c348782ca
spotify:track:5DZ4M3yMat79ok25rZHuA9,78d12b4b50924b6e83f2a060a150a8e8,2026-06-09T20:58:18Z,5,,40f71c68d08944faad48aa7c348782ca
spotify:track:5gz0QlcMMxQXZgXC1uvi5k,78d12b4b50924b6e83f2a060a150a8e8,2026-06-09T20:58:18Z,3,,40f71c68d08944faad48aa7c348782ca
spotify:track:5WTQtZm6FVkNFJf4kx65Yh,78d12b4b50924b6e83f2a060a150a8e8,2026-06-09T20:58:18Z,4,,40f71c68d08944faad48aa7c348782ca
spotify:track:5Zsc5iKqeqfIyYsLuB2vrp,78d12b4b50924b6e83f2a060a150a8e8,2026-06-09T20:58:18Z,4,,40f71c68d08944faad48aa7c348782ca
spotify:track:6HTVZeVQ9J6Uiq6tHESxU9,78d12b4b50924b6e83f2a060a150a8e8,2026-06-09T20:58:18Z,3,,40f71c68d08944faad48aa7c348782ca
spotify:track:6oCXDaFZYL7sHnowv6pdXb,78d12b4b50924b6e83f2a060a150a8e8,2026-06-09T20:58:18Z,4,,40f71c68d08944faad48aa7c348782ca
spotify:track:73uJybGAhwGRD9MZYrOmTY,78d12b4b50924b6e83f2a060a150a8e8,2026-06-09T20:58:18Z,2,,40f71c68d08944faad48aa7c348782ca
spotify:track:7FxmqbpHbPmLAAdYERkFoN,78d12b4b50924b6e83f2a060a150a8e8,2026-06-09T20:58:18Z,2,,40f71c68d08944faad48aa7c348782ca
spotify:track:05QGaQnoBuda27vXxpuiRU,a8e4878c0eef4cf2b98d20b54391601d,2026-06-11T08:08:19Z,4,,40f71c68d08944faad48aa7c348782ca
spotify:track:2fhOljbX79loRcdl47SFye,a8e4878c0eef4cf2b98d20b54391601d,2026-06-11T08:08:19Z,3,,40f71c68d08944faad48aa7c348782ca
spotify:track:4Py6Be35Kp6FTKDOp1i2LE,a8e4878c0eef4cf2b98d20b54391601d,2026-06-11T08:08:19Z,4,,40f71c68d08944faad48aa7c348782ca
spotify:track:4rDNGiBF4tZbCDeeTH42II,a8e4878c0eef4cf2b98d20b54391601d,2026-06-11T08:08:19Z,2,,40f71c68d08944faad48aa7c348782ca
spotify:track:5DZ4M3yMat79ok25rZHuA9,a8e4878c0eef4cf2b98d20b54391601d,2026-06-11T08:08:19Z,1,,40f71c68d08944faad48aa7c348782ca
spotify:track:5gz0QlcMMxQXZgXC1uvi5k,a8e4878c0eef4cf2b98d20b54391601d,2026-06-11T08:08:19Z,1,,40f71c68d08944faad48aa7c348782ca
spotify:track:5Zsc5iKqeqfIyYsLuB2vrp,a8e4878c0eef4cf2b98d20b54391601d,2026-06-11T08:08:19Z,2,,40f71c68d08944faad48aa7c348782ca
spotify:track:6HTVZeVQ9J6Uiq6tHESxU9,a8e4878c0eef4cf2b98d20b54391601d,2026-06-11T08:08:19Z,5,Was thinking of this song but couldn’t remember the name! So good,40f71c68d08944faad48aa7c348782ca
spotify:track:6oCXDaFZYL7sHnowv6pdXb,a8e4878c0eef4cf2b98d20b54391601d,2026-06-11T08:08:19Z,2,,40f71c68d08944faad48aa7c348782ca
spotify:track:73uJybGAhwGRD9MZYrOmTY,a8e4878c0eef4cf2b98d20b54391601d,2026-06-11T08:08:19Z,4,,40f71c68d08944faad48aa7c348782ca
spotify:track:7FxmqbpHbPmLAAdYERkFoN,a8e4878c0eef4cf2b98d20b54391601d,2026-06-11T08:08:19Z,2,,40f71c68d08944faad48aa7c348782ca
spotify:track:7gSZkeBr9Koc9Rfm3pp769,a8e4878c0eef4cf2b98d20b54391601d,2026-06-11T08:08:19Z,4,,40f71c68d08944faad48aa7c348782ca
spotify:track:7t3VZQzCG5IW3PHRHT6Tip,a8e4878c0eef4cf2b98d20b54391601d,2026-06-11T08:08:19Z,2,,40f71c68d08944faad48aa7c348782ca
spotify:track:05QGaQnoBuda27vXxpuiRU,0034474c5f804b6e99a366f09da69b35,2026-06-11T09:45:22Z,3,,40f71c68d08944faad48aa7c348782ca
spotify:track:4Py6Be35Kp6FTKDOp1i2LE,0034474c5f804b6e99a366f09da69b35,2026-06-11T09:45:22Z,2,Hmm ,40f71c68d08944faad48aa7c348782ca
spotify:track:4rDNGiBF4tZbCDeeTH42II,0034474c5f804b6e99a366f09da69b35,2026-06-11T09:45:22Z,1,Any more of this and I'll have to go fuck my cousin,40f71c68d08944faad48aa7c348782ca
spotify:track:5DZ4M3yMat79ok25rZHuA9,0034474c5f804b6e99a366f09da69b35,2026-06-11T09:45:22Z,6,"Very short, shame it's not longer, but such a cool sound ",40f71c68d08944faad48aa7c348782ca
spotify:track:5gz0QlcMMxQXZgXC1uvi5k,0034474c5f804b6e99a366f09da69b35,2026-06-11T09:45:22Z,3,This comment feels AI,40f71c68d08944faad48aa7c348782ca
spotify:track:5WTQtZm6FVkNFJf4kx65Yh,0034474c5f804b6e99a366f09da69b35,2026-06-11T09:45:22Z,1,,40f71c68d08944faad48aa7c348782ca
spotify:track:5Zsc5iKqeqfIyYsLuB2vrp,0034474c5f804b6e99a366f09da69b35,2026-06-11T09:45:22Z,7,"Great tune, maybe would have been more but it's maybe a bit higher tempo than I was imagining, but the sweepy synths help get over that ",40f71c68d08944faad48aa7c348782ca
spotify:track:6HTVZeVQ9J6Uiq6tHESxU9,0034474c5f804b6e99a366f09da69b35,2026-06-11T09:45:22Z,3,,40f71c68d08944faad48aa7c348782ca
spotify:track:6oCXDaFZYL7sHnowv6pdXb,0034474c5f804b6e99a366f09da69b35,2026-06-11T09:45:22Z,1,,40f71c68d08944faad48aa7c348782ca
spotify:track:73uJybGAhwGRD9MZYrOmTY,0034474c5f804b6e99a366f09da69b35,2026-06-11T09:45:22Z,2,,40f71c68d08944faad48aa7c348782ca
spotify:track:7FxmqbpHbPmLAAdYERkFoN,0034474c5f804b6e99a366f09da69b35,2026-06-11T09:45:22Z,4,,40f71c68d08944faad48aa7c348782ca
spotify:track:7gSZkeBr9Koc9Rfm3pp769,0034474c5f804b6e99a366f09da69b35,2026-06-11T09:45:22Z,1,,40f71c68d08944faad48aa7c348782ca
spotify:track:7t3VZQzCG5IW3PHRHT6Tip,0034474c5f804b6e99a366f09da69b35,2026-06-11T09:45:22Z,2,💤👶,40f71c68d08944faad48aa7c348782ca
spotify:track:05QGaQnoBuda27vXxpuiRU,1d843b6c8a8946b9bda7ad95b6ccc195,2026-06-11T14:03:27Z,6,The bridge of this must be the most beautiful piece of music ever written. Ridiculous,40f71c68d08944faad48aa7c348782ca
spotify:track:2fhOljbX79loRcdl47SFye,1d843b6c8a8946b9bda7ad95b6ccc195,2026-06-11T14:03:27Z,2,That's a chill vibe,40f71c68d08944faad48aa7c348782ca
spotify:track:4Py6Be35Kp6FTKDOp1i2LE,1d843b6c8a8946b9bda7ad95b6ccc195,2026-06-11T14:03:27Z,1,"It's like interesting and boring at the same time 😂 sorry friendly league, I do see the appeal but not for me",40f71c68d08944faad48aa7c348782ca
spotify:track:4rDNGiBF4tZbCDeeTH42II,1d843b6c8a8946b9bda7ad95b6ccc195,2026-06-11T14:03:27Z,3,That's nice,40f71c68d08944faad48aa7c348782ca
spotify:track:5DZ4M3yMat79ok25rZHuA9,1d843b6c8a8946b9bda7ad95b6ccc195,2026-06-11T14:03:27Z,3,"Gorgeous, wish it was longer but I guess that's the fleetingness of life eh",40f71c68d08944faad48aa7c348782ca
spotify:track:5gz0QlcMMxQXZgXC1uvi5k,1d843b6c8a8946b9bda7ad95b6ccc195,2026-06-11T14:03:27Z,4,Deeeeelightful. Also did you write this manifesto?,40f71c68d08944faad48aa7c348782ca
spotify:track:5WTQtZm6FVkNFJf4kx65Yh,1d843b6c8a8946b9bda7ad95b6ccc195,2026-06-11T14:03:27Z,2,,40f71c68d08944faad48aa7c348782ca
spotify:track:5Zsc5iKqeqfIyYsLuB2vrp,1d843b6c8a8946b9bda7ad95b6ccc195,2026-06-11T14:03:27Z,1,,40f71c68d08944faad48aa7c348782ca
spotify:track:6HTVZeVQ9J6Uiq6tHESxU9,1d843b6c8a8946b9bda7ad95b6ccc195,2026-06-11T14:03:27Z,2,Feel like I'm in a car ad but still a vibe,40f71c68d08944faad48aa7c348782ca
spotify:track:6oCXDaFZYL7sHnowv6pdXb,1d843b6c8a8946b9bda7ad95b6ccc195,2026-06-11T14:03:27Z,5,yess she cooked so hard with this one ,40f71c68d08944faad48aa7c348782ca
spotify:track:7FxmqbpHbPmLAAdYERkFoN,1d843b6c8a8946b9bda7ad95b6ccc195,2026-06-11T14:03:27Z,3,"Nice, would defo play it once night was falling too",40f71c68d08944faad48aa7c348782ca
spotify:track:7gSZkeBr9Koc9Rfm3pp769,1d843b6c8a8946b9bda7ad95b6ccc195,2026-06-11T14:03:27Z,2,"Super pretty, bit more of a rainy day song for me id say",40f71c68d08944faad48aa7c348782ca
spotify:track:7t3VZQzCG5IW3PHRHT6Tip,1d843b6c8a8946b9bda7ad95b6ccc195,2026-06-11T14:03:27Z,2,"Super relaxing, but the other instrumentals gave me more",40f71c68d08944faad48aa7c348782ca
spotify:track:05QGaQnoBuda27vXxpuiRU,acce4ec537804cfc8a1c34efb041aa52,2026-06-11T14:48:26Z,4,,40f71c68d08944faad48aa7c348782ca
spotify:track:2fhOljbX79loRcdl47SFye,acce4ec537804cfc8a1c34efb041aa52,2026-06-11T14:48:26Z,3,,40f71c68d08944faad48aa7c348782ca
spotify:track:4Py6Be35Kp6FTKDOp1i2LE,acce4ec537804cfc8a1c34efb041aa52,2026-06-11T14:48:26Z,8,,40f71c68d08944faad48aa7c348782ca
spotify:track:5DZ4M3yMat79ok25rZHuA9,acce4ec537804cfc8a1c34efb041aa52,2026-06-11T14:48:26Z,4,,40f71c68d08944faad48aa7c348782ca
spotify:track:5gz0QlcMMxQXZgXC1uvi5k,acce4ec537804cfc8a1c34efb041aa52,2026-06-11T14:48:26Z,5,,40f71c68d08944faad48aa7c348782ca
spotify:track:5Zsc5iKqeqfIyYsLuB2vrp,acce4ec537804cfc8a1c34efb041aa52,2026-06-11T14:48:26Z,4,,40f71c68d08944faad48aa7c348782ca
spotify:track:73uJybGAhwGRD9MZYrOmTY,acce4ec537804cfc8a1c34efb041aa52,2026-06-11T14:48:26Z,3,,40f71c68d08944faad48aa7c348782ca
spotify:track:7gSZkeBr9Koc9Rfm3pp769,acce4ec537804cfc8a1c34efb041aa52,2026-06-11T14:48:26Z,1,,40f71c68d08944faad48aa7c348782ca
spotify:track:7t3VZQzCG5IW3PHRHT6Tip,acce4ec537804cfc8a1c34efb041aa52,2026-06-11T14:48:26Z,4,,40f71c68d08944faad48aa7c348782ca
spotify:track:05QGaQnoBuda27vXxpuiRU,2fc9c6b8f92145d697caadac61426533,2026-06-11T17:14:29Z,3,,40f71c68d08944faad48aa7c348782ca
spotify:track:2fhOljbX79loRcdl47SFye,2fc9c6b8f92145d697caadac61426533,2026-06-11T17:14:29Z,4,,40f71c68d08944faad48aa7c348782ca
spotify:track:4Py6Be35Kp6FTKDOp1i2LE,2fc9c6b8f92145d697caadac61426533,2026-06-11T17:14:29Z,3,,40f71c68d08944faad48aa7c348782ca
spotify:track:4rDNGiBF4tZbCDeeTH42II,2fc9c6b8f92145d697caadac61426533,2026-06-11T17:14:29Z,2,,40f71c68d08944faad48aa7c348782ca
spotify:track:5DZ4M3yMat79ok25rZHuA9,2fc9c6b8f92145d697caadac61426533,2026-06-11T17:14:29Z,6,,40f71c68d08944faad48aa7c348782ca
spotify:track:5gz0QlcMMxQXZgXC1uvi5k,2fc9c6b8f92145d697caadac61426533,2026-06-11T17:14:29Z,5,,40f71c68d08944faad48aa7c348782ca
spotify:track:73uJybGAhwGRD9MZYrOmTY,2fc9c6b8f92145d697caadac61426533,2026-06-11T17:14:29Z,4,,40f71c68d08944faad48aa7c348782ca
spotify:track:7FxmqbpHbPmLAAdYERkFoN,2fc9c6b8f92145d697caadac61426533,2026-06-11T17:14:29Z,4,,40f71c68d08944faad48aa7c348782ca
spotify:track:7gSZkeBr9Koc9Rfm3pp769,2fc9c6b8f92145d697caadac61426533,2026-06-11T17:14:29Z,3,,40f71c68d08944faad48aa7c348782ca
spotify:track:7t3VZQzCG5IW3PHRHT6Tip,2fc9c6b8f92145d697caadac61426533,2026-06-11T17:14:29Z,2,,40f71c68d08944faad48aa7c348782ca
spotify:track:05QGaQnoBuda27vXxpuiRU,3828fb97e38e4bfdac4343c43216a492,2026-06-12T09:15:09Z,5,,40f71c68d08944faad48aa7c348782ca
spotify:track:2fhOljbX79loRcdl47SFye,3828fb97e38e4bfdac4343c43216a492,2026-06-12T09:15:09Z,1,,40f71c68d08944faad48aa7c348782ca
spotify:track:4Py6Be35Kp6FTKDOp1i2LE,3828fb97e38e4bfdac4343c43216a492,2026-06-12T09:15:09Z,1,,40f71c68d08944faad48aa7c348782ca
spotify:track:4rDNGiBF4tZbCDeeTH42II,3828fb97e38e4bfdac4343c43216a492,2026-06-12T09:15:09Z,2,,40f71c68d08944faad48aa7c348782ca
spotify:track:5DZ4M3yMat79ok25rZHuA9,3828fb97e38e4bfdac4343c43216a492,2026-06-12T09:15:09Z,1,,40f71c68d08944faad48aa7c348782ca
spotify:track:5WTQtZm6FVkNFJf4kx65Yh,3828fb97e38e4bfdac4343c43216a492,2026-06-12T09:15:09Z,3,,40f71c68d08944faad48aa7c348782ca
spotify:track:5Zsc5iKqeqfIyYsLuB2vrp,3828fb97e38e4bfdac4343c43216a492,2026-06-12T09:15:09Z,2,,40f71c68d08944faad48aa7c348782ca
spotify:track:6HTVZeVQ9J6Uiq6tHESxU9,3828fb97e38e4bfdac4343c43216a492,2026-06-12T09:15:09Z,5,,40f71c68d08944faad48aa7c348782ca
spotify:track:6oCXDaFZYL7sHnowv6pdXb,3828fb97e38e4bfdac4343c43216a492,2026-06-12T09:15:09Z,3,,40f71c68d08944faad48aa7c348782ca
spotify:track:73uJybGAhwGRD9MZYrOmTY,3828fb97e38e4bfdac4343c43216a492,2026-06-12T09:15:09Z,5,,40f71c68d08944faad48aa7c348782ca
spotify:track:7FxmqbpHbPmLAAdYERkFoN,3828fb97e38e4bfdac4343c43216a492,2026-06-12T09:15:09Z,5,,40f71c68d08944faad48aa7c348782ca
spotify:track:7t3VZQzCG5IW3PHRHT6Tip,3828fb97e38e4bfdac4343c43216a492,2026-06-12T09:15:09Z,3,,40f71c68d08944faad48aa7c348782ca
spotify:track:68hYdj3GepWm2R202KhJT7,a3ae0c49642a47d48c37d7c01c632225,2026-06-15T13:21:10Z,4,millennial hopecore,824d9c05897149799ca638396de6ed56
spotify:track:5QLHGv0DfpeXLNFo7SFEy1,a3ae0c49642a47d48c37d7c01c632225,2026-06-15T13:21:10Z,3,,824d9c05897149799ca638396de6ed56
spotify:track:5l6GqSxplqnZbLg0LTPQeG,a3ae0c49642a47d48c37d7c01c632225,2026-06-15T13:21:10Z,3,Nolite te bastardes carborundorum ✊🌸,824d9c05897149799ca638396de6ed56
spotify:track:49UnLatBtily66vR0W5EGy,a3ae0c49642a47d48c37d7c01c632225,2026-06-15T13:21:10Z,1,I did actually like this just didn't fit with the vibe I needed this playlist to be today I'm SORRY ,824d9c05897149799ca638396de6ed56
spotify:track:34cHdHVfIrrZlqH7SZKehf,a3ae0c49642a47d48c37d7c01c632225,2026-06-15T13:21:10Z,5,,824d9c05897149799ca638396de6ed56
spotify:track:2Xzgc9BFT2oONrZcD4EW1Y,a3ae0c49642a47d48c37d7c01c632225,2026-06-15T13:21:10Z,4,A E 9,824d9c05897149799ca638396de6ed56
spotify:track:2MIavWMdvbYuRoA2Cw6VkN,a3ae0c49642a47d48c37d7c01c632225,2026-06-15T13:21:10Z,1,,824d9c05897149799ca638396de6ed56
spotify:track:2aC8wwfrM0YeTAzzk8hxqC,a3ae0c49642a47d48c37d7c01c632225,2026-06-15T13:21:10Z,4,Songs I'm excited to hear at all together now ,824d9c05897149799ca638396de6ed56
spotify:track:1hQFF33xi8ruavZNyovtUN,a3ae0c49642a47d48c37d7c01c632225,2026-06-15T13:21:10Z,2,it's a toe tapper for sure ,824d9c05897149799ca638396de6ed56
spotify:track:1BV0m40U0M4t1SLIsDnwZl,a3ae0c49642a47d48c37d7c01c632225,2026-06-15T13:21:10Z,1,I used to love this song as a child ,824d9c05897149799ca638396de6ed56
spotify:track:0qjfjKFoP7LaqLI2KI9M1Q,a3ae0c49642a47d48c37d7c01c632225,2026-06-15T13:21:10Z,6,it was Monday morning when I listened to this wow how about that ,824d9c05897149799ca638396de6ed56
spotify:track:6hljcHcXCHYsYJph2WmENk,a3ae0c49642a47d48c37d7c01c632225,2026-06-15T13:21:10Z,2,feels like the dream montage before the record scratch ,824d9c05897149799ca638396de6ed56
spotify:track:6hljcHcXCHYsYJph2WmENk,71c8417802d241c6b2c478d5a45128b3,2026-06-15T14:12:51Z,3,Lully stuff altogether ,824d9c05897149799ca638396de6ed56
spotify:track:68hYdj3GepWm2R202KhJT7,71c8417802d241c6b2c478d5a45128b3,2026-06-15T14:12:51Z,4,Iconic song,824d9c05897149799ca638396de6ed56
spotify:track:5QLHGv0DfpeXLNFo7SFEy1,71c8417802d241c6b2c478d5a45128b3,2026-06-15T14:12:51Z,7,"Adore this song, raging someone submitted it before me lol",824d9c05897149799ca638396de6ed56
spotify:track:5l6GqSxplqnZbLg0LTPQeG,71c8417802d241c6b2c478d5a45128b3,2026-06-15T14:12:51Z,1,august was right there and the better of her date-related songs imo,824d9c05897149799ca638396de6ed56
spotify:track:49UnLatBtily66vR0W5EGy,71c8417802d241c6b2c478d5a45128b3,2026-06-15T14:12:51Z,1,,824d9c05897149799ca638396de6ed56
spotify:track:3Yl4rCXan23krsZnR9L60y,71c8417802d241c6b2c478d5a45128b3,2026-06-15T14:12:51Z,7,This slapped so much I wanna go boogie now ,824d9c05897149799ca638396de6ed56
spotify:track:3kpLAy8v1NHnnhhLotODOz,71c8417802d241c6b2c478d5a45128b3,2026-06-15T14:12:51Z,0,Vocals on this weren't my cup of tea ,824d9c05897149799ca638396de6ed56
spotify:track:2Xzgc9BFT2oONrZcD4EW1Y,71c8417802d241c6b2c478d5a45128b3,2026-06-15T14:12:51Z,4,Quite enjoyed this,824d9c05897149799ca638396de6ed56
spotify:track:2MIavWMdvbYuRoA2Cw6VkN,71c8417802d241c6b2c478d5a45128b3,2026-06-15T14:12:51Z,2,Nice chill vibe to listen to on a Monday ,824d9c05897149799ca638396de6ed56
spotify:track:2aC8wwfrM0YeTAzzk8hxqC,71c8417802d241c6b2c478d5a45128b3,2026-06-15T14:12:51Z,2,,824d9c05897149799ca638396de6ed56
spotify:track:1hQFF33xi8ruavZNyovtUN,71c8417802d241c6b2c478d5a45128b3,2026-06-15T14:12:51Z,1,,824d9c05897149799ca638396de6ed56
spotify:track:1BV0m40U0M4t1SLIsDnwZl,71c8417802d241c6b2c478d5a45128b3,2026-06-15T14:12:51Z,2,Bonus points for how much he actually says 1973 in this ,824d9c05897149799ca638396de6ed56
spotify:track:0qjfjKFoP7LaqLI2KI9M1Q,71c8417802d241c6b2c478d5a45128b3,2026-06-15T14:12:51Z,2,Fun stuff ,824d9c05897149799ca638396de6ed56
spotify:track:0qjfjKFoP7LaqLI2KI9M1Q,e4fc2f3089594796b99dca4ab07f7d41,2026-06-15T17:15:10Z,6,Banger,824d9c05897149799ca638396de6ed56
spotify:track:1BV0m40U0M4t1SLIsDnwZl,e4fc2f3089594796b99dca4ab07f7d41,2026-06-15T17:15:10Z,7,Helps us all remember when Ireland joined the EU and also a great song,824d9c05897149799ca638396de6ed56
spotify:track:1hQFF33xi8ruavZNyovtUN,e4fc2f3089594796b99dca4ab07f7d41,2026-06-15T17:15:10Z,8,Loveeeee,824d9c05897149799ca638396de6ed56
spotify:track:2aC8wwfrM0YeTAzzk8hxqC,e4fc2f3089594796b99dca4ab07f7d41,2026-06-15T17:15:10Z,3,,824d9c05897149799ca638396de6ed56
spotify:track:34cHdHVfIrrZlqH7SZKehf,e4fc2f3089594796b99dca4ab07f7d41,2026-06-15T17:15:10Z,0,I like it :),824d9c05897149799ca638396de6ed56
spotify:track:3Yl4rCXan23krsZnR9L60y,e4fc2f3089594796b99dca4ab07f7d41,2026-06-15T17:15:10Z,3,Fun!,824d9c05897149799ca638396de6ed56
spotify:track:49UnLatBtily66vR0W5EGy,e4fc2f3089594796b99dca4ab07f7d41,2026-06-15T17:15:10Z,2,🤘🤘🤘,824d9c05897149799ca638396de6ed56
spotify:track:68hYdj3GepWm2R202KhJT7,e4fc2f3089594796b99dca4ab07f7d41,2026-06-15T17:15:10Z,2,Cool 2000’s vibe this is a fun song :),824d9c05897149799ca638396de6ed56
spotify:track:6hljcHcXCHYsYJph2WmENk,e4fc2f3089594796b99dca4ab07f7d41,2026-06-15T17:15:10Z,5,Sounds so Sunday ☀️,824d9c05897149799ca638396de6ed56
spotify:track:3Yl4rCXan23krsZnR9L60y,e43c6e753dbf4f999a68467b26ac1663,2026-06-15T20:12:27Z,2,Funky as hell,824d9c05897149799ca638396de6ed56
spotify:track:6hljcHcXCHYsYJph2WmENk,e43c6e753dbf4f999a68467b26ac1663,2026-06-15T20:12:27Z,2,Caption is great,824d9c05897149799ca638396de6ed56
spotify:track:68hYdj3GepWm2R202KhJT7,e43c6e753dbf4f999a68467b26ac1663,2026-06-15T20:12:27Z,4,So FIFA,824d9c05897149799ca638396de6ed56
spotify:track:5QLHGv0DfpeXLNFo7SFEy1,e43c6e753dbf4f999a68467b26ac1663,2026-06-15T20:12:27Z,3,,824d9c05897149799ca638396de6ed56
spotify:track:5l6GqSxplqnZbLg0LTPQeG,e43c6e753dbf4f999a68467b26ac1663,2026-06-15T20:12:27Z,1,,824d9c05897149799ca638396de6ed56
spotify:track:49UnLatBtily66vR0W5EGy,e43c6e753dbf4f999a68467b26ac1663,2026-06-15T20:12:27Z,2,,824d9c05897149799ca638396de6ed56
spotify:track:3kpLAy8v1NHnnhhLotODOz,e43c6e753dbf4f999a68467b26ac1663,2026-06-15T20:12:27Z,1,,824d9c05897149799ca638396de6ed56
spotify:track:34cHdHVfIrrZlqH7SZKehf,e43c6e753dbf4f999a68467b26ac1663,2026-06-15T20:12:27Z,6,Wish it was February 29th NOW,824d9c05897149799ca638396de6ed56
spotify:track:2Xzgc9BFT2oONrZcD4EW1Y,e43c6e753dbf4f999a68467b26ac1663,2026-06-15T20:12:27Z,1,,824d9c05897149799ca638396de6ed56
spotify:track:2MIavWMdvbYuRoA2Cw6VkN,e43c6e753dbf4f999a68467b26ac1663,2026-06-15T20:12:27Z,2,Ah that’s lovely,824d9c05897149799ca638396de6ed56
spotify:track:2aC8wwfrM0YeTAzzk8hxqC,e43c6e753dbf4f999a68467b26ac1663,2026-06-15T20:12:27Z,5,Let’s all meet up in the year 2026 at ATN main stage instead!!,824d9c05897149799ca638396de6ed56
spotify:track:1hQFF33xi8ruavZNyovtUN,e43c6e753dbf4f999a68467b26ac1663,2026-06-15T20:12:27Z,3,Can’t be sad when this comes on,824d9c05897149799ca638396de6ed56
spotify:track:1BV0m40U0M4t1SLIsDnwZl,e43c6e753dbf4f999a68467b26ac1663,2026-06-15T20:12:27Z,4,Timeless,824d9c05897149799ca638396de6ed56
spotify:track:1hQFF33xi8ruavZNyovtUN,d007026516024c34981c654238511be8,2026-06-16T15:15:11Z,1,,824d9c05897149799ca638396de6ed56
spotify:track:2aC8wwfrM0YeTAzzk8hxqC,d007026516024c34981c654238511be8,2026-06-16T15:15:11Z,1,,824d9c05897149799ca638396de6ed56
spotify:track:2MIavWMdvbYuRoA2Cw6VkN,d007026516024c34981c654238511be8,2026-06-16T15:15:11Z,5,Love this song for video montages on my story so I do,824d9c05897149799ca638396de6ed56
spotify:track:2Xzgc9BFT2oONrZcD4EW1Y,d007026516024c34981c654238511be8,2026-06-16T15:15:11Z,7,Yeh boiiii,824d9c05897149799ca638396de6ed56
spotify:track:34cHdHVfIrrZlqH7SZKehf,d007026516024c34981c654238511be8,2026-06-16T15:15:11Z,2,,824d9c05897149799ca638396de6ed56
spotify:track:3Yl4rCXan23krsZnR9L60y,d007026516024c34981c654238511be8,2026-06-16T15:15:11Z,3,Yeh!!!!,824d9c05897149799ca638396de6ed56
spotify:track:1BV0m40U0M4t1SLIsDnwZl,d007026516024c34981c654238511be8,2026-06-16T15:15:11Z,3,,824d9c05897149799ca638396de6ed56
spotify:track:49UnLatBtily66vR0W5EGy,d007026516024c34981c654238511be8,2026-06-16T15:15:11Z,4,Oh it’s building ,824d9c05897149799ca638396de6ed56
spotify:track:5QLHGv0DfpeXLNFo7SFEy1,d007026516024c34981c654238511be8,2026-06-16T15:15:11Z,2,,824d9c05897149799ca638396de6ed56
spotify:track:68hYdj3GepWm2R202KhJT7,d007026516024c34981c654238511be8,2026-06-16T15:15:11Z,2,,824d9c05897149799ca638396de6ed56
spotify:track:6hljcHcXCHYsYJph2WmENk,d007026516024c34981c654238511be8,2026-06-16T15:15:11Z,6,This song always been a fav of mine,824d9c05897149799ca638396de6ed56
spotify:track:1hQFF33xi8ruavZNyovtUN,78d12b4b50924b6e83f2a060a150a8e8,2026-06-16T19:30:02Z,3,,824d9c05897149799ca638396de6ed56
spotify:track:2MIavWMdvbYuRoA2Cw6VkN,78d12b4b50924b6e83f2a060a150a8e8,2026-06-16T19:30:02Z,3,,824d9c05897149799ca638396de6ed56
spotify:track:2Xzgc9BFT2oONrZcD4EW1Y,78d12b4b50924b6e83f2a060a150a8e8,2026-06-16T19:30:02Z,3,,824d9c05897149799ca638396de6ed56
spotify:track:34cHdHVfIrrZlqH7SZKehf,78d12b4b50924b6e83f2a060a150a8e8,2026-06-16T19:30:02Z,4,,824d9c05897149799ca638396de6ed56
spotify:track:3kpLAy8v1NHnnhhLotODOz,78d12b4b50924b6e83f2a060a150a8e8,2026-06-16T19:30:02Z,4,,824d9c05897149799ca638396de6ed56
spotify:track:3Yl4rCXan23krsZnR9L60y,78d12b4b50924b6e83f2a060a150a8e8,2026-06-16T19:30:02Z,4,,824d9c05897149799ca638396de6ed56
spotify:track:49UnLatBtily66vR0W5EGy,78d12b4b50924b6e83f2a060a150a8e8,2026-06-16T19:30:02Z,4,,824d9c05897149799ca638396de6ed56
spotify:track:5QLHGv0DfpeXLNFo7SFEy1,78d12b4b50924b6e83f2a060a150a8e8,2026-06-16T19:30:02Z,4,,824d9c05897149799ca638396de6ed56
spotify:track:68hYdj3GepWm2R202KhJT7,78d12b4b50924b6e83f2a060a150a8e8,2026-06-16T19:30:02Z,3,,824d9c05897149799ca638396de6ed56
spotify:track:6hljcHcXCHYsYJph2WmENk,78d12b4b50924b6e83f2a060a150a8e8,2026-06-16T19:30:02Z,4,,824d9c05897149799ca638396de6ed56
spotify:track:68hYdj3GepWm2R202KhJT7,1d843b6c8a8946b9bda7ad95b6ccc195,2026-06-17T12:48:49Z,1,,824d9c05897149799ca638396de6ed56
spotify:track:0qjfjKFoP7LaqLI2KI9M1Q,1d843b6c8a8946b9bda7ad95b6ccc195,2026-06-17T12:48:49Z,1,Not their strongest for me I'm afraid :'(,824d9c05897149799ca638396de6ed56
spotify:track:1hQFF33xi8ruavZNyovtUN,1d843b6c8a8946b9bda7ad95b6ccc195,2026-06-17T12:48:49Z,5,"Hot damn, this is such a mood booster ☀️",824d9c05897149799ca638396de6ed56
spotify:track:2aC8wwfrM0YeTAzzk8hxqC,1d843b6c8a8946b9bda7ad95b6ccc195,2026-06-17T12:48:49Z,3,Yup ATN 26,824d9c05897149799ca638396de6ed56
spotify:track:2MIavWMdvbYuRoA2Cw6VkN,1d843b6c8a8946b9bda7ad95b6ccc195,2026-06-17T12:48:49Z,1,Finally braving my controversial opinion that Khruangbin kinda boring 😢,824d9c05897149799ca638396de6ed56
spotify:track:2Xzgc9BFT2oONrZcD4EW1Y,1d843b6c8a8946b9bda7ad95b6ccc195,2026-06-17T12:48:49Z,2,Pretty cool sound,824d9c05897149799ca638396de6ed56
spotify:track:34cHdHVfIrrZlqH7SZKehf,1d843b6c8a8946b9bda7ad95b6ccc195,2026-06-17T12:48:49Z,4,"Super cute song, and creative example of date title",824d9c05897149799ca638396de6ed56
spotify:track:3kpLAy8v1NHnnhhLotODOz,1d843b6c8a8946b9bda7ad95b6ccc195,2026-06-17T12:48:49Z,4,Really enjoyed this on me bike,824d9c05897149799ca638396de6ed56
spotify:track:3Yl4rCXan23krsZnR9L60y,1d843b6c8a8946b9bda7ad95b6ccc195,2026-06-17T12:48:49Z,4,This slaps 👏,824d9c05897149799ca638396de6ed56
spotify:track:49UnLatBtily66vR0W5EGy,1d843b6c8a8946b9bda7ad95b6ccc195,2026-06-17T12:48:49Z,3,Euphoric vibe,824d9c05897149799ca638396de6ed56
spotify:track:5l6GqSxplqnZbLg0LTPQeG,1d843b6c8a8946b9bda7ad95b6ccc195,2026-06-17T12:48:49Z,1,So sorry I would love to support Taylor in here but think this song is one of her weak ones 😭😭,824d9c05897149799ca638396de6ed56
spotify:track:5QLHGv0DfpeXLNFo7SFEy1,1d843b6c8a8946b9bda7ad95b6ccc195,2026-06-17T12:48:49Z,3,,824d9c05897149799ca638396de6ed56
spotify:track:6hljcHcXCHYsYJph2WmENk,1d843b6c8a8946b9bda7ad95b6ccc195,2026-06-17T12:48:49Z,4,Delightful,824d9c05897149799ca638396de6ed56
spotify:track:1hQFF33xi8ruavZNyovtUN,2fc9c6b8f92145d697caadac61426533,2026-06-17T12:57:46Z,4,Went to see Jersey Boys and thought it was a juke box musical until I realised all the songs were by Frankie Valli. Also my favourite song about losing your virginity to a sex worker ,824d9c05897149799ca638396de6ed56
spotify:track:0qjfjKFoP7LaqLI2KI9M1Q,2fc9c6b8f92145d697caadac61426533,2026-06-17T12:57:46Z,1,,824d9c05897149799ca638396de6ed56
spotify:track:1BV0m40U0M4t1SLIsDnwZl,2fc9c6b8f92145d697caadac61426533,2026-06-17T12:57:46Z,4,,824d9c05897149799ca638396de6ed56
spotify:track:2aC8wwfrM0YeTAzzk8hxqC,2fc9c6b8f92145d697caadac61426533,2026-06-17T12:57:46Z,5,Absolutely all time song,824d9c05897149799ca638396de6ed56
spotify:track:2Xzgc9BFT2oONrZcD4EW1Y,2fc9c6b8f92145d697caadac61426533,2026-06-17T12:57:46Z,3,,824d9c05897149799ca638396de6ed56
spotify:track:3Yl4rCXan23krsZnR9L60y,2fc9c6b8f92145d697caadac61426533,2026-06-17T12:57:46Z,3,,824d9c05897149799ca638396de6ed56
spotify:track:49UnLatBtily66vR0W5EGy,2fc9c6b8f92145d697caadac61426533,2026-06-17T12:57:46Z,3,,824d9c05897149799ca638396de6ed56
spotify:track:5QLHGv0DfpeXLNFo7SFEy1,2fc9c6b8f92145d697caadac61426533,2026-06-17T12:57:46Z,5,This dropped at open ear on the beach and I loved it,824d9c05897149799ca638396de6ed56
spotify:track:68hYdj3GepWm2R202KhJT7,2fc9c6b8f92145d697caadac61426533,2026-06-17T12:57:46Z,4,,824d9c05897149799ca638396de6ed56
spotify:track:6hljcHcXCHYsYJph2WmENk,2fc9c6b8f92145d697caadac61426533,2026-06-17T12:57:46Z,4,Hnny is the best,824d9c05897149799ca638396de6ed56
spotify:track:2aC8wwfrM0YeTAzzk8hxqC,a8e4878c0eef4cf2b98d20b54391601d,2026-06-17T17:54:40Z,1,,824d9c05897149799ca638396de6ed56
spotify:track:1hQFF33xi8ruavZNyovtUN,a8e4878c0eef4cf2b98d20b54391601d,2026-06-17T17:54:40Z,3,,824d9c05897149799ca638396de6ed56
spotify:track:1BV0m40U0M4t1SLIsDnwZl,a8e4878c0eef4cf2b98d20b54391601d,2026-06-17T17:54:40Z,3,,824d9c05897149799ca638396de6ed56
spotify:track:0qjfjKFoP7LaqLI2KI9M1Q,a8e4878c0eef4cf2b98d20b54391601d,2026-06-17T17:54:40Z,2,,824d9c05897149799ca638396de6ed56
spotify:track:6hljcHcXCHYsYJph2WmENk,a8e4878c0eef4cf2b98d20b54391601d,2026-06-17T17:54:40Z,4,,824d9c05897149799ca638396de6ed56
spotify:track:68hYdj3GepWm2R202KhJT7,a8e4878c0eef4cf2b98d20b54391601d,2026-06-17T17:54:40Z,4,,824d9c05897149799ca638396de6ed56
spotify:track:5QLHGv0DfpeXLNFo7SFEy1,a8e4878c0eef4cf2b98d20b54391601d,2026-06-17T17:54:40Z,5,A fave,824d9c05897149799ca638396de6ed56
spotify:track:5l6GqSxplqnZbLg0LTPQeG,a8e4878c0eef4cf2b98d20b54391601d,2026-06-17T17:54:40Z,0,Eww sorry not for me,824d9c05897149799ca638396de6ed56
spotify:track:3Yl4rCXan23krsZnR9L60y,a8e4878c0eef4cf2b98d20b54391601d,2026-06-17T17:54:40Z,2,,824d9c05897149799ca638396de6ed56
spotify:track:3kpLAy8v1NHnnhhLotODOz,a8e4878c0eef4cf2b98d20b54391601d,2026-06-17T17:54:40Z,2,,824d9c05897149799ca638396de6ed56
spotify:track:34cHdHVfIrrZlqH7SZKehf,a8e4878c0eef4cf2b98d20b54391601d,2026-06-17T17:54:40Z,2,,824d9c05897149799ca638396de6ed56
spotify:track:2MIavWMdvbYuRoA2Cw6VkN,a8e4878c0eef4cf2b98d20b54391601d,2026-06-17T17:54:40Z,3,,824d9c05897149799ca638396de6ed56
spotify:track:2Xzgc9BFT2oONrZcD4EW1Y,a8e4878c0eef4cf2b98d20b54391601d,2026-06-17T17:54:40Z,5,"Never heard this before, it’s class! ",824d9c05897149799ca638396de6ed56
spotify:track:1BV0m40U0M4t1SLIsDnwZl,0034474c5f804b6e99a366f09da69b35,2026-06-18T10:03:29Z,4,Easy pickings but such a classic ,824d9c05897149799ca638396de6ed56
spotify:track:2MIavWMdvbYuRoA2Cw6VkN,0034474c5f804b6e99a366f09da69b35,2026-06-18T10:03:29Z,2,,824d9c05897149799ca638396de6ed56
spotify:track:2Xzgc9BFT2oONrZcD4EW1Y,0034474c5f804b6e99a366f09da69b35,2026-06-18T10:03:29Z,1,I'm kinda sick of this Fred again vibe tbh,824d9c05897149799ca638396de6ed56
spotify:track:34cHdHVfIrrZlqH7SZKehf,0034474c5f804b6e99a366f09da69b35,2026-06-18T10:03:29Z,3,,824d9c05897149799ca638396de6ed56
spotify:track:3kpLAy8v1NHnnhhLotODOz,0034474c5f804b6e99a366f09da69b35,2026-06-18T10:03:29Z,3,,824d9c05897149799ca638396de6ed56
spotify:track:3Yl4rCXan23krsZnR9L60y,0034474c5f804b6e99a366f09da69b35,2026-06-18T10:03:29Z,0,Wha,824d9c05897149799ca638396de6ed56
spotify:track:49UnLatBtily66vR0W5EGy,0034474c5f804b6e99a366f09da69b35,2026-06-18T10:03:29Z,2,,824d9c05897149799ca638396de6ed56
spotify:track:5l6GqSxplqnZbLg0LTPQeG,0034474c5f804b6e99a366f09da69b35,2026-06-18T10:03:29Z,0,"Sorry Shane, I don't ❤️ T.S",824d9c05897149799ca638396de6ed56
spotify:track:68hYdj3GepWm2R202KhJT7,0034474c5f804b6e99a366f09da69b35,2026-06-18T10:03:29Z,6,Was going to submit this ,824d9c05897149799ca638396de6ed56
spotify:track:2aC8wwfrM0YeTAzzk8hxqC,0034474c5f804b6e99a366f09da69b35,2026-06-18T10:03:29Z,4,,824d9c05897149799ca638396de6ed56
spotify:track:6hljcHcXCHYsYJph2WmENk,0034474c5f804b6e99a366f09da69b35,2026-06-18T10:03:29Z,5,,824d9c05897149799ca638396de6ed56
spotify:track:1hQFF33xi8ruavZNyovtUN,0034474c5f804b6e99a366f09da69b35,2026-06-18T10:03:29Z,3,,824d9c05897149799ca638396de6ed56
spotify:track:0qjfjKFoP7LaqLI2KI9M1Q,0034474c5f804b6e99a366f09da69b35,2026-06-18T10:03:29Z,3,,824d9c05897149799ca638396de6ed56
spotify:track:5QLHGv0DfpeXLNFo7SFEy1,dfd346d38f17465b9e121991477a6c8b,2026-06-18T14:24:36Z,6,"Bill Corgan, Smashing Pumpkins.
Eoin Kelly, voting politely. ",824d9c05897149799ca638396de6ed56
spotify:track:49UnLatBtily66vR0W5EGy,dfd346d38f17465b9e121991477a6c8b,2026-06-18T14:24:36Z,2,,824d9c05897149799ca638396de6ed56
spotify:track:3Yl4rCXan23krsZnR9L60y,dfd346d38f17465b9e121991477a6c8b,2026-06-18T14:24:36Z,2,,824d9c05897149799ca638396de6ed56
spotify:track:3kpLAy8v1NHnnhhLotODOz,dfd346d38f17465b9e121991477a6c8b,2026-06-18T14:24:36Z,1,,824d9c05897149799ca638396de6ed56
spotify:track:34cHdHVfIrrZlqH7SZKehf,dfd346d38f17465b9e121991477a6c8b,2026-06-18T14:24:36Z,5,This reminds me of the 90s in the best way,824d9c05897149799ca638396de6ed56
spotify:track:2Xzgc9BFT2oONrZcD4EW1Y,dfd346d38f17465b9e121991477a6c8b,2026-06-18T14:24:36Z,5,"This is one of my songs of the summer, love it",824d9c05897149799ca638396de6ed56
spotify:track:2MIavWMdvbYuRoA2Cw6VkN,dfd346d38f17465b9e121991477a6c8b,2026-06-18T14:24:36Z,4,Spicy,824d9c05897149799ca638396de6ed56
spotify:track:2aC8wwfrM0YeTAzzk8hxqC,dfd346d38f17465b9e121991477a6c8b,2026-06-18T14:24:36Z,3,,824d9c05897149799ca638396de6ed56
spotify:track:1BV0m40U0M4t1SLIsDnwZl,dfd346d38f17465b9e121991477a6c8b,2026-06-18T14:24:36Z,2,,824d9c05897149799ca638396de6ed56
spotify:track:0qjfjKFoP7LaqLI2KI9M1Q,dfd346d38f17465b9e121991477a6c8b,2026-06-18T14:24:36Z,2,,824d9c05897149799ca638396de6ed56
spotify:track:6hljcHcXCHYsYJph2WmENk,dfd346d38f17465b9e121991477a6c8b,2026-06-18T14:24:36Z,1,,824d9c05897149799ca638396de6ed56
spotify:track:68hYdj3GepWm2R202KhJT7,dfd346d38f17465b9e121991477a6c8b,2026-06-18T14:24:36Z,3,,824d9c05897149799ca638396de6ed56
spotify:track:5l6GqSxplqnZbLg0LTPQeG,dfd346d38f17465b9e121991477a6c8b,2026-06-18T14:24:36Z,0,No I’m good thanks 🫰,824d9c05897149799ca638396de6ed56
spotify:track:0qjfjKFoP7LaqLI2KI9M1Q,96d515a50352471caca66cdd7e710407,2026-06-18T14:54:58Z,1,,824d9c05897149799ca638396de6ed56
spotify:track:6hljcHcXCHYsYJph2WmENk,96d515a50352471caca66cdd7e710407,2026-06-18T14:54:58Z,2,,824d9c05897149799ca638396de6ed56
spotify:track:68hYdj3GepWm2R202KhJT7,96d515a50352471caca66cdd7e710407,2026-06-18T14:54:58Z,3,,824d9c05897149799ca638396de6ed56
spotify:track:5QLHGv0DfpeXLNFo7SFEy1,96d515a50352471caca66cdd7e710407,2026-06-18T14:54:58Z,5,,824d9c05897149799ca638396de6ed56
spotify:track:49UnLatBtily66vR0W5EGy,96d515a50352471caca66cdd7e710407,2026-06-18T14:54:58Z,5,,824d9c05897149799ca638396de6ed56
spotify:track:3Yl4rCXan23krsZnR9L60y,96d515a50352471caca66cdd7e710407,2026-06-18T14:54:58Z,4,,824d9c05897149799ca638396de6ed56
spotify:track:3kpLAy8v1NHnnhhLotODOz,96d515a50352471caca66cdd7e710407,2026-06-18T14:54:58Z,2,,824d9c05897149799ca638396de6ed56
spotify:track:34cHdHVfIrrZlqH7SZKehf,96d515a50352471caca66cdd7e710407,2026-06-18T14:54:58Z,2,,824d9c05897149799ca638396de6ed56
spotify:track:2MIavWMdvbYuRoA2Cw6VkN,96d515a50352471caca66cdd7e710407,2026-06-18T14:54:58Z,4,,824d9c05897149799ca638396de6ed56
spotify:track:2aC8wwfrM0YeTAzzk8hxqC,96d515a50352471caca66cdd7e710407,2026-06-18T14:54:58Z,3,,824d9c05897149799ca638396de6ed56
spotify:track:1hQFF33xi8ruavZNyovtUN,96d515a50352471caca66cdd7e710407,2026-06-18T14:54:58Z,1,,824d9c05897149799ca638396de6ed56
spotify:track:1BV0m40U0M4t1SLIsDnwZl,96d515a50352471caca66cdd7e710407,2026-06-18T14:54:58Z,4,,824d9c05897149799ca638396de6ed56
spotify:track:6hljcHcXCHYsYJph2WmENk,3828fb97e38e4bfdac4343c43216a492,2026-06-18T15:47:34Z,3,,824d9c05897149799ca638396de6ed56
spotify:track:0qjfjKFoP7LaqLI2KI9M1Q,3828fb97e38e4bfdac4343c43216a492,2026-06-18T15:47:34Z,5,,824d9c05897149799ca638396de6ed56
spotify:track:1BV0m40U0M4t1SLIsDnwZl,3828fb97e38e4bfdac4343c43216a492,2026-06-18T15:47:34Z,4,,824d9c05897149799ca638396de6ed56
spotify:track:1hQFF33xi8ruavZNyovtUN,3828fb97e38e4bfdac4343c43216a492,2026-06-18T15:47:34Z,2,,824d9c05897149799ca638396de6ed56
spotify:track:2aC8wwfrM0YeTAzzk8hxqC,3828fb97e38e4bfdac4343c43216a492,2026-06-18T15:47:34Z,4,,824d9c05897149799ca638396de6ed56
spotify:track:2MIavWMdvbYuRoA2Cw6VkN,3828fb97e38e4bfdac4343c43216a492,2026-06-18T15:47:34Z,5,,824d9c05897149799ca638396de6ed56
spotify:track:2Xzgc9BFT2oONrZcD4EW1Y,3828fb97e38e4bfdac4343c43216a492,2026-06-18T15:47:34Z,1,,824d9c05897149799ca638396de6ed56
spotify:track:34cHdHVfIrrZlqH7SZKehf,3828fb97e38e4bfdac4343c43216a492,2026-06-18T15:47:34Z,4,,824d9c05897149799ca638396de6ed56
spotify:track:3kpLAy8v1NHnnhhLotODOz,3828fb97e38e4bfdac4343c43216a492,2026-06-18T15:47:34Z,3,,824d9c05897149799ca638396de6ed56
spotify:track:49UnLatBtily66vR0W5EGy,3828fb97e38e4bfdac4343c43216a492,2026-06-18T15:47:34Z,2,,824d9c05897149799ca638396de6ed56
spotify:track:5QLHGv0DfpeXLNFo7SFEy1,3828fb97e38e4bfdac4343c43216a492,2026-06-18T15:47:34Z,3,,824d9c05897149799ca638396de6ed56
spotify:track:68hYdj3GepWm2R202KhJT7,acce4ec537804cfc8a1c34efb041aa52,2026-06-18T15:47:41Z,4,,824d9c05897149799ca638396de6ed56
spotify:track:1hQFF33xi8ruavZNyovtUN,acce4ec537804cfc8a1c34efb041aa52,2026-06-18T15:47:41Z,2,,824d9c05897149799ca638396de6ed56
spotify:track:2aC8wwfrM0YeTAzzk8hxqC,acce4ec537804cfc8a1c34efb041aa52,2026-06-18T15:47:41Z,1,,824d9c05897149799ca638396de6ed56
spotify:track:2MIavWMdvbYuRoA2Cw6VkN,acce4ec537804cfc8a1c34efb041aa52,2026-06-18T15:47:41Z,3,,824d9c05897149799ca638396de6ed56
spotify:track:2Xzgc9BFT2oONrZcD4EW1Y,acce4ec537804cfc8a1c34efb041aa52,2026-06-18T15:47:41Z,6,,824d9c05897149799ca638396de6ed56
spotify:track:3Yl4rCXan23krsZnR9L60y,acce4ec537804cfc8a1c34efb041aa52,2026-06-18T15:47:41Z,4,,824d9c05897149799ca638396de6ed56
spotify:track:49UnLatBtily66vR0W5EGy,acce4ec537804cfc8a1c34efb041aa52,2026-06-18T15:47:41Z,1,,824d9c05897149799ca638396de6ed56
spotify:track:5QLHGv0DfpeXLNFo7SFEy1,acce4ec537804cfc8a1c34efb041aa52,2026-06-18T15:47:41Z,7,,824d9c05897149799ca638396de6ed56
spotify:track:1BV0m40U0M4t1SLIsDnwZl,acce4ec537804cfc8a1c34efb041aa52,2026-06-18T15:47:41Z,8,,824d9c05897149799ca638396de6ed56
spotify:track:1xRCmlU2GyzGem2vw4glxK,a3ae0c49642a47d48c37d7c01c632225,2026-06-22T13:47:48Z,5,,c7213038227e42179555d9fc3430318c
spotify:track:0vDwe7rbzdVeGsfelTTrG5,a3ae0c49642a47d48c37d7c01c632225,2026-06-22T13:47:48Z,6,,c7213038227e42179555d9fc3430318c
spotify:track:7HEgOGOTgdOsyu7WKvduJ9,a3ae0c49642a47d48c37d7c01c632225,2026-06-22T13:47:48Z,4,,c7213038227e42179555d9fc3430318c
spotify:track:6r3Ld9WSdUP4sfu5W2tP9E,a3ae0c49642a47d48c37d7c01c632225,2026-06-22T13:47:48Z,6,,c7213038227e42179555d9fc3430318c
spotify:track:6EXi6ZqTITKGtVBKqbphjL,a3ae0c49642a47d48c37d7c01c632225,2026-06-22T13:47:48Z,2,,c7213038227e42179555d9fc3430318c
spotify:track:67Jfevvbdxl7KwCdrxYlQc,a3ae0c49642a47d48c37d7c01c632225,2026-06-22T13:47:48Z,1,,c7213038227e42179555d9fc3430318c
spotify:track:4ZknuVR2jOpMOcfwWpsuEr,a3ae0c49642a47d48c37d7c01c632225,2026-06-22T13:47:48Z,3,,c7213038227e42179555d9fc3430318c
spotify:track:3kaFCsrbWjhC0o81ZbILmU,a3ae0c49642a47d48c37d7c01c632225,2026-06-22T13:47:48Z,4,,c7213038227e42179555d9fc3430318c
spotify:track:3ePd4K8tcdfr7KmbuOTrKK,a3ae0c49642a47d48c37d7c01c632225,2026-06-22T13:47:48Z,2,,c7213038227e42179555d9fc3430318c
spotify:track:32uLRYPFYAjNZGC7rQ6PXA,a3ae0c49642a47d48c37d7c01c632225,2026-06-22T13:47:48Z,1,,c7213038227e42179555d9fc3430318c
spotify:track:2nFGIC472JfEAskv3z8iBs,a3ae0c49642a47d48c37d7c01c632225,2026-06-22T13:47:48Z,2,,c7213038227e42179555d9fc3430318c
spotify:track:77PWOAwOWIcUxG5Nq4U0YE,e4fc2f3089594796b99dca4ab07f7d41,2026-06-22T13:53:27Z,8,Fantastic choice 👏,c7213038227e42179555d9fc3430318c
spotify:track:0vDwe7rbzdVeGsfelTTrG5,e4fc2f3089594796b99dca4ab07f7d41,2026-06-22T13:53:27Z,7,Perfect artist for this theme,c7213038227e42179555d9fc3430318c
spotify:track:1xRCmlU2GyzGem2vw4glxK,e4fc2f3089594796b99dca4ab07f7d41,2026-06-22T13:53:27Z,2,The harp 👏👏,c7213038227e42179555d9fc3430318c
spotify:track:2nFGIC472JfEAskv3z8iBs,e4fc2f3089594796b99dca4ab07f7d41,2026-06-22T13:53:27Z,0,I like this a lot but doesn’t do it for me for the theme sorry ,c7213038227e42179555d9fc3430318c
spotify:track:32uLRYPFYAjNZGC7rQ6PXA,e4fc2f3089594796b99dca4ab07f7d41,2026-06-22T13:53:27Z,6,"The minute this started I let out a sigh of relief and relaxation, super choice",c7213038227e42179555d9fc3430318c
spotify:track:3cPtZw0oqMEkKlGSF0SLkc,e4fc2f3089594796b99dca4ab07f7d41,2026-06-22T13:53:27Z,3,"Such fun deep dive wiki time was spent after reading your caption, really gorgeous song 💕",c7213038227e42179555d9fc3430318c
spotify:track:3kaFCsrbWjhC0o81ZbILmU,e4fc2f3089594796b99dca4ab07f7d41,2026-06-22T13:53:27Z,1,Love,c7213038227e42179555d9fc3430318c
spotify:track:6r3Ld9WSdUP4sfu5W2tP9E,e4fc2f3089594796b99dca4ab07f7d41,2026-06-22T13:53:27Z,5,,c7213038227e42179555d9fc3430318c
spotify:track:1qVqPwp9kym1MJxhkC3E8a,e4fc2f3089594796b99dca4ab07f7d41,2026-06-22T13:53:27Z,4,Very beautiful very peaceful,c7213038227e42179555d9fc3430318c
spotify:track:77PWOAwOWIcUxG5Nq4U0YE,d007026516024c34981c654238511be8,2026-06-23T12:47:25Z,1,,c7213038227e42179555d9fc3430318c
spotify:track:1qVqPwp9kym1MJxhkC3E8a,d007026516024c34981c654238511be8,2026-06-23T12:47:25Z,3,Lovely song but didn’t stand out amongst the crowd,c7213038227e42179555d9fc3430318c
spotify:track:1xRCmlU2GyzGem2vw4glxK,d007026516024c34981c654238511be8,2026-06-23T12:47:25Z,2,,c7213038227e42179555d9fc3430318c
spotify:track:2nFGIC472JfEAskv3z8iBs,d007026516024c34981c654238511be8,2026-06-23T12:47:25Z,7,I really like Alex Kassian and I appreciate you picking a song a bit outside the box,c7213038227e42179555d9fc3430318c
spotify:track:32uLRYPFYAjNZGC7rQ6PXA,d007026516024c34981c654238511be8,2026-06-23T12:47:25Z,3,,c7213038227e42179555d9fc3430318c
spotify:track:3ePd4K8tcdfr7KmbuOTrKK,d007026516024c34981c654238511be8,2026-06-23T12:47:25Z,4,,c7213038227e42179555d9fc3430318c
spotify:track:4ZknuVR2jOpMOcfwWpsuEr,d007026516024c34981c654238511be8,2026-06-23T12:47:25Z,3,Very angelic,c7213038227e42179555d9fc3430318c
spotify:track:67Jfevvbdxl7KwCdrxYlQc,d007026516024c34981c654238511be8,2026-06-23T12:47:25Z,5,Float McGoat,c7213038227e42179555d9fc3430318c
spotify:track:6EXi6ZqTITKGtVBKqbphjL,d007026516024c34981c654238511be8,2026-06-23T12:47:25Z,3,Points for being different but I think My Weakness would have worked better for the theme but great song nonetheless ,c7213038227e42179555d9fc3430318c
spotify:track:7HEgOGOTgdOsyu7WKvduJ9,d007026516024c34981c654238511be8,2026-06-23T12:47:25Z,1,I don’t really associate these instruments with higher beings,c7213038227e42179555d9fc3430318c
spotify:track:0vDwe7rbzdVeGsfelTTrG5,d007026516024c34981c654238511be8,2026-06-23T12:47:25Z,4,Agreed,c7213038227e42179555d9fc3430318c
spotify:track:7HEgOGOTgdOsyu7WKvduJ9,e43c6e753dbf4f999a68467b26ac1663,2026-06-23T15:02:06Z,0,Too sea-faring for me,c7213038227e42179555d9fc3430318c
spotify:track:77PWOAwOWIcUxG5Nq4U0YE,e43c6e753dbf4f999a68467b26ac1663,2026-06-23T15:02:06Z,1,Willing to ignore the bad translation for the primary school Alive-O vibes,c7213038227e42179555d9fc3430318c
spotify:track:6r3Ld9WSdUP4sfu5W2tP9E,e43c6e753dbf4f999a68467b26ac1663,2026-06-23T15:02:06Z,3,,c7213038227e42179555d9fc3430318c
spotify:track:2nFGIC472JfEAskv3z8iBs,e43c6e753dbf4f999a68467b26ac1663,2026-06-23T15:02:06Z,4,Loved this. Vocals add so much,c7213038227e42179555d9fc3430318c
spotify:track:6EXi6ZqTITKGtVBKqbphjL,e43c6e753dbf4f999a68467b26ac1663,2026-06-23T15:02:06Z,2,Ah yeah,c7213038227e42179555d9fc3430318c
spotify:track:3cPtZw0oqMEkKlGSF0SLkc,e43c6e753dbf4f999a68467b26ac1663,2026-06-23T15:02:06Z,5,Hell yeah,c7213038227e42179555d9fc3430318c
spotify:track:3ePd4K8tcdfr7KmbuOTrKK,e43c6e753dbf4f999a68467b26ac1663,2026-06-23T15:02:06Z,8,Love Novo Amor so much. Can’t believe I didn’t pick one of his songs for this,c7213038227e42179555d9fc3430318c
spotify:track:3kaFCsrbWjhC0o81ZbILmU,e43c6e753dbf4f999a68467b26ac1663,2026-06-23T15:02:06Z,3,,c7213038227e42179555d9fc3430318c
spotify:track:4ZknuVR2jOpMOcfwWpsuEr,e43c6e753dbf4f999a68467b26ac1663,2026-06-23T15:02:06Z,2,,c7213038227e42179555d9fc3430318c
spotify:track:67Jfevvbdxl7KwCdrxYlQc,e43c6e753dbf4f999a68467b26ac1663,2026-06-23T15:02:06Z,2,,c7213038227e42179555d9fc3430318c
spotify:track:1qVqPwp9kym1MJxhkC3E8a,e43c6e753dbf4f999a68467b26ac1663,2026-06-23T15:02:06Z,2,,c7213038227e42179555d9fc3430318c
spotify:track:1xRCmlU2GyzGem2vw4glxK,e43c6e753dbf4f999a68467b26ac1663,2026-06-23T15:02:06Z,1,,c7213038227e42179555d9fc3430318c
spotify:track:0vDwe7rbzdVeGsfelTTrG5,e43c6e753dbf4f999a68467b26ac1663,2026-06-23T15:02:06Z,3,,c7213038227e42179555d9fc3430318c
spotify:track:6r3Ld9WSdUP4sfu5W2tP9E,acce4ec537804cfc8a1c34efb041aa52,2026-06-23T15:32:39Z,3,,c7213038227e42179555d9fc3430318c
spotify:track:6EXi6ZqTITKGtVBKqbphjL,acce4ec537804cfc8a1c34efb041aa52,2026-06-23T15:32:39Z,2,,c7213038227e42179555d9fc3430318c
spotify:track:7HEgOGOTgdOsyu7WKvduJ9,acce4ec537804cfc8a1c34efb041aa52,2026-06-23T15:32:39Z,3,,c7213038227e42179555d9fc3430318c
spotify:track:67Jfevvbdxl7KwCdrxYlQc,acce4ec537804cfc8a1c34efb041aa52,2026-06-23T15:32:39Z,4,,c7213038227e42179555d9fc3430318c
spotify:track:4ZknuVR2jOpMOcfwWpsuEr,acce4ec537804cfc8a1c34efb041aa52,2026-06-23T15:32:39Z,8,,c7213038227e42179555d9fc3430318c
spotify:track:3cPtZw0oqMEkKlGSF0SLkc,acce4ec537804cfc8a1c34efb041aa52,2026-06-23T15:32:39Z,7,Felt like escaping a cult. Favorite song this week but not fully on theme so taking a few points off,c7213038227e42179555d9fc3430318c
spotify:track:32uLRYPFYAjNZGC7rQ6PXA,acce4ec537804cfc8a1c34efb041aa52,2026-06-23T15:32:39Z,3,,c7213038227e42179555d9fc3430318c
spotify:track:2nFGIC472JfEAskv3z8iBs,acce4ec537804cfc8a1c34efb041aa52,2026-06-23T15:32:39Z,1,,c7213038227e42179555d9fc3430318c
spotify:track:1xRCmlU2GyzGem2vw4glxK,acce4ec537804cfc8a1c34efb041aa52,2026-06-23T15:32:39Z,3,,c7213038227e42179555d9fc3430318c
spotify:track:0vDwe7rbzdVeGsfelTTrG5,acce4ec537804cfc8a1c34efb041aa52,2026-06-23T15:32:39Z,2,,c7213038227e42179555d9fc3430318c
spotify:track:77PWOAwOWIcUxG5Nq4U0YE,96d515a50352471caca66cdd7e710407,2026-06-23T17:57:09Z,2,A bit gas ya ,c7213038227e42179555d9fc3430318c
spotify:track:0vDwe7rbzdVeGsfelTTrG5,96d515a50352471caca66cdd7e710407,2026-06-23T17:57:09Z,2,,c7213038227e42179555d9fc3430318c
spotify:track:1xRCmlU2GyzGem2vw4glxK,96d515a50352471caca66cdd7e710407,2026-06-23T17:57:09Z,2,,c7213038227e42179555d9fc3430318c
spotify:track:2nFGIC472JfEAskv3z8iBs,96d515a50352471caca66cdd7e710407,2026-06-23T17:57:09Z,2,This was a bit too rythmic for what I had pictured. Lovely tune though,c7213038227e42179555d9fc3430318c
spotify:track:32uLRYPFYAjNZGC7rQ6PXA,96d515a50352471caca66cdd7e710407,2026-06-23T17:57:09Z,4,,c7213038227e42179555d9fc3430318c
spotify:track:3cPtZw0oqMEkKlGSF0SLkc,96d515a50352471caca66cdd7e710407,2026-06-23T17:57:09Z,2,"Cool! The avalanches sample this in ""We will always love you"". Didn't fit the theme for me that well tho",c7213038227e42179555d9fc3430318c
spotify:track:3ePd4K8tcdfr7KmbuOTrKK,96d515a50352471caca66cdd7e710407,2026-06-23T17:57:09Z,2,,c7213038227e42179555d9fc3430318c
spotify:track:3kaFCsrbWjhC0o81ZbILmU,96d515a50352471caca66cdd7e710407,2026-06-23T17:57:09Z,3,It works. I like ,c7213038227e42179555d9fc3430318c
spotify:track:4ZknuVR2jOpMOcfwWpsuEr,96d515a50352471caca66cdd7e710407,2026-06-23T17:57:09Z,5,Great pick,c7213038227e42179555d9fc3430318c
spotify:track:67Jfevvbdxl7KwCdrxYlQc,96d515a50352471caca66cdd7e710407,2026-06-23T17:57:09Z,5,Up Jono,c7213038227e42179555d9fc3430318c
spotify:track:6EXi6ZqTITKGtVBKqbphjL,96d515a50352471caca66cdd7e710407,2026-06-23T17:57:09Z,3,This was on my maybe list,c7213038227e42179555d9fc3430318c
spotify:track:6r3Ld9WSdUP4sfu5W2tP9E,96d515a50352471caca66cdd7e710407,2026-06-23T17:57:09Z,2,,c7213038227e42179555d9fc3430318c
spotify:track:7HEgOGOTgdOsyu7WKvduJ9,96d515a50352471caca66cdd7e710407,2026-06-23T17:57:09Z,2,I couldn't imagine anything but titanic sorry ,c7213038227e42179555d9fc3430318c
spotify:track:7HEgOGOTgdOsyu7WKvduJ9,1d843b6c8a8946b9bda7ad95b6ccc195,2026-06-24T09:39:34Z,4,"Spot on, fair play",c7213038227e42179555d9fc3430318c
spotify:track:77PWOAwOWIcUxG5Nq4U0YE,1d843b6c8a8946b9bda7ad95b6ccc195,2026-06-24T09:39:34Z,2,"Joke or not that was lovely
From birth to death, not death but rebirth",c7213038227e42179555d9fc3430318c
spotify:track:6EXi6ZqTITKGtVBKqbphjL,1d843b6c8a8946b9bda7ad95b6ccc195,2026-06-24T09:39:34Z,0,This song doesn't really do it for me sorry :(,c7213038227e42179555d9fc3430318c
spotify:track:67Jfevvbdxl7KwCdrxYlQc,1d843b6c8a8946b9bda7ad95b6ccc195,2026-06-24T09:39:34Z,3,,c7213038227e42179555d9fc3430318c
spotify:track:4ZknuVR2jOpMOcfwWpsuEr,1d843b6c8a8946b9bda7ad95b6ccc195,2026-06-24T09:39:34Z,5,Woweeee. Heavenly,c7213038227e42179555d9fc3430318c
spotify:track:3kaFCsrbWjhC0o81ZbILmU,1d843b6c8a8946b9bda7ad95b6ccc195,2026-06-24T09:39:34Z,3,"Girl I didn't know you could get down like that
",c7213038227e42179555d9fc3430318c
spotify:track:3cPtZw0oqMEkKlGSF0SLkc,1d843b6c8a8946b9bda7ad95b6ccc195,2026-06-24T09:39:34Z,3,Really like this interpretation ,c7213038227e42179555d9fc3430318c
spotify:track:32uLRYPFYAjNZGC7rQ6PXA,1d843b6c8a8946b9bda7ad95b6ccc195,2026-06-24T09:39:34Z,4,That's gorge,c7213038227e42179555d9fc3430318c
spotify:track:2nFGIC472JfEAskv3z8iBs,1d843b6c8a8946b9bda7ad95b6ccc195,2026-06-24T09:39:34Z,2,An unorthodox choice for me but v cool,c7213038227e42179555d9fc3430318c
spotify:track:1xRCmlU2GyzGem2vw4glxK,1d843b6c8a8946b9bda7ad95b6ccc195,2026-06-24T09:39:34Z,7,This is the GOAT entry here. I know because I tried to submit it with 7 mins left. My bad but like fair play,c7213038227e42179555d9fc3430318c
spotify:track:1qVqPwp9kym1MJxhkC3E8a,1d843b6c8a8946b9bda7ad95b6ccc195,2026-06-24T09:39:34Z,0,Peaceful but not awe inspiring for me,c7213038227e42179555d9fc3430318c
spotify:track:0vDwe7rbzdVeGsfelTTrG5,1d843b6c8a8946b9bda7ad95b6ccc195,2026-06-24T09:39:34Z,3,She's an angel all right,c7213038227e42179555d9fc3430318c
spotify:track:4ZknuVR2jOpMOcfwWpsuEr,71c8417802d241c6b2c478d5a45128b3,2026-06-24T19:09:47Z,5,Nothing says angelic and celestial like Brian Eno,c7213038227e42179555d9fc3430318c
spotify:track:0vDwe7rbzdVeGsfelTTrG5,71c8417802d241c6b2c478d5a45128b3,2026-06-24T19:09:47Z,4,Nothing says angelic like a bit of Enya to be fair,c7213038227e42179555d9fc3430318c
spotify:track:6EXi6ZqTITKGtVBKqbphjL,71c8417802d241c6b2c478d5a45128b3,2026-06-24T19:09:47Z,3,Really liked this ,c7213038227e42179555d9fc3430318c
spotify:track:6r3Ld9WSdUP4sfu5W2tP9E,71c8417802d241c6b2c478d5a45128b3,2026-06-24T19:09:47Z,2,A hint of spookiness ,c7213038227e42179555d9fc3430318c
spotify:track:77PWOAwOWIcUxG5Nq4U0YE,71c8417802d241c6b2c478d5a45128b3,2026-06-24T19:09:47Z,2,Was hoping more for like ethereal angelic-ness than an out and out hymn but still cool,c7213038227e42179555d9fc3430318c
spotify:track:7HEgOGOTgdOsyu7WKvduJ9,71c8417802d241c6b2c478d5a45128b3,2026-06-24T19:09:47Z,1,Nice song but not vibing with it as much as others on this playlist ,c7213038227e42179555d9fc3430318c
spotify:track:3kaFCsrbWjhC0o81ZbILmU,71c8417802d241c6b2c478d5a45128b3,2026-06-24T19:09:47Z,2,Hell yeah they do,c7213038227e42179555d9fc3430318c
spotify:track:3ePd4K8tcdfr7KmbuOTrKK,71c8417802d241c6b2c478d5a45128b3,2026-06-24T19:09:47Z,2,Nice vocals and big crescendo finish,c7213038227e42179555d9fc3430318c
spotify:track:3cPtZw0oqMEkKlGSF0SLkc,71c8417802d241c6b2c478d5a45128b3,2026-06-24T19:09:47Z,1,Lovely song but not really feeling the ✨ celestial ✨ vibes ,c7213038227e42179555d9fc3430318c
spotify:track:32uLRYPFYAjNZGC7rQ6PXA,71c8417802d241c6b2c478d5a45128b3,2026-06-24T19:09:47Z,3,I'm a sucker for some nice strings ,c7213038227e42179555d9fc3430318c
spotify:track:2nFGIC472JfEAskv3z8iBs,71c8417802d241c6b2c478d5a45128b3,2026-06-24T19:09:47Z,3,Lovely lovely synths ,c7213038227e42179555d9fc3430318c
spotify:track:1xRCmlU2GyzGem2vw4glxK,71c8417802d241c6b2c478d5a45128b3,2026-06-24T19:09:47Z,3,Feels like I'm ascending love it ,c7213038227e42179555d9fc3430318c
spotify:track:1qVqPwp9kym1MJxhkC3E8a,71c8417802d241c6b2c478d5a45128b3,2026-06-24T19:09:47Z,5,A fellow Jon Hopkins enjoyer 🧐 ,c7213038227e42179555d9fc3430318c
spotify:track:77PWOAwOWIcUxG5Nq4U0YE,dfd346d38f17465b9e121991477a6c8b,2026-06-25T00:23:25Z,2,,c7213038227e42179555d9fc3430318c
spotify:track:0vDwe7rbzdVeGsfelTTrG5,dfd346d38f17465b9e121991477a6c8b,2026-06-25T00:23:25Z,2,,c7213038227e42179555d9fc3430318c
spotify:track:1qVqPwp9kym1MJxhkC3E8a,dfd346d38f17465b9e121991477a6c8b,2026-06-25T00:23:25Z,5,,c7213038227e42179555d9fc3430318c
spotify:track:1xRCmlU2GyzGem2vw4glxK,dfd346d38f17465b9e121991477a6c8b,2026-06-25T00:23:25Z,3,,c7213038227e42179555d9fc3430318c
spotify:track:2nFGIC472JfEAskv3z8iBs,dfd346d38f17465b9e121991477a6c8b,2026-06-25T00:23:25Z,1,,c7213038227e42179555d9fc3430318c
spotify:track:32uLRYPFYAjNZGC7rQ6PXA,dfd346d38f17465b9e121991477a6c8b,2026-06-25T00:23:25Z,4,,c7213038227e42179555d9fc3430318c
spotify:track:3cPtZw0oqMEkKlGSF0SLkc,dfd346d38f17465b9e121991477a6c8b,2026-06-25T00:23:25Z,1,,c7213038227e42179555d9fc3430318c
spotify:track:3kaFCsrbWjhC0o81ZbILmU,dfd346d38f17465b9e121991477a6c8b,2026-06-25T00:23:25Z,2,,c7213038227e42179555d9fc3430318c
spotify:track:4ZknuVR2jOpMOcfwWpsuEr,dfd346d38f17465b9e121991477a6c8b,2026-06-25T00:23:25Z,3,,c7213038227e42179555d9fc3430318c
spotify:track:67Jfevvbdxl7KwCdrxYlQc,dfd346d38f17465b9e121991477a6c8b,2026-06-25T00:23:25Z,5,,c7213038227e42179555d9fc3430318c
spotify:track:6EXi6ZqTITKGtVBKqbphjL,dfd346d38f17465b9e121991477a6c8b,2026-06-25T00:23:25Z,4,"Didn’t think it fit the bill the best, but what a tune",c7213038227e42179555d9fc3430318c
spotify:track:6r3Ld9WSdUP4sfu5W2tP9E,dfd346d38f17465b9e121991477a6c8b,2026-06-25T00:23:25Z,1,,c7213038227e42179555d9fc3430318c
spotify:track:7HEgOGOTgdOsyu7WKvduJ9,dfd346d38f17465b9e121991477a6c8b,2026-06-25T00:23:25Z,3,🥹,c7213038227e42179555d9fc3430318c
spotify:track:6EXi6ZqTITKGtVBKqbphjL,2fc9c6b8f92145d697caadac61426533,2026-06-25T08:45:10Z,6,,c7213038227e42179555d9fc3430318c
spotify:track:7HEgOGOTgdOsyu7WKvduJ9,2fc9c6b8f92145d697caadac61426533,2026-06-25T08:45:10Z,2,Nothing more angelic than a  bagpipe 😭,c7213038227e42179555d9fc3430318c
spotify:track:0vDwe7rbzdVeGsfelTTrG5,2fc9c6b8f92145d697caadac61426533,2026-06-25T08:45:10Z,4,,c7213038227e42179555d9fc3430318c
spotify:track:1qVqPwp9kym1MJxhkC3E8a,2fc9c6b8f92145d697caadac61426533,2026-06-25T08:45:10Z,3,More jon Hopkins ,c7213038227e42179555d9fc3430318c
spotify:track:1xRCmlU2GyzGem2vw4glxK,2fc9c6b8f92145d697caadac61426533,2026-06-25T08:45:10Z,4,,c7213038227e42179555d9fc3430318c
spotify:track:2nFGIC472JfEAskv3z8iBs,2fc9c6b8f92145d697caadac61426533,2026-06-25T08:45:10Z,2,,c7213038227e42179555d9fc3430318c
spotify:track:32uLRYPFYAjNZGC7rQ6PXA,2fc9c6b8f92145d697caadac61426533,2026-06-25T08:45:10Z,3,,c7213038227e42179555d9fc3430318c
spotify:track:3cPtZw0oqMEkKlGSF0SLkc,2fc9c6b8f92145d697caadac61426533,2026-06-25T08:45:10Z,6,Love this song ,c7213038227e42179555d9fc3430318c
spotify:track:67Jfevvbdxl7KwCdrxYlQc,2fc9c6b8f92145d697caadac61426533,2026-06-25T08:45:10Z,6,Love jon hopkins,c7213038227e42179555d9fc3430318c
spotify:track:4ZknuVR2jOpMOcfwWpsuEr,3828fb97e38e4bfdac4343c43216a492,2026-06-25T10:12:21Z,2,,c7213038227e42179555d9fc3430318c
spotify:track:67Jfevvbdxl7KwCdrxYlQc,3828fb97e38e4bfdac4343c43216a492,2026-06-25T10:12:21Z,2,,c7213038227e42179555d9fc3430318c
spotify:track:6EXi6ZqTITKGtVBKqbphjL,3828fb97e38e4bfdac4343c43216a492,2026-06-25T10:12:21Z,3,,c7213038227e42179555d9fc3430318c
spotify:track:6r3Ld9WSdUP4sfu5W2tP9E,3828fb97e38e4bfdac4343c43216a492,2026-06-25T10:12:21Z,1,,c7213038227e42179555d9fc3430318c
spotify:track:7HEgOGOTgdOsyu7WKvduJ9,3828fb97e38e4bfdac4343c43216a492,2026-06-25T10:12:21Z,2,"Unfortunately the only thing this does for me is provide titanic imagery, so all's I see is some raunchy times in the back of an old timey car ",c7213038227e42179555d9fc3430318c
spotify:track:77PWOAwOWIcUxG5Nq4U0YE,3828fb97e38e4bfdac4343c43216a492,2026-06-25T10:12:21Z,3,,c7213038227e42179555d9fc3430318c
spotify:track:0vDwe7rbzdVeGsfelTTrG5,3828fb97e38e4bfdac4343c43216a492,2026-06-25T10:12:21Z,3,,c7213038227e42179555d9fc3430318c
spotify:track:1qVqPwp9kym1MJxhkC3E8a,3828fb97e38e4bfdac4343c43216a492,2026-06-25T10:12:21Z,2,,c7213038227e42179555d9fc3430318c
spotify:track:2nFGIC472JfEAskv3z8iBs,3828fb97e38e4bfdac4343c43216a492,2026-06-25T10:12:21Z,5,,c7213038227e42179555d9fc3430318c
spotify:track:32uLRYPFYAjNZGC7rQ6PXA,3828fb97e38e4bfdac4343c43216a492,2026-06-25T10:12:21Z,4,,c7213038227e42179555d9fc3430318c
spotify:track:3cPtZw0oqMEkKlGSF0SLkc,3828fb97e38e4bfdac4343c43216a492,2026-06-25T10:12:21Z,2,Nice info but does it fit the themeeee ,c7213038227e42179555d9fc3430318c
spotify:track:3ePd4K8tcdfr7KmbuOTrKK,3828fb97e38e4bfdac4343c43216a492,2026-06-25T10:12:21Z,3,Love this song although could have been better suited to the geo-location round imo,c7213038227e42179555d9fc3430318c
spotify:track:3kaFCsrbWjhC0o81ZbILmU,3828fb97e38e4bfdac4343c43216a492,2026-06-25T10:12:21Z,4,,c7213038227e42179555d9fc3430318c
spotify:track:7HEgOGOTgdOsyu7WKvduJ9,78d12b4b50924b6e83f2a060a150a8e8,2026-06-25T15:00:26Z,1,,c7213038227e42179555d9fc3430318c
spotify:track:0vDwe7rbzdVeGsfelTTrG5,78d12b4b50924b6e83f2a060a150a8e8,2026-06-25T15:00:26Z,3,,c7213038227e42179555d9fc3430318c
spotify:track:1qVqPwp9kym1MJxhkC3E8a,78d12b4b50924b6e83f2a060a150a8e8,2026-06-25T15:00:26Z,3,,c7213038227e42179555d9fc3430318c
spotify:track:1xRCmlU2GyzGem2vw4glxK,78d12b4b50924b6e83f2a060a150a8e8,2026-06-25T15:00:26Z,3,,c7213038227e42179555d9fc3430318c
spotify:track:32uLRYPFYAjNZGC7rQ6PXA,78d12b4b50924b6e83f2a060a150a8e8,2026-06-25T15:00:26Z,2,,c7213038227e42179555d9fc3430318c
spotify:track:3cPtZw0oqMEkKlGSF0SLkc,78d12b4b50924b6e83f2a060a150a8e8,2026-06-25T15:00:26Z,3,,c7213038227e42179555d9fc3430318c
spotify:track:3ePd4K8tcdfr7KmbuOTrKK,78d12b4b50924b6e83f2a060a150a8e8,2026-06-25T15:00:26Z,3,,c7213038227e42179555d9fc3430318c
spotify:track:3kaFCsrbWjhC0o81ZbILmU,78d12b4b50924b6e83f2a060a150a8e8,2026-06-25T15:00:26Z,5,,c7213038227e42179555d9fc3430318c
spotify:track:4ZknuVR2jOpMOcfwWpsuEr,78d12b4b50924b6e83f2a060a150a8e8,2026-06-25T15:00:26Z,3,,c7213038227e42179555d9fc3430318c
spotify:track:67Jfevvbdxl7KwCdrxYlQc,78d12b4b50924b6e83f2a060a150a8e8,2026-06-25T15:00:26Z,3,,c7213038227e42179555d9fc3430318c
spotify:track:6EXi6ZqTITKGtVBKqbphjL,78d12b4b50924b6e83f2a060a150a8e8,2026-06-25T15:00:26Z,2,,c7213038227e42179555d9fc3430318c
spotify:track:6r3Ld9WSdUP4sfu5W2tP9E,78d12b4b50924b6e83f2a060a150a8e8,2026-06-25T15:00:26Z,3,,c7213038227e42179555d9fc3430318c
spotify:track:77PWOAwOWIcUxG5Nq4U0YE,78d12b4b50924b6e83f2a060a150a8e8,2026-06-25T15:00:26Z,2,,c7213038227e42179555d9fc3430318c
spotify:track:1qVqPwp9kym1MJxhkC3E8a,a8e4878c0eef4cf2b98d20b54391601d,2026-06-25T23:40:01Z,2,,c7213038227e42179555d9fc3430318c
spotify:track:7HEgOGOTgdOsyu7WKvduJ9,a8e4878c0eef4cf2b98d20b54391601d,2026-06-25T23:40:01Z,2,,c7213038227e42179555d9fc3430318c
spotify:track:77PWOAwOWIcUxG5Nq4U0YE,a8e4878c0eef4cf2b98d20b54391601d,2026-06-25T23:40:01Z,3,,c7213038227e42179555d9fc3430318c
spotify:track:6r3Ld9WSdUP4sfu5W2tP9E,a8e4878c0eef4cf2b98d20b54391601d,2026-06-25T23:40:01Z,1,,c7213038227e42179555d9fc3430318c
spotify:track:6EXi6ZqTITKGtVBKqbphjL,a8e4878c0eef4cf2b98d20b54391601d,2026-06-25T23:40:01Z,3,,c7213038227e42179555d9fc3430318c
spotify:track:67Jfevvbdxl7KwCdrxYlQc,a8e4878c0eef4cf2b98d20b54391601d,2026-06-25T23:40:01Z,2,,c7213038227e42179555d9fc3430318c
spotify:track:4ZknuVR2jOpMOcfwWpsuEr,a8e4878c0eef4cf2b98d20b54391601d,2026-06-25T23:40:01Z,5,👼👼,c7213038227e42179555d9fc3430318c
spotify:track:3kaFCsrbWjhC0o81ZbILmU,a8e4878c0eef4cf2b98d20b54391601d,2026-06-25T23:40:01Z,2,,c7213038227e42179555d9fc3430318c
spotify:track:3ePd4K8tcdfr7KmbuOTrKK,a8e4878c0eef4cf2b98d20b54391601d,2026-06-25T23:40:01Z,3,,c7213038227e42179555d9fc3430318c
spotify:track:3cPtZw0oqMEkKlGSF0SLkc,a8e4878c0eef4cf2b98d20b54391601d,2026-06-25T23:40:01Z,1,,c7213038227e42179555d9fc3430318c
spotify:track:32uLRYPFYAjNZGC7rQ6PXA,a8e4878c0eef4cf2b98d20b54391601d,2026-06-25T23:40:01Z,4,"Love this, everything WILL be ok",c7213038227e42179555d9fc3430318c
spotify:track:2nFGIC472JfEAskv3z8iBs,a8e4878c0eef4cf2b98d20b54391601d,2026-06-25T23:40:01Z,3,,c7213038227e42179555d9fc3430318c
spotify:track:1xRCmlU2GyzGem2vw4glxK,a8e4878c0eef4cf2b98d20b54391601d,2026-06-25T23:40:01Z,5,Beautiful - warms my heart so much ,c7213038227e42179555d9fc3430318c
spotify:track:3kaFCsrbWjhC0o81ZbILmU,0034474c5f804b6e99a366f09da69b35,2026-06-26T01:36:57Z,3,,c7213038227e42179555d9fc3430318c
spotify:track:4ZknuVR2jOpMOcfwWpsuEr,0034474c5f804b6e99a366f09da69b35,2026-06-26T01:36:57Z,3,,c7213038227e42179555d9fc3430318c
spotify:track:67Jfevvbdxl7KwCdrxYlQc,0034474c5f804b6e99a366f09da69b35,2026-06-26T01:36:57Z,3,,c7213038227e42179555d9fc3430318c
spotify:track:6r3Ld9WSdUP4sfu5W2tP9E,0034474c5f804b6e99a366f09da69b35,2026-06-26T01:36:57Z,2,,c7213038227e42179555d9fc3430318c
spotify:track:77PWOAwOWIcUxG5Nq4U0YE,0034474c5f804b6e99a366f09da69b35,2026-06-26T01:36:57Z,3,,c7213038227e42179555d9fc3430318c
spotify:track:7HEgOGOTgdOsyu7WKvduJ9,0034474c5f804b6e99a366f09da69b35,2026-06-26T01:36:57Z,3,,c7213038227e42179555d9fc3430318c
spotify:track:3ePd4K8tcdfr7KmbuOTrKK,0034474c5f804b6e99a366f09da69b35,2026-06-26T01:36:57Z,3,,c7213038227e42179555d9fc3430318c
spotify:track:3cPtZw0oqMEkKlGSF0SLkc,0034474c5f804b6e99a366f09da69b35,2026-06-26T01:36:57Z,1,,c7213038227e42179555d9fc3430318c
spotify:track:32uLRYPFYAjNZGC7rQ6PXA,0034474c5f804b6e99a366f09da69b35,2026-06-26T01:36:57Z,3,,c7213038227e42179555d9fc3430318c
spotify:track:2nFGIC472JfEAskv3z8iBs,0034474c5f804b6e99a366f09da69b35,2026-06-26T01:36:57Z,3,,c7213038227e42179555d9fc3430318c
spotify:track:1xRCmlU2GyzGem2vw4glxK,0034474c5f804b6e99a366f09da69b35,2026-06-26T01:36:57Z,3,,c7213038227e42179555d9fc3430318c
spotify:track:1qVqPwp9kym1MJxhkC3E8a,0034474c5f804b6e99a366f09da69b35,2026-06-26T01:36:57Z,2,,c7213038227e42179555d9fc3430318c
spotify:track:0vDwe7rbzdVeGsfelTTrG5,0034474c5f804b6e99a366f09da69b35,2026-06-26T01:36:57Z,4,,c7213038227e42179555d9fc3430318c
spotify:track:0fzCtVM9D5UEwiLqcY8Ouq,a3ae0c49642a47d48c37d7c01c632225,2026-06-28T20:22:00Z,6,,111240dbb6fb41dc9728d8678d90ae17
spotify:track:0Ln5tJyLX5qusquBOtq7wf,a3ae0c49642a47d48c37d7c01c632225,2026-06-28T20:22:00Z,1,,111240dbb6fb41dc9728d8678d90ae17
spotify:track:1caT2YklnqZq35IcQ0oRLj,a3ae0c49642a47d48c37d7c01c632225,2026-06-28T20:22:00Z,3,,111240dbb6fb41dc9728d8678d90ae17
spotify:track:1f4cKwcKfNiLbQr8x2tZ3C,a3ae0c49642a47d48c37d7c01c632225,2026-06-28T20:22:00Z,1,,111240dbb6fb41dc9728d8678d90ae17
spotify:track:1IqF5PUDUnaykHLs0RWbDO,a3ae0c49642a47d48c37d7c01c632225,2026-06-28T20:22:00Z,5,,111240dbb6fb41dc9728d8678d90ae17
spotify:track:1JSIWsJfxOji0FrxFcxdCK,a3ae0c49642a47d48c37d7c01c632225,2026-06-28T20:22:00Z,2,Me when I see another orb at ATN,111240dbb6fb41dc9728d8678d90ae17
spotify:track:2bfGNzdiRa1jXZRdfssSzR,a3ae0c49642a47d48c37d7c01c632225,2026-06-28T20:22:00Z,2,,111240dbb6fb41dc9728d8678d90ae17
spotify:track:2W1ehC1GNSvUlWCKE5FSI5,a3ae0c49642a47d48c37d7c01c632225,2026-06-28T20:22:00Z,4,,111240dbb6fb41dc9728d8678d90ae17
spotify:track:3R47KOuGuGvmoeQqbODPa3,a3ae0c49642a47d48c37d7c01c632225,2026-06-28T20:22:00Z,6,Abba is my top artist and this is my favourite abba song 🙇‍♂️,111240dbb6fb41dc9728d8678d90ae17
spotify:track:3yO1OjqT59JyjHaQZcCYDX,a3ae0c49642a47d48c37d7c01c632225,2026-06-28T20:22:00Z,2,,111240dbb6fb41dc9728d8678d90ae17
spotify:track:5le4sn0iMcnKU56bdmNzso,a3ae0c49642a47d48c37d7c01c632225,2026-06-28T20:22:00Z,4,,111240dbb6fb41dc9728d8678d90ae17
spotify:track:0fzCtVM9D5UEwiLqcY8Ouq,2fc9c6b8f92145d697caadac61426533,2026-06-28T20:24:34Z,1,,111240dbb6fb41dc9728d8678d90ae17
spotify:track:0IP9U6sTH3BBbmczskyxvm,2fc9c6b8f92145d697caadac61426533,2026-06-28T20:24:34Z,4,,111240dbb6fb41dc9728d8678d90ae17
spotify:track:0Ln5tJyLX5qusquBOtq7wf,2fc9c6b8f92145d697caadac61426533,2026-06-28T20:24:34Z,4,,111240dbb6fb41dc9728d8678d90ae17
spotify:track:1f4cKwcKfNiLbQr8x2tZ3C,2fc9c6b8f92145d697caadac61426533,2026-06-28T20:24:34Z,5,,111240dbb6fb41dc9728d8678d90ae17
spotify:track:1IqF5PUDUnaykHLs0RWbDO,2fc9c6b8f92145d697caadac61426533,2026-06-28T20:24:34Z,4,,111240dbb6fb41dc9728d8678d90ae17
spotify:track:1JSIWsJfxOji0FrxFcxdCK,2fc9c6b8f92145d697caadac61426533,2026-06-28T20:24:34Z,2,,111240dbb6fb41dc9728d8678d90ae17
spotify:track:2bfGNzdiRa1jXZRdfssSzR,2fc9c6b8f92145d697caadac61426533,2026-06-28T20:24:34Z,4,Such a hot song,111240dbb6fb41dc9728d8678d90ae17
spotify:track:2W1ehC1GNSvUlWCKE5FSI5,2fc9c6b8f92145d697caadac61426533,2026-06-28T20:24:34Z,3,,111240dbb6fb41dc9728d8678d90ae17
spotify:track:3yO1OjqT59JyjHaQZcCYDX,2fc9c6b8f92145d697caadac61426533,2026-06-28T20:24:34Z,2,,111240dbb6fb41dc9728d8678d90ae17
spotify:track:4erJBoqNtQtSgwTmnSGY7A,2fc9c6b8f92145d697caadac61426533,2026-06-28T20:24:34Z,5,"I hate sand, it's coarse and irritating and gets everywhere ",111240dbb6fb41dc9728d8678d90ae17
spotify:track:5le4sn0iMcnKU56bdmNzso,2fc9c6b8f92145d697caadac61426533,2026-06-28T20:24:34Z,2,,111240dbb6fb41dc9728d8678d90ae17
spotify:track:0fzCtVM9D5UEwiLqcY8Ouq,dfd346d38f17465b9e121991477a6c8b,2026-06-29T13:53:05Z,4,,111240dbb6fb41dc9728d8678d90ae17
spotify:track:0IP9U6sTH3BBbmczskyxvm,dfd346d38f17465b9e121991477a6c8b,2026-06-29T13:53:05Z,2,,111240dbb6fb41dc9728d8678d90ae17
spotify:track:0Ln5tJyLX5qusquBOtq7wf,dfd346d38f17465b9e121991477a6c8b,2026-06-29T13:53:05Z,3,,111240dbb6fb41dc9728d8678d90ae17
spotify:track:1caT2YklnqZq35IcQ0oRLj,dfd346d38f17465b9e121991477a6c8b,2026-06-29T13:53:05Z,6,,111240dbb6fb41dc9728d8678d90ae17
spotify:track:1f4cKwcKfNiLbQr8x2tZ3C,dfd346d38f17465b9e121991477a6c8b,2026-06-29T13:53:05Z,5,,111240dbb6fb41dc9728d8678d90ae17
spotify:track:1IqF5PUDUnaykHLs0RWbDO,dfd346d38f17465b9e121991477a6c8b,2026-06-29T13:53:05Z,2,,111240dbb6fb41dc9728d8678d90ae17
spotify:track:1JSIWsJfxOji0FrxFcxdCK,dfd346d38f17465b9e121991477a6c8b,2026-06-29T13:53:05Z,4,,111240dbb6fb41dc9728d8678d90ae17
spotify:track:2bfGNzdiRa1jXZRdfssSzR,dfd346d38f17465b9e121991477a6c8b,2026-06-29T13:53:05Z,4,,111240dbb6fb41dc9728d8678d90ae17
spotify:track:2W1ehC1GNSvUlWCKE5FSI5,dfd346d38f17465b9e121991477a6c8b,2026-06-29T13:53:05Z,1,,111240dbb6fb41dc9728d8678d90ae17
spotify:track:3yO1OjqT59JyjHaQZcCYDX,dfd346d38f17465b9e121991477a6c8b,2026-06-29T13:53:05Z,2,,111240dbb6fb41dc9728d8678d90ae17
spotify:track:5DnflcAnOpTcW7Md6MG3XI,dfd346d38f17465b9e121991477a6c8b,2026-06-29T13:53:05Z,1,The vocals sound like AI - bring back the OG,111240dbb6fb41dc9728d8678d90ae17
spotify:track:5le4sn0iMcnKU56bdmNzso,dfd346d38f17465b9e121991477a6c8b,2026-06-29T13:53:05Z,2,,111240dbb6fb41dc9728d8678d90ae17
spotify:track:0fzCtVM9D5UEwiLqcY8Ouq,e4fc2f3089594796b99dca4ab07f7d41,2026-06-30T09:36:04Z,0,It grew on me as I listened to it but not my fav sorry no,111240dbb6fb41dc9728d8678d90ae17
spotify:track:0Ln5tJyLX5qusquBOtq7wf,e4fc2f3089594796b99dca4ab07f7d41,2026-06-30T09:36:04Z,2,Fun 🕺,111240dbb6fb41dc9728d8678d90ae17
spotify:track:1caT2YklnqZq35IcQ0oRLj,e4fc2f3089594796b99dca4ab07f7d41,2026-06-30T09:36:04Z,8,So good yes,111240dbb6fb41dc9728d8678d90ae17
spotify:track:1IqF5PUDUnaykHLs0RWbDO,e4fc2f3089594796b99dca4ab07f7d41,2026-06-30T09:36:04Z,3,Extra points for descriptive caption 👏 Very sluggish vibe song great choice,111240dbb6fb41dc9728d8678d90ae17
spotify:track:1JSIWsJfxOji0FrxFcxdCK,e4fc2f3089594796b99dca4ab07f7d41,2026-06-30T09:36:04Z,5,So clever 👏👏👏 ,111240dbb6fb41dc9728d8678d90ae17
spotify:track:2bfGNzdiRa1jXZRdfssSzR,e4fc2f3089594796b99dca4ab07f7d41,2026-06-30T09:36:04Z,1,Is this Shane Doyle ,111240dbb6fb41dc9728d8678d90ae17
spotify:track:3yO1OjqT59JyjHaQZcCYDX,e4fc2f3089594796b99dca4ab07f7d41,2026-06-30T09:36:04Z,4,Accurate lyrics for a heatwave,111240dbb6fb41dc9728d8678d90ae17
spotify:track:4erJBoqNtQtSgwTmnSGY7A,e4fc2f3089594796b99dca4ab07f7d41,2026-06-30T09:36:04Z,0,Had a nice little boogie to this :),111240dbb6fb41dc9728d8678d90ae17
spotify:track:5DnflcAnOpTcW7Md6MG3XI,e4fc2f3089594796b99dca4ab07f7d41,2026-06-30T09:36:04Z,7,"I see what you did here, well done",111240dbb6fb41dc9728d8678d90ae17
spotify:track:5le4sn0iMcnKU56bdmNzso,e4fc2f3089594796b99dca4ab07f7d41,2026-06-30T09:36:04Z,6,Groovy 🌞,111240dbb6fb41dc9728d8678d90ae17
spotify:track:0IP9U6sTH3BBbmczskyxvm,96d515a50352471caca66cdd7e710407,2026-06-30T11:09:51Z,2,Huge. 5am sunrise rave vibe ,111240dbb6fb41dc9728d8678d90ae17
spotify:track:0Ln5tJyLX5qusquBOtq7wf,96d515a50352471caca66cdd7e710407,2026-06-30T11:09:51Z,5,,111240dbb6fb41dc9728d8678d90ae17
spotify:track:1caT2YklnqZq35IcQ0oRLj,96d515a50352471caca66cdd7e710407,2026-06-30T11:09:51Z,3,,111240dbb6fb41dc9728d8678d90ae17
spotify:track:1f4cKwcKfNiLbQr8x2tZ3C,96d515a50352471caca66cdd7e710407,2026-06-30T11:09:51Z,2,,111240dbb6fb41dc9728d8678d90ae17
spotify:track:1IqF5PUDUnaykHLs0RWbDO,96d515a50352471caca66cdd7e710407,2026-06-30T11:09:51Z,4,,111240dbb6fb41dc9728d8678d90ae17
spotify:track:2W1ehC1GNSvUlWCKE5FSI5,96d515a50352471caca66cdd7e710407,2026-06-30T11:09:51Z,3,"It's been done, but you get points for one of my all time faves",111240dbb6fb41dc9728d8678d90ae17
spotify:track:3R47KOuGuGvmoeQqbODPa3,96d515a50352471caca66cdd7e710407,2026-06-30T11:09:51Z,3,,111240dbb6fb41dc9728d8678d90ae17
spotify:track:3yO1OjqT59JyjHaQZcCYDX,96d515a50352471caca66cdd7e710407,2026-06-30T11:09:51Z,2,,111240dbb6fb41dc9728d8678d90ae17
spotify:track:4erJBoqNtQtSgwTmnSGY7A,96d515a50352471caca66cdd7e710407,2026-06-30T11:09:51Z,5,Fuckin love this track ,111240dbb6fb41dc9728d8678d90ae17
spotify:track:5DnflcAnOpTcW7Md6MG3XI,96d515a50352471caca66cdd7e710407,2026-06-30T11:09:51Z,3,,111240dbb6fb41dc9728d8678d90ae17
spotify:track:5le4sn0iMcnKU56bdmNzso,96d515a50352471caca66cdd7e710407,2026-06-30T11:09:51Z,4,Evokes vivid memories of the Summers when I lived in Toronto and it would be fucking boiling with the humidity. I was listening to this flat out. Good times ,111240dbb6fb41dc9728d8678d90ae17
spotify:track:0fzCtVM9D5UEwiLqcY8Ouq,a8e4878c0eef4cf2b98d20b54391601d,2026-06-30T12:05:21Z,1,,111240dbb6fb41dc9728d8678d90ae17
spotify:track:0IP9U6sTH3BBbmczskyxvm,a8e4878c0eef4cf2b98d20b54391601d,2026-06-30T12:05:21Z,6,A very fun song ,111240dbb6fb41dc9728d8678d90ae17
spotify:track:0Ln5tJyLX5qusquBOtq7wf,a8e4878c0eef4cf2b98d20b54391601d,2026-06-30T12:05:21Z,3,,111240dbb6fb41dc9728d8678d90ae17
spotify:track:1caT2YklnqZq35IcQ0oRLj,a8e4878c0eef4cf2b98d20b54391601d,2026-06-30T12:05:21Z,6,,111240dbb6fb41dc9728d8678d90ae17
spotify:track:1f4cKwcKfNiLbQr8x2tZ3C,a8e4878c0eef4cf2b98d20b54391601d,2026-06-30T12:05:21Z,1,"Love the song but don’t really feel like I’m in the sun, more melting under the moonlight ",111240dbb6fb41dc9728d8678d90ae17
spotify:track:1IqF5PUDUnaykHLs0RWbDO,a8e4878c0eef4cf2b98d20b54391601d,2026-06-30T12:05:21Z,6,,111240dbb6fb41dc9728d8678d90ae17
spotify:track:1JSIWsJfxOji0FrxFcxdCK,a8e4878c0eef4cf2b98d20b54391601d,2026-06-30T12:05:21Z,3,,111240dbb6fb41dc9728d8678d90ae17
spotify:track:2bfGNzdiRa1jXZRdfssSzR,a8e4878c0eef4cf2b98d20b54391601d,2026-06-30T12:05:21Z,1,,111240dbb6fb41dc9728d8678d90ae17
spotify:track:2W1ehC1GNSvUlWCKE5FSI5,a8e4878c0eef4cf2b98d20b54391601d,2026-06-30T12:05:21Z,4,,111240dbb6fb41dc9728d8678d90ae17
spotify:track:3R47KOuGuGvmoeQqbODPa3,a8e4878c0eef4cf2b98d20b54391601d,2026-06-30T12:05:21Z,2,,111240dbb6fb41dc9728d8678d90ae17
spotify:track:4erJBoqNtQtSgwTmnSGY7A,a8e4878c0eef4cf2b98d20b54391601d,2026-06-30T12:05:21Z,3,,111240dbb6fb41dc9728d8678d90ae17
spotify:track:0fzCtVM9D5UEwiLqcY8Ouq,1d843b6c8a8946b9bda7ad95b6ccc195,2026-06-30T13:06:07Z,3,"nice tune, and most I've ever been able to understand him",111240dbb6fb41dc9728d8678d90ae17
spotify:track:0Ln5tJyLX5qusquBOtq7wf,1d843b6c8a8946b9bda7ad95b6ccc195,2026-06-30T13:06:07Z,4,Ya sweaty,111240dbb6fb41dc9728d8678d90ae17
spotify:track:1caT2YklnqZq35IcQ0oRLj,1d843b6c8a8946b9bda7ad95b6ccc195,2026-06-30T13:06:07Z,5,"Unreal, gonna dance my sweat off",111240dbb6fb41dc9728d8678d90ae17
spotify:track:1f4cKwcKfNiLbQr8x2tZ3C,1d843b6c8a8946b9bda7ad95b6ccc195,2026-06-30T13:06:07Z,0,Sorry but nothing happened here ,111240dbb6fb41dc9728d8678d90ae17
spotify:track:1IqF5PUDUnaykHLs0RWbDO,1d843b6c8a8946b9bda7ad95b6ccc195,2026-06-30T13:06:07Z,3,Cool I never heard the original of this sample before,111240dbb6fb41dc9728d8678d90ae17
spotify:track:2bfGNzdiRa1jXZRdfssSzR,1d843b6c8a8946b9bda7ad95b6ccc195,2026-06-30T13:06:07Z,1,This town ain't big enough for the two of us I'm afraid,111240dbb6fb41dc9728d8678d90ae17
spotify:track:2W1ehC1GNSvUlWCKE5FSI5,1d843b6c8a8946b9bda7ad95b6ccc195,2026-06-30T13:06:07Z,4,Super nice,111240dbb6fb41dc9728d8678d90ae17
spotify:track:3R47KOuGuGvmoeQqbODPa3,1d843b6c8a8946b9bda7ad95b6ccc195,2026-06-30T13:06:07Z,5,"Never heard this before, gorgeous song will be added to my rotation ",111240dbb6fb41dc9728d8678d90ae17
spotify:track:3yO1OjqT59JyjHaQZcCYDX,1d843b6c8a8946b9bda7ad95b6ccc195,2026-06-30T13:06:07Z,4,,111240dbb6fb41dc9728d8678d90ae17
spotify:track:4erJBoqNtQtSgwTmnSGY7A,1d843b6c8a8946b9bda7ad95b6ccc195,2026-06-30T13:06:07Z,2,Sexy,111240dbb6fb41dc9728d8678d90ae17
spotify:track:5DnflcAnOpTcW7Md6MG3XI,1d843b6c8a8946b9bda7ad95b6ccc195,2026-06-30T13:06:07Z,3,"Omg this was the soundtrack of our wild Atlantic way road trip, summer 2020 😍 so cheesy and fun",111240dbb6fb41dc9728d8678d90ae17
spotify:track:5le4sn0iMcnKU56bdmNzso,1d843b6c8a8946b9bda7ad95b6ccc195,2026-06-30T13:06:07Z,2,,111240dbb6fb41dc9728d8678d90ae17
spotify:track:0fzCtVM9D5UEwiLqcY8Ouq,e43c6e753dbf4f999a68467b26ac1663,2026-06-30T16:38:57Z,3,That hard Sun do be beating,111240dbb6fb41dc9728d8678d90ae17
spotify:track:0IP9U6sTH3BBbmczskyxvm,e43c6e753dbf4f999a68467b26ac1663,2026-06-30T16:38:57Z,2,Tudo bem fr,111240dbb6fb41dc9728d8678d90ae17
spotify:track:0Ln5tJyLX5qusquBOtq7wf,e43c6e753dbf4f999a68467b26ac1663,2026-06-30T16:38:57Z,5,Forgot how toasty this one is,111240dbb6fb41dc9728d8678d90ae17
spotify:track:1caT2YklnqZq35IcQ0oRLj,e43c6e753dbf4f999a68467b26ac1663,2026-06-30T16:38:57Z,1,,111240dbb6fb41dc9728d8678d90ae17
spotify:track:1f4cKwcKfNiLbQr8x2tZ3C,e43c6e753dbf4f999a68467b26ac1663,2026-06-30T16:38:57Z,5,I like the bit halfway through when this gets extra melty ,111240dbb6fb41dc9728d8678d90ae17
spotify:track:1IqF5PUDUnaykHLs0RWbDO,e43c6e753dbf4f999a68467b26ac1663,2026-06-30T16:38:57Z,3,,111240dbb6fb41dc9728d8678d90ae17
spotify:track:1JSIWsJfxOji0FrxFcxdCK,e43c6e753dbf4f999a68467b26ac1663,2026-06-30T16:38:57Z,2,This town ain’t big enough for the both of us,111240dbb6fb41dc9728d8678d90ae17
spotify:track:2W1ehC1GNSvUlWCKE5FSI5,e43c6e753dbf4f999a68467b26ac1663,2026-06-30T16:38:57Z,2,,111240dbb6fb41dc9728d8678d90ae17
spotify:track:3R47KOuGuGvmoeQqbODPa3,e43c6e753dbf4f999a68467b26ac1663,2026-06-30T16:38:57Z,2,If it wasn’t for the nights I would’ve enjoyed this heatwave a lot more ,111240dbb6fb41dc9728d8678d90ae17
spotify:track:3yO1OjqT59JyjHaQZcCYDX,e43c6e753dbf4f999a68467b26ac1663,2026-06-30T16:38:57Z,5,Class,111240dbb6fb41dc9728d8678d90ae17
spotify:track:5DnflcAnOpTcW7Md6MG3XI,e43c6e753dbf4f999a68467b26ac1663,2026-06-30T16:38:57Z,4,Quintessential radio song during every heatwave,111240dbb6fb41dc9728d8678d90ae17
spotify:track:5le4sn0iMcnKU56bdmNzso,e43c6e753dbf4f999a68467b26ac1663,2026-06-30T16:38:57Z,2,Good fun,111240dbb6fb41dc9728d8678d90ae17
spotify:track:0fzCtVM9D5UEwiLqcY8Ouq,3828fb97e38e4bfdac4343c43216a492,2026-07-02T10:48:49Z,7,"Great song, class movie also ",111240dbb6fb41dc9728d8678d90ae17
spotify:track:0Ln5tJyLX5qusquBOtq7wf,3828fb97e38e4bfdac4343c43216a492,2026-07-02T10:48:49Z,6,Great pick ,111240dbb6fb41dc9728d8678d90ae17
spotify:track:1JSIWsJfxOji0FrxFcxdCK,3828fb97e38e4bfdac4343c43216a492,2026-07-02T10:48:49Z,3,,111240dbb6fb41dc9728d8678d90ae17
spotify:track:2bfGNzdiRa1jXZRdfssSzR,3828fb97e38e4bfdac4343c43216a492,2026-07-02T10:48:49Z,6,Got more points from me for having just saw them and wondering when I'd be able to sneak a Gorillaz song in ,111240dbb6fb41dc9728d8678d90ae17
spotify:track:3R47KOuGuGvmoeQqbODPa3,3828fb97e38e4bfdac4343c43216a492,2026-07-02T10:48:49Z,2,,111240dbb6fb41dc9728d8678d90ae17
spotify:track:3yO1OjqT59JyjHaQZcCYDX,3828fb97e38e4bfdac4343c43216a492,2026-07-02T10:48:49Z,2,,111240dbb6fb41dc9728d8678d90ae17
spotify:track:4erJBoqNtQtSgwTmnSGY7A,3828fb97e38e4bfdac4343c43216a492,2026-07-02T10:48:49Z,1,,111240dbb6fb41dc9728d8678d90ae17
spotify:track:5DnflcAnOpTcW7Md6MG3XI,3828fb97e38e4bfdac4343c43216a492,2026-07-02T10:48:49Z,6,,111240dbb6fb41dc9728d8678d90ae17
spotify:track:5le4sn0iMcnKU56bdmNzso,3828fb97e38e4bfdac4343c43216a492,2026-07-02T10:48:49Z,3,,111240dbb6fb41dc9728d8678d90ae17
spotify:track:0fzCtVM9D5UEwiLqcY8Ouq,0034474c5f804b6e99a366f09da69b35,2026-07-02T12:05:36Z,2,,111240dbb6fb41dc9728d8678d90ae17
spotify:track:0IP9U6sTH3BBbmczskyxvm,0034474c5f804b6e99a366f09da69b35,2026-07-02T12:05:36Z,2,,111240dbb6fb41dc9728d8678d90ae17
spotify:track:1caT2YklnqZq35IcQ0oRLj,0034474c5f804b6e99a366f09da69b35,2026-07-02T12:05:36Z,2,,111240dbb6fb41dc9728d8678d90ae17
spotify:track:1f4cKwcKfNiLbQr8x2tZ3C,0034474c5f804b6e99a366f09da69b35,2026-07-02T12:05:36Z,1,,111240dbb6fb41dc9728d8678d90ae17
spotify:track:1IqF5PUDUnaykHLs0RWbDO,0034474c5f804b6e99a366f09da69b35,2026-07-02T12:05:36Z,1,,111240dbb6fb41dc9728d8678d90ae17
spotify:track:1JSIWsJfxOji0FrxFcxdCK,0034474c5f804b6e99a366f09da69b35,2026-07-02T12:05:36Z,3,,111240dbb6fb41dc9728d8678d90ae17
spotify:track:2bfGNzdiRa1jXZRdfssSzR,0034474c5f804b6e99a366f09da69b35,2026-07-02T12:05:36Z,3,Love the song but not sure it goes with the theme ,111240dbb6fb41dc9728d8678d90ae17
spotify:track:2W1ehC1GNSvUlWCKE5FSI5,0034474c5f804b6e99a366f09da69b35,2026-07-02T12:05:36Z,5,I know this was submitted already but it's such a tune ,111240dbb6fb41dc9728d8678d90ae17
spotify:track:3R47KOuGuGvmoeQqbODPa3,0034474c5f804b6e99a366f09da69b35,2026-07-02T12:05:36Z,2,Get a fan bro,111240dbb6fb41dc9728d8678d90ae17
spotify:track:3yO1OjqT59JyjHaQZcCYDX,0034474c5f804b6e99a366f09da69b35,2026-07-02T12:05:36Z,7,Yup,111240dbb6fb41dc9728d8678d90ae17
spotify:track:4erJBoqNtQtSgwTmnSGY7A,0034474c5f804b6e99a366f09da69b35,2026-07-02T12:05:36Z,2,,111240dbb6fb41dc9728d8678d90ae17
spotify:track:5DnflcAnOpTcW7Md6MG3XI,0034474c5f804b6e99a366f09da69b35,2026-07-02T12:05:36Z,2,Makes you think ,111240dbb6fb41dc9728d8678d90ae17
spotify:track:5le4sn0iMcnKU56bdmNzso,0034474c5f804b6e99a366f09da69b35,2026-07-02T12:05:36Z,4,I was not enjoying the sunshine,111240dbb6fb41dc9728d8678d90ae17
spotify:track:0fzCtVM9D5UEwiLqcY8Ouq,71c8417802d241c6b2c478d5a45128b3,2026-07-02T13:46:30Z,3,"Enjoyed this, yup pearl jam",111240dbb6fb41dc9728d8678d90ae17
spotify:track:0IP9U6sTH3BBbmczskyxvm,71c8417802d241c6b2c478d5a45128b3,2026-07-02T13:46:30Z,5,Big up yah ,111240dbb6fb41dc9728d8678d90ae17
spotify:track:0Ln5tJyLX5qusquBOtq7wf,71c8417802d241c6b2c478d5a45128b3,2026-07-02T13:46:30Z,2,,111240dbb6fb41dc9728d8678d90ae17
spotify:track:1caT2YklnqZq35IcQ0oRLj,71c8417802d241c6b2c478d5a45128b3,2026-07-02T13:46:30Z,4,Feels like I'm on holidays,111240dbb6fb41dc9728d8678d90ae17
spotify:track:1f4cKwcKfNiLbQr8x2tZ3C,71c8417802d241c6b2c478d5a45128b3,2026-07-02T13:46:30Z,3,Hooray for Kelly Lee Owens,111240dbb6fb41dc9728d8678d90ae17
spotify:track:1IqF5PUDUnaykHLs0RWbDO,71c8417802d241c6b2c478d5a45128b3,2026-07-02T13:46:30Z,4,"Big sunny feeling here, time does move slow in the sunshine ",111240dbb6fb41dc9728d8678d90ae17
spotify:track:1JSIWsJfxOji0FrxFcxdCK,71c8417802d241c6b2c478d5a45128b3,2026-07-02T13:46:30Z,4,Me cycling on my lime bike like a weary cowboy trekking across the desert ,111240dbb6fb41dc9728d8678d90ae17
spotify:track:2bfGNzdiRa1jXZRdfssSzR,71c8417802d241c6b2c478d5a45128b3,2026-07-02T13:46:30Z,2,,111240dbb6fb41dc9728d8678d90ae17
spotify:track:2W1ehC1GNSvUlWCKE5FSI5,71c8417802d241c6b2c478d5a45128b3,2026-07-02T13:46:30Z,2,,111240dbb6fb41dc9728d8678d90ae17
spotify:track:3R47KOuGuGvmoeQqbODPa3,71c8417802d241c6b2c478d5a45128b3,2026-07-02T13:46:30Z,2,Creative use of the theme nice one,111240dbb6fb41dc9728d8678d90ae17
spotify:track:4erJBoqNtQtSgwTmnSGY7A,71c8417802d241c6b2c478d5a45128b3,2026-07-02T13:46:30Z,0,This is like the lonely island except bad,111240dbb6fb41dc9728d8678d90ae17
spotify:track:5DnflcAnOpTcW7Md6MG3XI,71c8417802d241c6b2c478d5a45128b3,2026-07-02T13:46:30Z,1,Good title but wasn't gone on the song ,111240dbb6fb41dc9728d8678d90ae17
spotify:track:5le4sn0iMcnKU56bdmNzso,71c8417802d241c6b2c478d5a45128b3,2026-07-02T13:46:30Z,4,Hell yeah this feels right ,111240dbb6fb41dc9728d8678d90ae17
spotify:track:0Ln5tJyLX5qusquBOtq7wf,acce4ec537804cfc8a1c34efb041aa52,2026-07-02T18:07:54Z,5,,111240dbb6fb41dc9728d8678d90ae17
spotify:track:1caT2YklnqZq35IcQ0oRLj,acce4ec537804cfc8a1c34efb041aa52,2026-07-02T18:07:54Z,7,,111240dbb6fb41dc9728d8678d90ae17
spotify:track:1f4cKwcKfNiLbQr8x2tZ3C,acce4ec537804cfc8a1c34efb041aa52,2026-07-02T18:07:54Z,1,,111240dbb6fb41dc9728d8678d90ae17
spotify:track:1JSIWsJfxOji0FrxFcxdCK,acce4ec537804cfc8a1c34efb041aa52,2026-07-02T18:07:54Z,3,,111240dbb6fb41dc9728d8678d90ae17
spotify:track:2bfGNzdiRa1jXZRdfssSzR,acce4ec537804cfc8a1c34efb041aa52,2026-07-02T18:07:54Z,2,,111240dbb6fb41dc9728d8678d90ae17
spotify:track:2W1ehC1GNSvUlWCKE5FSI5,acce4ec537804cfc8a1c34efb041aa52,2026-07-02T18:07:54Z,5,,111240dbb6fb41dc9728d8678d90ae17
spotify:track:3R47KOuGuGvmoeQqbODPa3,acce4ec537804cfc8a1c34efb041aa52,2026-07-02T18:07:54Z,2,,111240dbb6fb41dc9728d8678d90ae17
spotify:track:4erJBoqNtQtSgwTmnSGY7A,acce4ec537804cfc8a1c34efb041aa52,2026-07-02T18:07:54Z,2,,111240dbb6fb41dc9728d8678d90ae17
spotify:track:5DnflcAnOpTcW7Md6MG3XI,acce4ec537804cfc8a1c34efb041aa52,2026-07-02T18:07:54Z,6,,111240dbb6fb41dc9728d8678d90ae17
spotify:track:5le4sn0iMcnKU56bdmNzso,acce4ec537804cfc8a1c34efb041aa52,2026-07-02T18:07:54Z,3,,111240dbb6fb41dc9728d8678d90ae17
spotify:track:0fzCtVM9D5UEwiLqcY8Ouq,78d12b4b50924b6e83f2a060a150a8e8,2026-07-02T20:42:08Z,4,,111240dbb6fb41dc9728d8678d90ae17
spotify:track:0IP9U6sTH3BBbmczskyxvm,78d12b4b50924b6e83f2a060a150a8e8,2026-07-02T20:42:08Z,3,,111240dbb6fb41dc9728d8678d90ae17
spotify:track:0Ln5tJyLX5qusquBOtq7wf,78d12b4b50924b6e83f2a060a150a8e8,2026-07-02T20:42:08Z,3,,111240dbb6fb41dc9728d8678d90ae17
spotify:track:1caT2YklnqZq35IcQ0oRLj,78d12b4b50924b6e83f2a060a150a8e8,2026-07-02T20:42:08Z,4,,111240dbb6fb41dc9728d8678d90ae17
spotify:track:1IqF5PUDUnaykHLs0RWbDO,78d12b4b50924b6e83f2a060a150a8e8,2026-07-02T20:42:08Z,2,,111240dbb6fb41dc9728d8678d90ae17
spotify:track:1JSIWsJfxOji0FrxFcxdCK,78d12b4b50924b6e83f2a060a150a8e8,2026-07-02T20:42:08Z,5,,111240dbb6fb41dc9728d8678d90ae17
spotify:track:2bfGNzdiRa1jXZRdfssSzR,78d12b4b50924b6e83f2a060a150a8e8,2026-07-02T20:42:08Z,3,,111240dbb6fb41dc9728d8678d90ae17
spotify:track:2W1ehC1GNSvUlWCKE5FSI5,78d12b4b50924b6e83f2a060a150a8e8,2026-07-02T20:42:08Z,3,,111240dbb6fb41dc9728d8678d90ae17
spotify:track:3R47KOuGuGvmoeQqbODPa3,78d12b4b50924b6e83f2a060a150a8e8,2026-07-02T20:42:08Z,4,,111240dbb6fb41dc9728d8678d90ae17
spotify:track:3yO1OjqT59JyjHaQZcCYDX,78d12b4b50924b6e83f2a060a150a8e8,2026-07-02T20:42:08Z,3,,111240dbb6fb41dc9728d8678d90ae17
spotify:track:5le4sn0iMcnKU56bdmNzso,78d12b4b50924b6e83f2a060a150a8e8,2026-07-02T20:42:08Z,2,,111240dbb6fb41dc9728d8678d90ae17
spotify:track:0IP9U6sTH3BBbmczskyxvm,d007026516024c34981c654238511be8,2026-07-02T20:42:33Z,2,"It’s ok, bit annoying ",111240dbb6fb41dc9728d8678d90ae17
spotify:track:0Ln5tJyLX5qusquBOtq7wf,d007026516024c34981c654238511be8,2026-07-02T20:42:33Z,3,,111240dbb6fb41dc9728d8678d90ae17
spotify:track:1caT2YklnqZq35IcQ0oRLj,d007026516024c34981c654238511be8,2026-07-02T20:42:33Z,4,,111240dbb6fb41dc9728d8678d90ae17
spotify:track:1f4cKwcKfNiLbQr8x2tZ3C,d007026516024c34981c654238511be8,2026-07-02T20:42:33Z,4,,111240dbb6fb41dc9728d8678d90ae17
spotify:track:1JSIWsJfxOji0FrxFcxdCK,d007026516024c34981c654238511be8,2026-07-02T20:42:33Z,1,,111240dbb6fb41dc9728d8678d90ae17
spotify:track:2bfGNzdiRa1jXZRdfssSzR,d007026516024c34981c654238511be8,2026-07-02T20:42:33Z,4,,111240dbb6fb41dc9728d8678d90ae17
spotify:track:2W1ehC1GNSvUlWCKE5FSI5,d007026516024c34981c654238511be8,2026-07-02T20:42:33Z,3,,111240dbb6fb41dc9728d8678d90ae17
spotify:track:3R47KOuGuGvmoeQqbODPa3,d007026516024c34981c654238511be8,2026-07-02T20:42:33Z,1,,111240dbb6fb41dc9728d8678d90ae17
spotify:track:3yO1OjqT59JyjHaQZcCYDX,d007026516024c34981c654238511be8,2026-07-02T20:42:33Z,5,,111240dbb6fb41dc9728d8678d90ae17
spotify:track:4erJBoqNtQtSgwTmnSGY7A,d007026516024c34981c654238511be8,2026-07-02T20:42:33Z,2,,111240dbb6fb41dc9728d8678d90ae17
spotify:track:5DnflcAnOpTcW7Md6MG3XI,d007026516024c34981c654238511be8,2026-07-02T20:42:33Z,1,Cool enough but idk,111240dbb6fb41dc9728d8678d90ae17
spotify:track:5le4sn0iMcnKU56bdmNzso,d007026516024c34981c654238511be8,2026-07-02T20:42:33Z,6,,111240dbb6fb41dc9728d8678d90ae17
spotify:track:1EuFHPoVGfyfEZBaYExK7v,0034474c5f804b6e99a366f09da69b35,2026-07-07T09:45:17Z,3,"Nice song, not crazy out there compared to the others I'd say. There's a song that samples this that I know but can't remember the name ",3fec0009afa94954ab78a1c77e1e68ef
spotify:track:1XJSGRCMLh4IpCfyZXJe9J,0034474c5f804b6e99a366f09da69b35,2026-07-07T09:45:17Z,2,,3fec0009afa94954ab78a1c77e1e68ef
spotify:track:2KGJFFbKiR4S6yvYHsG17V,0034474c5f804b6e99a366f09da69b35,2026-07-07T09:45:17Z,1,,3fec0009afa94954ab78a1c77e1e68ef
spotify:track:2ov40EF0gnt0t72ilfoXqV,0034474c5f804b6e99a366f09da69b35,2026-07-07T09:45:17Z,5,,3fec0009afa94954ab78a1c77e1e68ef
spotify:track:2tZIVD0ZPxpsoFx7hvAjWh,0034474c5f804b6e99a366f09da69b35,2026-07-07T09:45:17Z,1,,3fec0009afa94954ab78a1c77e1e68ef
spotify:track:3UPBOL5UtCZmJRwioMkfLD,0034474c5f804b6e99a366f09da69b35,2026-07-07T09:45:17Z,1,🤔 ,3fec0009afa94954ab78a1c77e1e68ef
spotify:track:3W88n6kLHdhFIG9LrIiBqA,0034474c5f804b6e99a366f09da69b35,2026-07-07T09:45:17Z,3,,3fec0009afa94954ab78a1c77e1e68ef
spotify:track:4m0gpCh0BD2ZmXgWSoGidu,0034474c5f804b6e99a366f09da69b35,2026-07-07T09:45:17Z,3,It is weird but somehow catchy but I don't know if I'd ever listen to this song again ,3fec0009afa94954ab78a1c77e1e68ef
spotify:track:4rK8pOI7L8VxmrftUFXg6m,0034474c5f804b6e99a366f09da69b35,2026-07-07T09:45:17Z,5,"Anyone else hear, ""gonna wash for your boi your nan?""

Cool song tho",3fec0009afa94954ab78a1c77e1e68ef
spotify:track:4trB3Y8zbSetvd1erUlsbh,0034474c5f804b6e99a366f09da69b35,2026-07-07T09:45:17Z,3,"What the fuck is this hahahahaha

Listening to this in work in a corporate office is gas, the fear of it being played out loud 

I'm imagining party cockroach

Fair play for submitting this you are brave ",3fec0009afa94954ab78a1c77e1e68ef
spotify:track:5O7ul5wIFeJfPLJCgNpBwm,0034474c5f804b6e99a366f09da69b35,2026-07-07T09:45:17Z,1,,3fec0009afa94954ab78a1c77e1e68ef
spotify:track:5rhLAQjsgVdHlFsqAoqnQZ,0034474c5f804b6e99a366f09da69b35,2026-07-07T09:45:17Z,4,These guys are definitely from planet earth. This is some great earth disco music for earthlings.,3fec0009afa94954ab78a1c77e1e68ef
spotify:track:7b9oYQCf6g02miFtSCfubB,0034474c5f804b6e99a366f09da69b35,2026-07-07T09:45:17Z,4,,3fec0009afa94954ab78a1c77e1e68ef
spotify:track:1EuFHPoVGfyfEZBaYExK7v,a3ae0c49642a47d48c37d7c01c632225,2026-07-07T11:51:40Z,3,,3fec0009afa94954ab78a1c77e1e68ef
spotify:track:2KGJFFbKiR4S6yvYHsG17V,a3ae0c49642a47d48c37d7c01c632225,2026-07-07T11:51:40Z,1,,3fec0009afa94954ab78a1c77e1e68ef
spotify:track:2ov40EF0gnt0t72ilfoXqV,a3ae0c49642a47d48c37d7c01c632225,2026-07-07T11:51:40Z,6,,3fec0009afa94954ab78a1c77e1e68ef
spotify:track:3W88n6kLHdhFIG9LrIiBqA,a3ae0c49642a47d48c37d7c01c632225,2026-07-07T11:51:40Z,6,,3fec0009afa94954ab78a1c77e1e68ef
spotify:track:4rK8pOI7L8VxmrftUFXg6m,a3ae0c49642a47d48c37d7c01c632225,2026-07-07T11:51:40Z,6,,3fec0009afa94954ab78a1c77e1e68ef
spotify:track:4trB3Y8zbSetvd1erUlsbh,a3ae0c49642a47d48c37d7c01c632225,2026-07-07T11:51:40Z,7,Beautiful meaning ,3fec0009afa94954ab78a1c77e1e68ef
spotify:track:5O7ul5wIFeJfPLJCgNpBwm,a3ae0c49642a47d48c37d7c01c632225,2026-07-07T11:51:40Z,2,,3fec0009afa94954ab78a1c77e1e68ef
spotify:track:5rhLAQjsgVdHlFsqAoqnQZ,a3ae0c49642a47d48c37d7c01c632225,2026-07-07T11:51:40Z,2,,3fec0009afa94954ab78a1c77e1e68ef
spotify:track:7b9oYQCf6g02miFtSCfubB,a3ae0c49642a47d48c37d7c01c632225,2026-07-07T11:51:40Z,3,,3fec0009afa94954ab78a1c77e1e68ef
spotify:track:1EuFHPoVGfyfEZBaYExK7v,e4fc2f3089594796b99dca4ab07f7d41,2026-07-07T17:17:57Z,2,Quite gorgeous but not unusual enough I don’t think,3fec0009afa94954ab78a1c77e1e68ef
spotify:track:2KGJFFbKiR4S6yvYHsG17V,e4fc2f3089594796b99dca4ab07f7d41,2026-07-07T17:17:57Z,1,Beautifulllll but not unusual enough for this theme,3fec0009afa94954ab78a1c77e1e68ef
spotify:track:2ov40EF0gnt0t72ilfoXqV,e4fc2f3089594796b99dca4ab07f7d41,2026-07-07T17:17:57Z,5,So good,3fec0009afa94954ab78a1c77e1e68ef
spotify:track:3W88n6kLHdhFIG9LrIiBqA,e4fc2f3089594796b99dca4ab07f7d41,2026-07-07T17:17:57Z,4,Quirky and FUN,3fec0009afa94954ab78a1c77e1e68ef
spotify:track:4m0gpCh0BD2ZmXgWSoGidu,e4fc2f3089594796b99dca4ab07f7d41,2026-07-07T17:17:57Z,3,“Little freak of a song” - new hyper fixation phrase ,3fec0009afa94954ab78a1c77e1e68ef
spotify:track:4trB3Y8zbSetvd1erUlsbh,e4fc2f3089594796b99dca4ab07f7d41,2026-07-07T17:17:57Z,8,"This is so weird, 8 points ",3fec0009afa94954ab78a1c77e1e68ef
spotify:track:5O7ul5wIFeJfPLJCgNpBwm,e4fc2f3089594796b99dca4ab07f7d41,2026-07-07T17:17:57Z,0,Not unusual at ALL!! I love this ,3fec0009afa94954ab78a1c77e1e68ef
spotify:track:5rhLAQjsgVdHlFsqAoqnQZ,e4fc2f3089594796b99dca4ab07f7d41,2026-07-07T17:17:57Z,6,😎😎😎,3fec0009afa94954ab78a1c77e1e68ef
spotify:track:7b9oYQCf6g02miFtSCfubB,e4fc2f3089594796b99dca4ab07f7d41,2026-07-07T17:17:57Z,7,Loveeee 😍,3fec0009afa94954ab78a1c77e1e68ef
spotify:track:1EuFHPoVGfyfEZBaYExK7v,e43c6e753dbf4f999a68467b26ac1663,2026-07-08T13:12:25Z,3,Ah that’s lovely,3fec0009afa94954ab78a1c77e1e68ef
spotify:track:1XJSGRCMLh4IpCfyZXJe9J,e43c6e753dbf4f999a68467b26ac1663,2026-07-08T13:12:25Z,2,"Was gonna give 0 initially because HAIM aren’t unconventional, but I like this twist on the theme. Very un-HAIM song you’re right",3fec0009afa94954ab78a1c77e1e68ef
spotify:track:2KGJFFbKiR4S6yvYHsG17V,e43c6e753dbf4f999a68467b26ac1663,2026-07-08T13:12:25Z,1,That’s good stuff,3fec0009afa94954ab78a1c77e1e68ef
spotify:track:2ov40EF0gnt0t72ilfoXqV,e43c6e753dbf4f999a68467b26ac1663,2026-07-08T13:12:25Z,4,How this had me acting -> 🐍,3fec0009afa94954ab78a1c77e1e68ef
spotify:track:2tZIVD0ZPxpsoFx7hvAjWh,e43c6e753dbf4f999a68467b26ac1663,2026-07-08T13:12:25Z,4,Definitely unconventional to even know anything other than Fireflies and Good Time. Lovely little song,3fec0009afa94954ab78a1c77e1e68ef
spotify:track:3UPBOL5UtCZmJRwioMkfLD,e43c6e753dbf4f999a68467b26ac1663,2026-07-08T13:12:25Z,5,I was originally gonna put a euro trance song in!! This one was on repeat for me on one of the clubland CDs back in the day,3fec0009afa94954ab78a1c77e1e68ef
spotify:track:3W88n6kLHdhFIG9LrIiBqA,e43c6e753dbf4f999a68467b26ac1663,2026-07-08T13:12:25Z,2,,3fec0009afa94954ab78a1c77e1e68ef
spotify:track:4Ee6ZsyVepVsvObgYwzgH1,e43c6e753dbf4f999a68467b26ac1663,2026-07-08T13:12:25Z,2,I do love the Voidz,3fec0009afa94954ab78a1c77e1e68ef
spotify:track:4m0gpCh0BD2ZmXgWSoGidu,e43c6e753dbf4f999a68467b26ac1663,2026-07-08T13:12:25Z,2,Ah here,3fec0009afa94954ab78a1c77e1e68ef
spotify:track:4rK8pOI7L8VxmrftUFXg6m,e43c6e753dbf4f999a68467b26ac1663,2026-07-08T13:12:25Z,4,Funky,3fec0009afa94954ab78a1c77e1e68ef
spotify:track:4trB3Y8zbSetvd1erUlsbh,e43c6e753dbf4f999a68467b26ac1663,2026-07-08T13:12:25Z,2,🦟🐜🦟🐜 <- me listening to this,3fec0009afa94954ab78a1c77e1e68ef
spotify:track:5rhLAQjsgVdHlFsqAoqnQZ,e43c6e753dbf4f999a68467b26ac1663,2026-07-08T13:12:25Z,2,Do do do do do do do,3fec0009afa94954ab78a1c77e1e68ef
spotify:track:7b9oYQCf6g02miFtSCfubB,e43c6e753dbf4f999a68467b26ac1663,2026-07-08T13:12:25Z,3,This is so surf club 2017,3fec0009afa94954ab78a1c77e1e68ef
spotify:track:1EuFHPoVGfyfEZBaYExK7v,71c8417802d241c6b2c478d5a45128b3,2026-07-08T20:02:09Z,2,Cool story bro ,3fec0009afa94954ab78a1c77e1e68ef
spotify:track:1XJSGRCMLh4IpCfyZXJe9J,71c8417802d241c6b2c478d5a45128b3,2026-07-08T20:02:09Z,0,This is literally a HAIM song,3fec0009afa94954ab78a1c77e1e68ef
spotify:track:2KGJFFbKiR4S6yvYHsG17V,71c8417802d241c6b2c478d5a45128b3,2026-07-08T20:02:09Z,2,Not for me but respect the pick,3fec0009afa94954ab78a1c77e1e68ef
spotify:track:2ov40EF0gnt0t72ilfoXqV,71c8417802d241c6b2c478d5a45128b3,2026-07-08T20:02:09Z,2,Solid,3fec0009afa94954ab78a1c77e1e68ef
spotify:track:2tZIVD0ZPxpsoFx7hvAjWh,71c8417802d241c6b2c478d5a45128b3,2026-07-08T20:02:09Z,0,It's literally an Owl City song ,3fec0009afa94954ab78a1c77e1e68ef
spotify:track:3UPBOL5UtCZmJRwioMkfLD,71c8417802d241c6b2c478d5a45128b3,2026-07-08T20:02:09Z,1,Not exactly groundbreaking but it was fun ,3fec0009afa94954ab78a1c77e1e68ef
spotify:track:3W88n6kLHdhFIG9LrIiBqA,71c8417802d241c6b2c478d5a45128b3,2026-07-08T20:02:09Z,8,Oh hell yeah now this is what I'm talking about ,3fec0009afa94954ab78a1c77e1e68ef
spotify:track:4Ee6ZsyVepVsvObgYwzgH1,71c8417802d241c6b2c478d5a45128b3,2026-07-08T20:02:09Z,1,1 point because at least it's the Voidz and not the Strokes,3fec0009afa94954ab78a1c77e1e68ef
spotify:track:4m0gpCh0BD2ZmXgWSoGidu,71c8417802d241c6b2c478d5a45128b3,2026-07-08T20:02:09Z,5,The bravest entry here I salute you ,3fec0009afa94954ab78a1c77e1e68ef
spotify:track:4rK8pOI7L8VxmrftUFXg6m,71c8417802d241c6b2c478d5a45128b3,2026-07-08T20:02:09Z,8,Now this is what I'm TALKING ABOUT ,3fec0009afa94954ab78a1c77e1e68ef
spotify:track:5O7ul5wIFeJfPLJCgNpBwm,71c8417802d241c6b2c478d5a45128b3,2026-07-08T20:02:09Z,2,Minus one point as I wasn't gone on the intro but solid pick ,3fec0009afa94954ab78a1c77e1e68ef
spotify:track:5rhLAQjsgVdHlFsqAoqnQZ,71c8417802d241c6b2c478d5a45128b3,2026-07-08T20:02:09Z,3,Not necessarily a fan but I appreciate it's a bit more out there ,3fec0009afa94954ab78a1c77e1e68ef
spotify:track:7b9oYQCf6g02miFtSCfubB,71c8417802d241c6b2c478d5a45128b3,2026-07-08T20:02:09Z,2,It's not my cup of tea but I respect the pick ,3fec0009afa94954ab78a1c77e1e68ef
spotify:track:1EuFHPoVGfyfEZBaYExK7v,2fc9c6b8f92145d697caadac61426533,2026-07-08T21:24:13Z,3,Actually in my liked songs like ir,3fec0009afa94954ab78a1c77e1e68ef
spotify:track:2KGJFFbKiR4S6yvYHsG17V,2fc9c6b8f92145d697caadac61426533,2026-07-08T21:24:13Z,2,,3fec0009afa94954ab78a1c77e1e68ef
spotify:track:2ov40EF0gnt0t72ilfoXqV,2fc9c6b8f92145d697caadac61426533,2026-07-08T21:24:13Z,5,,3fec0009afa94954ab78a1c77e1e68ef
spotify:track:3UPBOL5UtCZmJRwioMkfLD,2fc9c6b8f92145d697caadac61426533,2026-07-08T21:24:13Z,2,,3fec0009afa94954ab78a1c77e1e68ef
spotify:track:3W88n6kLHdhFIG9LrIiBqA,2fc9c6b8f92145d697caadac61426533,2026-07-08T21:24:13Z,5,,3fec0009afa94954ab78a1c77e1e68ef
spotify:track:4Ee6ZsyVepVsvObgYwzgH1,2fc9c6b8f92145d697caadac61426533,2026-07-08T21:24:13Z,1,,3fec0009afa94954ab78a1c77e1e68ef
spotify:track:4m0gpCh0BD2ZmXgWSoGidu,2fc9c6b8f92145d697caadac61426533,2026-07-08T21:24:13Z,7,This has me holding in laughs in work,3fec0009afa94954ab78a1c77e1e68ef
spotify:track:4trB3Y8zbSetvd1erUlsbh,2fc9c6b8f92145d697caadac61426533,2026-07-08T21:24:13Z,3,,3fec0009afa94954ab78a1c77e1e68ef
spotify:track:5O7ul5wIFeJfPLJCgNpBwm,2fc9c6b8f92145d697caadac61426533,2026-07-08T21:24:13Z,3,,3fec0009afa94954ab78a1c77e1e68ef
spotify:track:5rhLAQjsgVdHlFsqAoqnQZ,2fc9c6b8f92145d697caadac61426533,2026-07-08T21:24:13Z,3,,3fec0009afa94954ab78a1c77e1e68ef
spotify:track:7b9oYQCf6g02miFtSCfubB,2fc9c6b8f92145d697caadac61426533,2026-07-08T21:24:13Z,2,Love caravan palace and ,3fec0009afa94954ab78a1c77e1e68ef
spotify:track:1EuFHPoVGfyfEZBaYExK7v,a8e4878c0eef4cf2b98d20b54391601d,2026-07-09T10:14:41Z,5,Okay actually big fan of this ,3fec0009afa94954ab78a1c77e1e68ef
spotify:track:2KGJFFbKiR4S6yvYHsG17V,a8e4878c0eef4cf2b98d20b54391601d,2026-07-09T10:14:41Z,2,Would have given more points as i love this but its not exactly unconventional or unusual just because it’s opera ,3fec0009afa94954ab78a1c77e1e68ef
spotify:track:2ov40EF0gnt0t72ilfoXqV,a8e4878c0eef4cf2b98d20b54391601d,2026-07-09T10:14:41Z,6,Big fan!,3fec0009afa94954ab78a1c77e1e68ef
spotify:track:2tZIVD0ZPxpsoFx7hvAjWh,a8e4878c0eef4cf2b98d20b54391601d,2026-07-09T10:14:41Z,1,Guiltily always loved this song so you get a point but definitely not unconventional,3fec0009afa94954ab78a1c77e1e68ef
spotify:track:3UPBOL5UtCZmJRwioMkfLD,a8e4878c0eef4cf2b98d20b54391601d,2026-07-09T10:14:41Z,2,,3fec0009afa94954ab78a1c77e1e68ef
spotify:track:3W88n6kLHdhFIG9LrIiBqA,a8e4878c0eef4cf2b98d20b54391601d,2026-07-09T10:14:41Z,4,,3fec0009afa94954ab78a1c77e1e68ef
spotify:track:4Ee6ZsyVepVsvObgYwzgH1,a8e4878c0eef4cf2b98d20b54391601d,2026-07-09T10:14:41Z,1,,3fec0009afa94954ab78a1c77e1e68ef
spotify:track:4m0gpCh0BD2ZmXgWSoGidu,a8e4878c0eef4cf2b98d20b54391601d,2026-07-09T10:14:41Z,3,I can’t tell if I like this or not or just weirded out hahaha,3fec0009afa94954ab78a1c77e1e68ef
spotify:track:4rK8pOI7L8VxmrftUFXg6m,a8e4878c0eef4cf2b98d20b54391601d,2026-07-09T10:14:41Z,3,,3fec0009afa94954ab78a1c77e1e68ef
spotify:track:4trB3Y8zbSetvd1erUlsbh,a8e4878c0eef4cf2b98d20b54391601d,2026-07-09T10:14:41Z,4,"Thought I didn’t like then started shaking my body to it, very unusual ",3fec0009afa94954ab78a1c77e1e68ef
spotify:track:5O7ul5wIFeJfPLJCgNpBwm,a8e4878c0eef4cf2b98d20b54391601d,2026-07-09T10:14:41Z,2,,3fec0009afa94954ab78a1c77e1e68ef
spotify:track:5rhLAQjsgVdHlFsqAoqnQZ,a8e4878c0eef4cf2b98d20b54391601d,2026-07-09T10:14:41Z,3,Oof I really like this,3fec0009afa94954ab78a1c77e1e68ef
spotify:track:1XJSGRCMLh4IpCfyZXJe9J,d007026516024c34981c654238511be8,2026-07-09T14:36:36Z,3,,3fec0009afa94954ab78a1c77e1e68ef
spotify:track:2KGJFFbKiR4S6yvYHsG17V,d007026516024c34981c654238511be8,2026-07-09T14:36:36Z,0,Something my 70 yo Aunt would submit,3fec0009afa94954ab78a1c77e1e68ef
spotify:track:2ov40EF0gnt0t72ilfoXqV,d007026516024c34981c654238511be8,2026-07-09T14:36:36Z,2,Safe play but cool song ,3fec0009afa94954ab78a1c77e1e68ef
spotify:track:2tZIVD0ZPxpsoFx7hvAjWh,d007026516024c34981c654238511be8,2026-07-09T14:36:36Z,1,,3fec0009afa94954ab78a1c77e1e68ef
spotify:track:3UPBOL5UtCZmJRwioMkfLD,d007026516024c34981c654238511be8,2026-07-09T14:36:36Z,3,Great song but safe play,3fec0009afa94954ab78a1c77e1e68ef
spotify:track:3W88n6kLHdhFIG9LrIiBqA,d007026516024c34981c654238511be8,2026-07-09T14:36:36Z,4,So odd lol,3fec0009afa94954ab78a1c77e1e68ef
spotify:track:4Ee6ZsyVepVsvObgYwzgH1,d007026516024c34981c654238511be8,2026-07-09T14:36:36Z,4,,3fec0009afa94954ab78a1c77e1e68ef
spotify:track:4m0gpCh0BD2ZmXgWSoGidu,d007026516024c34981c654238511be8,2026-07-09T14:36:36Z,3,This is so weird hahaha,3fec0009afa94954ab78a1c77e1e68ef
spotify:track:4rK8pOI7L8VxmrftUFXg6m,d007026516024c34981c654238511be8,2026-07-09T14:36:36Z,1,Safe play,3fec0009afa94954ab78a1c77e1e68ef
spotify:track:4trB3Y8zbSetvd1erUlsbh,d007026516024c34981c654238511be8,2026-07-09T14:36:36Z,3,Hahahahaha,3fec0009afa94954ab78a1c77e1e68ef
spotify:track:5O7ul5wIFeJfPLJCgNpBwm,d007026516024c34981c654238511be8,2026-07-09T14:36:36Z,1,,3fec0009afa94954ab78a1c77e1e68ef
spotify:track:5rhLAQjsgVdHlFsqAoqnQZ,d007026516024c34981c654238511be8,2026-07-09T14:36:36Z,5,,3fec0009afa94954ab78a1c77e1e68ef
spotify:track:7b9oYQCf6g02miFtSCfubB,d007026516024c34981c654238511be8,2026-07-09T14:36:36Z,6,Such a surf club 2017 throwback either Shane or Jade,3fec0009afa94954ab78a1c77e1e68ef
spotify:track:1EuFHPoVGfyfEZBaYExK7v,96d515a50352471caca66cdd7e710407,2026-07-09T14:59:44Z,2,Love this guy,3fec0009afa94954ab78a1c77e1e68ef
spotify:track:1XJSGRCMLh4IpCfyZXJe9J,96d515a50352471caca66cdd7e710407,2026-07-09T14:59:44Z,3,,3fec0009afa94954ab78a1c77e1e68ef
spotify:track:2KGJFFbKiR4S6yvYHsG17V,96d515a50352471caca66cdd7e710407,2026-07-09T14:59:44Z,2,,3fec0009afa94954ab78a1c77e1e68ef
spotify:track:2ov40EF0gnt0t72ilfoXqV,96d515a50352471caca66cdd7e710407,2026-07-09T14:59:44Z,4,Great,3fec0009afa94954ab78a1c77e1e68ef
spotify:track:2tZIVD0ZPxpsoFx7hvAjWh,96d515a50352471caca66cdd7e710407,2026-07-09T14:59:44Z,1,It's not for me ,3fec0009afa94954ab78a1c77e1e68ef
spotify:track:3UPBOL5UtCZmJRwioMkfLD,96d515a50352471caca66cdd7e710407,2026-07-09T14:59:44Z,1,This for me is quite usual and conventional but it is a tune ,3fec0009afa94954ab78a1c77e1e68ef
spotify:track:4Ee6ZsyVepVsvObgYwzgH1,96d515a50352471caca66cdd7e710407,2026-07-09T14:59:44Z,1,,3fec0009afa94954ab78a1c77e1e68ef
spotify:track:4m0gpCh0BD2ZmXgWSoGidu,96d515a50352471caca66cdd7e710407,2026-07-09T14:59:44Z,7,This is ridiculous. I love it,3fec0009afa94954ab78a1c77e1e68ef
spotify:track:4rK8pOI7L8VxmrftUFXg6m,96d515a50352471caca66cdd7e710407,2026-07-09T14:59:44Z,4,Hell yeah,3fec0009afa94954ab78a1c77e1e68ef
spotify:track:4trB3Y8zbSetvd1erUlsbh,96d515a50352471caca66cdd7e710407,2026-07-09T14:59:44Z,3,,3fec0009afa94954ab78a1c77e1e68ef
spotify:track:5O7ul5wIFeJfPLJCgNpBwm,96d515a50352471caca66cdd7e710407,2026-07-09T14:59:44Z,3,,3fec0009afa94954ab78a1c77e1e68ef
spotify:track:5rhLAQjsgVdHlFsqAoqnQZ,96d515a50352471caca66cdd7e710407,2026-07-09T14:59:44Z,3,Weird and lovely,3fec0009afa94954ab78a1c77e1e68ef
spotify:track:7b9oYQCf6g02miFtSCfubB,96d515a50352471caca66cdd7e710407,2026-07-09T14:59:44Z,2,,3fec0009afa94954ab78a1c77e1e68ef
spotify:track:1EuFHPoVGfyfEZBaYExK7v,dfd346d38f17465b9e121991477a6c8b,2026-07-09T15:19:00Z,5,Lovely,3fec0009afa94954ab78a1c77e1e68ef
spotify:track:2ov40EF0gnt0t72ilfoXqV,dfd346d38f17465b9e121991477a6c8b,2026-07-09T15:19:00Z,5,Very groovy,3fec0009afa94954ab78a1c77e1e68ef
spotify:track:2tZIVD0ZPxpsoFx7hvAjWh,dfd346d38f17465b9e121991477a6c8b,2026-07-09T15:19:00Z,1,"Pretty standard pop, not super out there for me",3fec0009afa94954ab78a1c77e1e68ef
spotify:track:3UPBOL5UtCZmJRwioMkfLD,dfd346d38f17465b9e121991477a6c8b,2026-07-09T15:19:00Z,1,Pretty conventional dance music,3fec0009afa94954ab78a1c77e1e68ef
spotify:track:3W88n6kLHdhFIG9LrIiBqA,dfd346d38f17465b9e121991477a6c8b,2026-07-09T15:19:00Z,3,Crazy shit,3fec0009afa94954ab78a1c77e1e68ef
spotify:track:4m0gpCh0BD2ZmXgWSoGidu,dfd346d38f17465b9e121991477a6c8b,2026-07-09T15:19:00Z,3,"wtf, sounds like a crash bandicoot level in a circus",3fec0009afa94954ab78a1c77e1e68ef
spotify:track:4rK8pOI7L8VxmrftUFXg6m,dfd346d38f17465b9e121991477a6c8b,2026-07-09T15:19:00Z,6,,3fec0009afa94954ab78a1c77e1e68ef
spotify:track:4trB3Y8zbSetvd1erUlsbh,dfd346d38f17465b9e121991477a6c8b,2026-07-09T15:19:00Z,6,Imagine 🥹,3fec0009afa94954ab78a1c77e1e68ef
spotify:track:5O7ul5wIFeJfPLJCgNpBwm,dfd346d38f17465b9e121991477a6c8b,2026-07-09T15:19:00Z,2,,3fec0009afa94954ab78a1c77e1e68ef
spotify:track:5rhLAQjsgVdHlFsqAoqnQZ,dfd346d38f17465b9e121991477a6c8b,2026-07-09T15:19:00Z,2,,3fec0009afa94954ab78a1c77e1e68ef
spotify:track:7b9oYQCf6g02miFtSCfubB,dfd346d38f17465b9e121991477a6c8b,2026-07-09T15:19:00Z,2,,3fec0009afa94954ab78a1c77e1e68ef
spotify:track:1EuFHPoVGfyfEZBaYExK7v,78d12b4b50924b6e83f2a060a150a8e8,2026-07-09T16:35:15Z,2,,3fec0009afa94954ab78a1c77e1e68ef
spotify:track:2KGJFFbKiR4S6yvYHsG17V,78d12b4b50924b6e83f2a060a150a8e8,2026-07-09T16:35:15Z,4,,3fec0009afa94954ab78a1c77e1e68ef
spotify:track:2ov40EF0gnt0t72ilfoXqV,78d12b4b50924b6e83f2a060a150a8e8,2026-07-09T16:35:15Z,5,This is a jam,3fec0009afa94954ab78a1c77e1e68ef
spotify:track:3W88n6kLHdhFIG9LrIiBqA,78d12b4b50924b6e83f2a060a150a8e8,2026-07-09T16:35:15Z,3,,3fec0009afa94954ab78a1c77e1e68ef
spotify:track:4Ee6ZsyVepVsvObgYwzgH1,78d12b4b50924b6e83f2a060a150a8e8,2026-07-09T16:35:15Z,3,Love this album but not unconventional enough for me,3fec0009afa94954ab78a1c77e1e68ef
spotify:track:4m0gpCh0BD2ZmXgWSoGidu,78d12b4b50924b6e83f2a060a150a8e8,2026-07-09T16:35:15Z,6,Loved this so silly,3fec0009afa94954ab78a1c77e1e68ef
spotify:track:4rK8pOI7L8VxmrftUFXg6m,78d12b4b50924b6e83f2a060a150a8e8,2026-07-09T16:35:15Z,5,So good,3fec0009afa94954ab78a1c77e1e68ef
spotify:track:4trB3Y8zbSetvd1erUlsbh,78d12b4b50924b6e83f2a060a150a8e8,2026-07-09T16:35:15Z,4,,3fec0009afa94954ab78a1c77e1e68ef
spotify:track:5O7ul5wIFeJfPLJCgNpBwm,78d12b4b50924b6e83f2a060a150a8e8,2026-07-09T16:35:15Z,2,,3fec0009afa94954ab78a1c77e1e68ef
spotify:track:5rhLAQjsgVdHlFsqAoqnQZ,78d12b4b50924b6e83f2a060a150a8e8,2026-07-09T16:35:15Z,2,,3fec0009afa94954ab78a1c77e1e68ef
spotify:track:1EuFHPoVGfyfEZBaYExK7v,1d843b6c8a8946b9bda7ad95b6ccc195,2026-07-09T18:03:56Z,4,That's gorgeous,3fec0009afa94954ab78a1c77e1e68ef
spotify:track:2KGJFFbKiR4S6yvYHsG17V,1d843b6c8a8946b9bda7ad95b6ccc195,2026-07-09T18:03:56Z,4,Slaaaaps great shout,3fec0009afa94954ab78a1c77e1e68ef
spotify:track:2ov40EF0gnt0t72ilfoXqV,1d843b6c8a8946b9bda7ad95b6ccc195,2026-07-09T18:03:56Z,4,Groovy as hell,3fec0009afa94954ab78a1c77e1e68ef
spotify:track:2tZIVD0ZPxpsoFx7hvAjWh,1d843b6c8a8946b9bda7ad95b6ccc195,2026-07-09T18:03:56Z,1,"I'm also a sleeper owl city stan, this is so sweet but not super unconventional imo",3fec0009afa94954ab78a1c77e1e68ef
spotify:track:3W88n6kLHdhFIG9LrIiBqA,1d843b6c8a8946b9bda7ad95b6ccc195,2026-07-09T18:03:56Z,5,Perfect entry for this round - super unusual and super enjoyable!,3fec0009afa94954ab78a1c77e1e68ef
spotify:track:4Ee6ZsyVepVsvObgYwzgH1,1d843b6c8a8946b9bda7ad95b6ccc195,2026-07-09T18:03:56Z,2,A cool song,3fec0009afa94954ab78a1c77e1e68ef
spotify:track:4m0gpCh0BD2ZmXgWSoGidu,1d843b6c8a8946b9bda7ad95b6ccc195,2026-07-09T18:03:56Z,3,Points for max weirdness,3fec0009afa94954ab78a1c77e1e68ef
spotify:track:4rK8pOI7L8VxmrftUFXg6m,1d843b6c8a8946b9bda7ad95b6ccc195,2026-07-09T18:03:56Z,4,"Sick, esp the guitar solo",3fec0009afa94954ab78a1c77e1e68ef
spotify:track:4trB3Y8zbSetvd1erUlsbh,1d843b6c8a8946b9bda7ad95b6ccc195,2026-07-09T18:03:56Z,2,Cute would love to be a bug cuttin a rug,3fec0009afa94954ab78a1c77e1e68ef
spotify:track:5O7ul5wIFeJfPLJCgNpBwm,1d843b6c8a8946b9bda7ad95b6ccc195,2026-07-09T18:03:56Z,3,This pretty cool,3fec0009afa94954ab78a1c77e1e68ef
spotify:track:7b9oYQCf6g02miFtSCfubB,1d843b6c8a8946b9bda7ad95b6ccc195,2026-07-09T18:03:56Z,4,Love it!!!,3fec0009afa94954ab78a1c77e1e68ef
spotify:track:1EuFHPoVGfyfEZBaYExK7v,acce4ec537804cfc8a1c34efb041aa52,2026-07-09T21:27:24Z,2,,3fec0009afa94954ab78a1c77e1e68ef
spotify:track:2KGJFFbKiR4S6yvYHsG17V,acce4ec537804cfc8a1c34efb041aa52,2026-07-09T21:27:24Z,4,,3fec0009afa94954ab78a1c77e1e68ef
spotify:track:3W88n6kLHdhFIG9LrIiBqA,acce4ec537804cfc8a1c34efb041aa52,2026-07-09T21:27:24Z,7,,3fec0009afa94954ab78a1c77e1e68ef
spotify:track:4Ee6ZsyVepVsvObgYwzgH1,acce4ec537804cfc8a1c34efb041aa52,2026-07-09T21:27:24Z,4,,3fec0009afa94954ab78a1c77e1e68ef
spotify:track:4m0gpCh0BD2ZmXgWSoGidu,acce4ec537804cfc8a1c34efb041aa52,2026-07-09T21:27:24Z,8,,3fec0009afa94954ab78a1c77e1e68ef
spotify:track:4rK8pOI7L8VxmrftUFXg6m,acce4ec537804cfc8a1c34efb041aa52,2026-07-09T21:27:24Z,3,,3fec0009afa94954ab78a1c77e1e68ef
spotify:track:5O7ul5wIFeJfPLJCgNpBwm,acce4ec537804cfc8a1c34efb041aa52,2026-07-09T21:27:24Z,8,Why i play this game,3fec0009afa94954ab78a1c77e1e68ef
spotify:track:1EuFHPoVGfyfEZBaYExK7v,3828fb97e38e4bfdac4343c43216a492,2026-07-10T19:21:31Z,5,,3fec0009afa94954ab78a1c77e1e68ef
spotify:track:2KGJFFbKiR4S6yvYHsG17V,3828fb97e38e4bfdac4343c43216a492,2026-07-10T19:21:31Z,1,,3fec0009afa94954ab78a1c77e1e68ef
spotify:track:2ov40EF0gnt0t72ilfoXqV,3828fb97e38e4bfdac4343c43216a492,2026-07-10T19:21:31Z,2,,3fec0009afa94954ab78a1c77e1e68ef
spotify:track:2tZIVD0ZPxpsoFx7hvAjWh,3828fb97e38e4bfdac4343c43216a492,2026-07-10T19:21:31Z,1,,3fec0009afa94954ab78a1c77e1e68ef
spotify:track:3UPBOL5UtCZmJRwioMkfLD,3828fb97e38e4bfdac4343c43216a492,2026-07-10T19:21:31Z,3,,3fec0009afa94954ab78a1c77e1e68ef
spotify:track:3W88n6kLHdhFIG9LrIiBqA,3828fb97e38e4bfdac4343c43216a492,2026-07-10T19:21:31Z,5,This grew on me as it went on ,3fec0009afa94954ab78a1c77e1e68ef
spotify:track:4Ee6ZsyVepVsvObgYwzgH1,3828fb97e38e4bfdac4343c43216a492,2026-07-10T19:21:31Z,4,,3fec0009afa94954ab78a1c77e1e68ef
spotify:track:4m0gpCh0BD2ZmXgWSoGidu,3828fb97e38e4bfdac4343c43216a492,2026-07-10T19:21:31Z,0,"Not for me, feels like a clown is chasing me and it planning to eat me if I'm caught",3fec0009afa94954ab78a1c77e1e68ef
spotify:track:4rK8pOI7L8VxmrftUFXg6m,3828fb97e38e4bfdac4343c43216a492,2026-07-10T19:21:31Z,5,,3fec0009afa94954ab78a1c77e1e68ef
spotify:track:4trB3Y8zbSetvd1erUlsbh,3828fb97e38e4bfdac4343c43216a492,2026-07-10T19:21:31Z,2,,3fec0009afa94954ab78a1c77e1e68ef
spotify:track:5O7ul5wIFeJfPLJCgNpBwm,3828fb97e38e4bfdac4343c43216a492,2026-07-10T19:21:31Z,6,,3fec0009afa94954ab78a1c77e1e68ef
spotify:track:7b9oYQCf6g02miFtSCfubB,3828fb97e38e4bfdac4343c43216a492,2026-07-10T19:21:31Z,2,,3fec0009afa94954ab78a1c77e1e68ef
spotify:track:00qOE7OjRl0BpYiCiweZB2,a3ae0c49642a47d48c37d7c01c632225,2026-07-20T12:46:58Z,5,,52192fc317eb4cabb1c56403c8f619a3
spotify:track:78tgXRq9Q6tPNP9hKCpgwB,a3ae0c49642a47d48c37d7c01c632225,2026-07-20T12:46:58Z,1,,52192fc317eb4cabb1c56403c8f619a3
spotify:track:5YJtMNWKe55yr49cyJgxva,a3ae0c49642a47d48c37d7c01c632225,2026-07-20T12:46:58Z,1,,52192fc317eb4cabb1c56403c8f619a3
spotify:track:5vM8xMswH4MzinpWjQ3snK,a3ae0c49642a47d48c37d7c01c632225,2026-07-20T12:46:58Z,1,,52192fc317eb4cabb1c56403c8f619a3
spotify:track:4yhGkvdYU5bi4950r80FRo,a3ae0c49642a47d48c37d7c01c632225,2026-07-20T12:46:58Z,1,,52192fc317eb4cabb1c56403c8f619a3
spotify:track:47daaR9V5NnoSo68Geb8wm,a3ae0c49642a47d48c37d7c01c632225,2026-07-20T12:46:58Z,3,,52192fc317eb4cabb1c56403c8f619a3
spotify:track:43poRcd7S470UHQhgeogak,a3ae0c49642a47d48c37d7c01c632225,2026-07-20T12:46:58Z,4,,52192fc317eb4cabb1c56403c8f619a3
spotify:track:3VwCHFahYwyUSR0Rse4Boo,a3ae0c49642a47d48c37d7c01c632225,2026-07-20T12:46:58Z,1,,52192fc317eb4cabb1c56403c8f619a3
spotify:track:2z71jdeVcC782NgsYZ6N8q,a3ae0c49642a47d48c37d7c01c632225,2026-07-20T12:46:58Z,6,,52192fc317eb4cabb1c56403c8f619a3
spotify:track:2OoKzfr7RB5o9cxHArUoIS,a3ae0c49642a47d48c37d7c01c632225,2026-07-20T12:46:58Z,6,,52192fc317eb4cabb1c56403c8f619a3
spotify:track:287pDdRjRYf7sd84fzupQo,a3ae0c49642a47d48c37d7c01c632225,2026-07-20T12:46:58Z,5,,52192fc317eb4cabb1c56403c8f619a3
spotify:track:1ZozJfi8u9cO2Ob8KwiwNT,a3ae0c49642a47d48c37d7c01c632225,2026-07-20T12:46:58Z,2,,52192fc317eb4cabb1c56403c8f619a3
spotify:track:5YJtMNWKe55yr49cyJgxva,96d515a50352471caca66cdd7e710407,2026-07-20T13:24:42Z,2,Not in love with this song but good pick,52192fc317eb4cabb1c56403c8f619a3
spotify:track:4yhGkvdYU5bi4950r80FRo,96d515a50352471caca66cdd7e710407,2026-07-20T13:24:42Z,3,Yes great pick,52192fc317eb4cabb1c56403c8f619a3
spotify:track:4KLzHwOCBaTrZTR9O5AiIU,96d515a50352471caca66cdd7e710407,2026-07-20T13:24:42Z,2,Cool,52192fc317eb4cabb1c56403c8f619a3
spotify:track:47daaR9V5NnoSo68Geb8wm,96d515a50352471caca66cdd7e710407,2026-07-20T13:24:42Z,3,Fun,52192fc317eb4cabb1c56403c8f619a3
spotify:track:43poRcd7S470UHQhgeogak,96d515a50352471caca66cdd7e710407,2026-07-20T13:24:42Z,4,Loved what you did here,52192fc317eb4cabb1c56403c8f619a3
spotify:track:3VwCHFahYwyUSR0Rse4Boo,96d515a50352471caca66cdd7e710407,2026-07-20T13:24:42Z,5,"Class. In a similar vein, as soon as this came on I kicked myself for not thinking of Blitzkrieg Bop",52192fc317eb4cabb1c56403c8f619a3
spotify:track:2z71jdeVcC782NgsYZ6N8q,96d515a50352471caca66cdd7e710407,2026-07-20T13:24:42Z,4,+1 for the fun fact,52192fc317eb4cabb1c56403c8f619a3
spotify:track:2OoKzfr7RB5o9cxHArUoIS,96d515a50352471caca66cdd7e710407,2026-07-20T13:24:42Z,3,This was interesting,52192fc317eb4cabb1c56403c8f619a3
spotify:track:1ZozJfi8u9cO2Ob8KwiwNT,96d515a50352471caca66cdd7e710407,2026-07-20T13:24:42Z,0,This had its moment for me too long back soz,52192fc317eb4cabb1c56403c8f619a3
spotify:track:0ptjIq1XKNYBtfjzXQ3dXE,96d515a50352471caca66cdd7e710407,2026-07-20T13:24:42Z,5,Would go feral at a Chvrches gig honestly,52192fc317eb4cabb1c56403c8f619a3
spotify:track:00qOE7OjRl0BpYiCiweZB2,96d515a50352471caca66cdd7e710407,2026-07-20T13:24:42Z,2,Love a bit of Foreigner,52192fc317eb4cabb1c56403c8f619a3
spotify:track:78tgXRq9Q6tPNP9hKCpgwB,96d515a50352471caca66cdd7e710407,2026-07-20T13:24:42Z,3,One of my all time faves from the gym playlist,52192fc317eb4cabb1c56403c8f619a3
spotify:track:287pDdRjRYf7sd84fzupQo,e4fc2f3089594796b99dca4ab07f7d41,2026-07-20T14:17:16Z,3,This brings me back 🙂‍↕️🙂‍↕️🙂‍↕️,52192fc317eb4cabb1c56403c8f619a3
spotify:track:0ptjIq1XKNYBtfjzXQ3dXE,e4fc2f3089594796b99dca4ab07f7d41,2026-07-20T14:17:16Z,2,This would have killed during the 2am main character moment round ,52192fc317eb4cabb1c56403c8f619a3
spotify:track:00qOE7OjRl0BpYiCiweZB2,e4fc2f3089594796b99dca4ab07f7d41,2026-07-20T14:17:16Z,6,Excellent I can’t believe I didn’t know this song until now 🤘,52192fc317eb4cabb1c56403c8f619a3
spotify:track:78tgXRq9Q6tPNP9hKCpgwB,e4fc2f3089594796b99dca4ab07f7d41,2026-07-20T14:17:16Z,4,The last part is so intense you HAVE to listen to it loud,52192fc317eb4cabb1c56403c8f619a3
spotify:track:5vM8xMswH4MzinpWjQ3snK,e4fc2f3089594796b99dca4ab07f7d41,2026-07-20T14:17:16Z,6,Woahhhhh,52192fc317eb4cabb1c56403c8f619a3
spotify:track:4KLzHwOCBaTrZTR9O5AiIU,e4fc2f3089594796b99dca4ab07f7d41,2026-07-20T14:17:16Z,3,"The kind of song you need to be SWEATY dancing to, very fun",52192fc317eb4cabb1c56403c8f619a3
spotify:track:43poRcd7S470UHQhgeogak,e4fc2f3089594796b99dca4ab07f7d41,2026-07-20T14:17:16Z,4,,52192fc317eb4cabb1c56403c8f619a3
spotify:track:3VwCHFahYwyUSR0Rse4Boo,e4fc2f3089594796b99dca4ab07f7d41,2026-07-20T14:17:16Z,8,A natural choice so so good,52192fc317eb4cabb1c56403c8f619a3
spotify:track:2OoKzfr7RB5o9cxHArUoIS,e4fc2f3089594796b99dca4ab07f7d41,2026-07-20T14:17:16Z,0,Not my fav for this ,52192fc317eb4cabb1c56403c8f619a3
spotify:track:2OoKzfr7RB5o9cxHArUoIS,e43c6e753dbf4f999a68467b26ac1663,2026-07-20T21:25:51Z,0,I liked this but just doesn’t fit this round for me :/,52192fc317eb4cabb1c56403c8f619a3
spotify:track:1ZozJfi8u9cO2Ob8KwiwNT,e43c6e753dbf4f999a68467b26ac1663,2026-07-20T21:25:51Z,4,Truly does need to be cranked even Higher,52192fc317eb4cabb1c56403c8f619a3
spotify:track:0ptjIq1XKNYBtfjzXQ3dXE,e43c6e753dbf4f999a68467b26ac1663,2026-07-20T21:25:51Z,3,I do bloody love Chvrches,52192fc317eb4cabb1c56403c8f619a3
spotify:track:00qOE7OjRl0BpYiCiweZB2,e43c6e753dbf4f999a68467b26ac1663,2026-07-20T21:25:51Z,2,,52192fc317eb4cabb1c56403c8f619a3
spotify:track:78tgXRq9Q6tPNP9hKCpgwB,e43c6e753dbf4f999a68467b26ac1663,2026-07-20T21:25:51Z,3,Great shout ,52192fc317eb4cabb1c56403c8f619a3
spotify:track:5YJtMNWKe55yr49cyJgxva,e43c6e753dbf4f999a68467b26ac1663,2026-07-20T21:25:51Z,4,Ah yeah,52192fc317eb4cabb1c56403c8f619a3
spotify:track:5vM8xMswH4MzinpWjQ3snK,e43c6e753dbf4f999a68467b26ac1663,2026-07-20T21:25:51Z,1,,52192fc317eb4cabb1c56403c8f619a3
spotify:track:4yhGkvdYU5bi4950r80FRo,e43c6e753dbf4f999a68467b26ac1663,2026-07-20T21:25:51Z,2,,52192fc317eb4cabb1c56403c8f619a3
spotify:track:4KLzHwOCBaTrZTR9O5AiIU,e43c6e753dbf4f999a68467b26ac1663,2026-07-20T21:25:51Z,5,Love how wobbly this is. I did crank it to 11 while listening ,52192fc317eb4cabb1c56403c8f619a3
spotify:track:47daaR9V5NnoSo68Geb8wm,e43c6e753dbf4f999a68467b26ac1663,2026-07-20T21:25:51Z,4,,52192fc317eb4cabb1c56403c8f619a3
spotify:track:43poRcd7S470UHQhgeogak,e43c6e753dbf4f999a68467b26ac1663,2026-07-20T21:25:51Z,0,Just didn’t do it for me unfortunately ,52192fc317eb4cabb1c56403c8f619a3
spotify:track:3VwCHFahYwyUSR0Rse4Boo,e43c6e753dbf4f999a68467b26ac1663,2026-07-20T21:25:51Z,3,Freaks & Geeks heads rise up ,52192fc317eb4cabb1c56403c8f619a3
spotify:track:2z71jdeVcC782NgsYZ6N8q,e43c6e753dbf4f999a68467b26ac1663,2026-07-20T21:25:51Z,5,Hell yeah,52192fc317eb4cabb1c56403c8f619a3
spotify:track:3VwCHFahYwyUSR0Rse4Boo,d007026516024c34981c654238511be8,2026-07-21T12:43:59Z,2,,52192fc317eb4cabb1c56403c8f619a3
spotify:track:43poRcd7S470UHQhgeogak,d007026516024c34981c654238511be8,2026-07-21T12:43:59Z,4,,52192fc317eb4cabb1c56403c8f619a3
spotify:track:47daaR9V5NnoSo68Geb8wm,d007026516024c34981c654238511be8,2026-07-21T12:43:59Z,2,,52192fc317eb4cabb1c56403c8f619a3
spotify:track:4KLzHwOCBaTrZTR9O5AiIU,d007026516024c34981c654238511be8,2026-07-21T12:43:59Z,3,,52192fc317eb4cabb1c56403c8f619a3
spotify:track:4yhGkvdYU5bi4950r80FRo,d007026516024c34981c654238511be8,2026-07-21T12:43:59Z,5,Tell me whyyyyyyyy,52192fc317eb4cabb1c56403c8f619a3
spotify:track:5vM8xMswH4MzinpWjQ3snK,d007026516024c34981c654238511be8,2026-07-21T12:43:59Z,2,,52192fc317eb4cabb1c56403c8f619a3
spotify:track:5YJtMNWKe55yr49cyJgxva,d007026516024c34981c654238511be8,2026-07-21T12:43:59Z,2,,52192fc317eb4cabb1c56403c8f619a3
spotify:track:0ptjIq1XKNYBtfjzXQ3dXE,d007026516024c34981c654238511be8,2026-07-21T12:43:59Z,6,,52192fc317eb4cabb1c56403c8f619a3
spotify:track:78tgXRq9Q6tPNP9hKCpgwB,d007026516024c34981c654238511be8,2026-07-21T12:43:59Z,7,The two Foals concerts I’ve been to remain unmatched for the mad energy,52192fc317eb4cabb1c56403c8f619a3
spotify:track:1ZozJfi8u9cO2Ob8KwiwNT,d007026516024c34981c654238511be8,2026-07-21T12:43:59Z,2,,52192fc317eb4cabb1c56403c8f619a3
spotify:track:2z71jdeVcC782NgsYZ6N8q,d007026516024c34981c654238511be8,2026-07-21T12:43:59Z,1,,52192fc317eb4cabb1c56403c8f619a3
spotify:track:4yhGkvdYU5bi4950r80FRo,0034474c5f804b6e99a366f09da69b35,2026-07-21T15:18:09Z,2,,52192fc317eb4cabb1c56403c8f619a3
spotify:track:00qOE7OjRl0BpYiCiweZB2,0034474c5f804b6e99a366f09da69b35,2026-07-21T15:18:09Z,3,,52192fc317eb4cabb1c56403c8f619a3
spotify:track:0ptjIq1XKNYBtfjzXQ3dXE,0034474c5f804b6e99a366f09da69b35,2026-07-21T15:18:09Z,2,,52192fc317eb4cabb1c56403c8f619a3
spotify:track:1ZozJfi8u9cO2Ob8KwiwNT,0034474c5f804b6e99a366f09da69b35,2026-07-21T15:18:09Z,1,,52192fc317eb4cabb1c56403c8f619a3
spotify:track:287pDdRjRYf7sd84fzupQo,0034474c5f804b6e99a366f09da69b35,2026-07-21T15:18:09Z,1,Not really a fan of the vox,52192fc317eb4cabb1c56403c8f619a3
spotify:track:2OoKzfr7RB5o9cxHArUoIS,0034474c5f804b6e99a366f09da69b35,2026-07-21T15:18:09Z,3,,52192fc317eb4cabb1c56403c8f619a3
spotify:track:3VwCHFahYwyUSR0Rse4Boo,0034474c5f804b6e99a366f09da69b35,2026-07-21T15:18:09Z,6,,52192fc317eb4cabb1c56403c8f619a3
spotify:track:43poRcd7S470UHQhgeogak,0034474c5f804b6e99a366f09da69b35,2026-07-21T15:18:09Z,2,,52192fc317eb4cabb1c56403c8f619a3
spotify:track:47daaR9V5NnoSo68Geb8wm,0034474c5f804b6e99a366f09da69b35,2026-07-21T15:18:09Z,3,,52192fc317eb4cabb1c56403c8f619a3
spotify:track:4KLzHwOCBaTrZTR9O5AiIU,0034474c5f804b6e99a366f09da69b35,2026-07-21T15:18:09Z,1,,52192fc317eb4cabb1c56403c8f619a3
spotify:track:5vM8xMswH4MzinpWjQ3snK,0034474c5f804b6e99a366f09da69b35,2026-07-21T15:18:09Z,3,,52192fc317eb4cabb1c56403c8f619a3
spotify:track:5YJtMNWKe55yr49cyJgxva,0034474c5f804b6e99a366f09da69b35,2026-07-21T15:18:09Z,3,,52192fc317eb4cabb1c56403c8f619a3
spotify:track:78tgXRq9Q6tPNP9hKCpgwB,0034474c5f804b6e99a366f09da69b35,2026-07-21T15:18:09Z,6,,52192fc317eb4cabb1c56403c8f619a3
spotify:track:5vM8xMswH4MzinpWjQ3snK,71c8417802d241c6b2c478d5a45128b3,2026-07-21T15:21:56Z,2,"Saucy indeed, turning this up to like a 9 ",52192fc317eb4cabb1c56403c8f619a3
spotify:track:5YJtMNWKe55yr49cyJgxva,71c8417802d241c6b2c478d5a45128b3,2026-07-21T15:21:56Z,2,"Iconic pick, also not a rock song which is fun",52192fc317eb4cabb1c56403c8f619a3
spotify:track:78tgXRq9Q6tPNP9hKCpgwB,71c8417802d241c6b2c478d5a45128b3,2026-07-21T15:21:56Z,2,"Great stuff but not quite as 11 for me as some of the more iconic picks, tough round",52192fc317eb4cabb1c56403c8f619a3
spotify:track:00qOE7OjRl0BpYiCiweZB2,71c8417802d241c6b2c478d5a45128b3,2026-07-21T15:21:56Z,1,"Solid but lacking compared to some other picks, a tad repetitive for me",52192fc317eb4cabb1c56403c8f619a3
spotify:track:0ptjIq1XKNYBtfjzXQ3dXE,71c8417802d241c6b2c478d5a45128b3,2026-07-21T15:21:56Z,1,I'd turn this up to like a 6 idk,52192fc317eb4cabb1c56403c8f619a3
spotify:track:287pDdRjRYf7sd84fzupQo,71c8417802d241c6b2c478d5a45128b3,2026-07-21T15:21:56Z,7,"An instant win for pure nostalgia reasons, when I die I want to go to the bubble bowl",52192fc317eb4cabb1c56403c8f619a3
spotify:track:2OoKzfr7RB5o9cxHArUoIS,71c8417802d241c6b2c478d5a45128b3,2026-07-21T15:21:56Z,1,Bit too chill overall to qualify as an 11 for me,52192fc317eb4cabb1c56403c8f619a3
spotify:track:2z71jdeVcC782NgsYZ6N8q,71c8417802d241c6b2c478d5a45128b3,2026-07-21T15:21:56Z,6,"RIP king, so iconic ",52192fc317eb4cabb1c56403c8f619a3
spotify:track:3VwCHFahYwyUSR0Rse4Boo,71c8417802d241c6b2c478d5a45128b3,2026-07-21T15:21:56Z,6,Iconic and a great definition of up to 11,52192fc317eb4cabb1c56403c8f619a3
spotify:track:43poRcd7S470UHQhgeogak,71c8417802d241c6b2c478d5a45128b3,2026-07-21T15:21:56Z,2,I thought this song was a bit toothless at first but it really picked up at the end there ,52192fc317eb4cabb1c56403c8f619a3
spotify:track:47daaR9V5NnoSo68Geb8wm,71c8417802d241c6b2c478d5a45128b3,2026-07-21T15:21:56Z,2,Starts strong and keeps the tempo up love it ,52192fc317eb4cabb1c56403c8f619a3
spotify:track:4KLzHwOCBaTrZTR9O5AiIU,71c8417802d241c6b2c478d5a45128b3,2026-07-21T15:21:56Z,1,Bass is solid but I'm turning this up to like an 8,52192fc317eb4cabb1c56403c8f619a3
spotify:track:4yhGkvdYU5bi4950r80FRo,71c8417802d241c6b2c478d5a45128b3,2026-07-21T15:21:56Z,3,"Ooh forgot about this, solid pick",52192fc317eb4cabb1c56403c8f619a3
spotify:track:5vM8xMswH4MzinpWjQ3snK,78d12b4b50924b6e83f2a060a150a8e8,2026-07-21T15:23:31Z,3,,52192fc317eb4cabb1c56403c8f619a3
spotify:track:5YJtMNWKe55yr49cyJgxva,78d12b4b50924b6e83f2a060a150a8e8,2026-07-21T15:23:31Z,1,,52192fc317eb4cabb1c56403c8f619a3
spotify:track:78tgXRq9Q6tPNP9hKCpgwB,78d12b4b50924b6e83f2a060a150a8e8,2026-07-21T15:23:31Z,1,,52192fc317eb4cabb1c56403c8f619a3
spotify:track:00qOE7OjRl0BpYiCiweZB2,78d12b4b50924b6e83f2a060a150a8e8,2026-07-21T15:23:31Z,3,,52192fc317eb4cabb1c56403c8f619a3
spotify:track:0ptjIq1XKNYBtfjzXQ3dXE,78d12b4b50924b6e83f2a060a150a8e8,2026-07-21T15:23:31Z,3,,52192fc317eb4cabb1c56403c8f619a3
spotify:track:1ZozJfi8u9cO2Ob8KwiwNT,78d12b4b50924b6e83f2a060a150a8e8,2026-07-21T15:23:31Z,3,,52192fc317eb4cabb1c56403c8f619a3
spotify:track:287pDdRjRYf7sd84fzupQo,78d12b4b50924b6e83f2a060a150a8e8,2026-07-21T15:23:31Z,4,,52192fc317eb4cabb1c56403c8f619a3
spotify:track:2OoKzfr7RB5o9cxHArUoIS,78d12b4b50924b6e83f2a060a150a8e8,2026-07-21T15:23:31Z,3,,52192fc317eb4cabb1c56403c8f619a3
spotify:track:2z71jdeVcC782NgsYZ6N8q,78d12b4b50924b6e83f2a060a150a8e8,2026-07-21T15:23:31Z,5,,52192fc317eb4cabb1c56403c8f619a3
spotify:track:3VwCHFahYwyUSR0Rse4Boo,78d12b4b50924b6e83f2a060a150a8e8,2026-07-21T15:23:31Z,3,,52192fc317eb4cabb1c56403c8f619a3
spotify:track:43poRcd7S470UHQhgeogak,78d12b4b50924b6e83f2a060a150a8e8,2026-07-21T15:23:31Z,3,,52192fc317eb4cabb1c56403c8f619a3
spotify:track:4KLzHwOCBaTrZTR9O5AiIU,78d12b4b50924b6e83f2a060a150a8e8,2026-07-21T15:23:31Z,2,,52192fc317eb4cabb1c56403c8f619a3
spotify:track:4yhGkvdYU5bi4950r80FRo,78d12b4b50924b6e83f2a060a150a8e8,2026-07-21T15:23:31Z,2,,52192fc317eb4cabb1c56403c8f619a3
spotify:track:4KLzHwOCBaTrZTR9O5AiIU,dfd346d38f17465b9e121991477a6c8b,2026-07-21T15:36:06Z,1,,52192fc317eb4cabb1c56403c8f619a3
spotify:track:5vM8xMswH4MzinpWjQ3snK,dfd346d38f17465b9e121991477a6c8b,2026-07-21T15:36:06Z,1,,52192fc317eb4cabb1c56403c8f619a3
spotify:track:78tgXRq9Q6tPNP9hKCpgwB,dfd346d38f17465b9e121991477a6c8b,2026-07-21T15:36:06Z,3,I’m right there with you,52192fc317eb4cabb1c56403c8f619a3
spotify:track:00qOE7OjRl0BpYiCiweZB2,dfd346d38f17465b9e121991477a6c8b,2026-07-21T15:36:06Z,3,,52192fc317eb4cabb1c56403c8f619a3
spotify:track:0ptjIq1XKNYBtfjzXQ3dXE,dfd346d38f17465b9e121991477a6c8b,2026-07-21T15:36:06Z,6,Sounds like Dance Urself Clean in the best way ,52192fc317eb4cabb1c56403c8f619a3
spotify:track:1ZozJfi8u9cO2Ob8KwiwNT,dfd346d38f17465b9e121991477a6c8b,2026-07-21T15:36:06Z,5,The kings of butt rock,52192fc317eb4cabb1c56403c8f619a3
spotify:track:287pDdRjRYf7sd84fzupQo,dfd346d38f17465b9e121991477a6c8b,2026-07-21T15:36:06Z,4,Honestly didn’t expect this song to shred like this,52192fc317eb4cabb1c56403c8f619a3
spotify:track:2OoKzfr7RB5o9cxHArUoIS,dfd346d38f17465b9e121991477a6c8b,2026-07-21T15:36:06Z,6,This sounds very bisexual 🤝,52192fc317eb4cabb1c56403c8f619a3
spotify:track:2z71jdeVcC782NgsYZ6N8q,dfd346d38f17465b9e121991477a6c8b,2026-07-21T15:36:06Z,3,,52192fc317eb4cabb1c56403c8f619a3
spotify:track:3VwCHFahYwyUSR0Rse4Boo,dfd346d38f17465b9e121991477a6c8b,2026-07-21T15:36:06Z,3,,52192fc317eb4cabb1c56403c8f619a3
spotify:track:4yhGkvdYU5bi4950r80FRo,dfd346d38f17465b9e121991477a6c8b,2026-07-21T15:36:06Z,1,,52192fc317eb4cabb1c56403c8f619a3
spotify:track:47daaR9V5NnoSo68Geb8wm,a8e4878c0eef4cf2b98d20b54391601d,2026-07-21T17:19:55Z,2,,52192fc317eb4cabb1c56403c8f619a3
spotify:track:5YJtMNWKe55yr49cyJgxva,a8e4878c0eef4cf2b98d20b54391601d,2026-07-21T17:19:55Z,3,,52192fc317eb4cabb1c56403c8f619a3
spotify:track:78tgXRq9Q6tPNP9hKCpgwB,a8e4878c0eef4cf2b98d20b54391601d,2026-07-21T17:19:55Z,3,,52192fc317eb4cabb1c56403c8f619a3
spotify:track:4KLzHwOCBaTrZTR9O5AiIU,a8e4878c0eef4cf2b98d20b54391601d,2026-07-21T17:19:55Z,3,,52192fc317eb4cabb1c56403c8f619a3
spotify:track:5vM8xMswH4MzinpWjQ3snK,a8e4878c0eef4cf2b98d20b54391601d,2026-07-21T17:19:55Z,2,,52192fc317eb4cabb1c56403c8f619a3
spotify:track:43poRcd7S470UHQhgeogak,a8e4878c0eef4cf2b98d20b54391601d,2026-07-21T17:19:55Z,3,,52192fc317eb4cabb1c56403c8f619a3
spotify:track:3VwCHFahYwyUSR0Rse4Boo,a8e4878c0eef4cf2b98d20b54391601d,2026-07-21T17:19:55Z,4,,52192fc317eb4cabb1c56403c8f619a3
spotify:track:2z71jdeVcC782NgsYZ6N8q,a8e4878c0eef4cf2b98d20b54391601d,2026-07-21T17:19:55Z,3,,52192fc317eb4cabb1c56403c8f619a3
spotify:track:2OoKzfr7RB5o9cxHArUoIS,a8e4878c0eef4cf2b98d20b54391601d,2026-07-21T17:19:55Z,4,,52192fc317eb4cabb1c56403c8f619a3
spotify:track:1ZozJfi8u9cO2Ob8KwiwNT,a8e4878c0eef4cf2b98d20b54391601d,2026-07-21T17:19:55Z,0,I look physically in pain when I hear him sing ,52192fc317eb4cabb1c56403c8f619a3
spotify:track:0ptjIq1XKNYBtfjzXQ3dXE,a8e4878c0eef4cf2b98d20b54391601d,2026-07-21T17:19:55Z,8,FAVOURITE BAND OF ALL TIME!! ,52192fc317eb4cabb1c56403c8f619a3
spotify:track:00qOE7OjRl0BpYiCiweZB2,a8e4878c0eef4cf2b98d20b54391601d,2026-07-21T17:19:55Z,1,This song slowly grew on me after the 10th time listening to it ,52192fc317eb4cabb1c56403c8f619a3
spotify:track:5vM8xMswH4MzinpWjQ3snK,acce4ec537804cfc8a1c34efb041aa52,2026-07-21T22:49:19Z,1,,52192fc317eb4cabb1c56403c8f619a3
spotify:track:2z71jdeVcC782NgsYZ6N8q,acce4ec537804cfc8a1c34efb041aa52,2026-07-21T22:49:19Z,8,,52192fc317eb4cabb1c56403c8f619a3
spotify:track:287pDdRjRYf7sd84fzupQo,acce4ec537804cfc8a1c34efb041aa52,2026-07-21T22:49:19Z,3,,52192fc317eb4cabb1c56403c8f619a3
spotify:track:1ZozJfi8u9cO2Ob8KwiwNT,acce4ec537804cfc8a1c34efb041aa52,2026-07-21T22:49:19Z,1,,52192fc317eb4cabb1c56403c8f619a3
spotify:track:00qOE7OjRl0BpYiCiweZB2,acce4ec537804cfc8a1c34efb041aa52,2026-07-21T22:49:19Z,7,,52192fc317eb4cabb1c56403c8f619a3
spotify:track:3VwCHFahYwyUSR0Rse4Boo,acce4ec537804cfc8a1c34efb041aa52,2026-07-21T22:49:19Z,8,,52192fc317eb4cabb1c56403c8f619a3
spotify:track:47daaR9V5NnoSo68Geb8wm,acce4ec537804cfc8a1c34efb041aa52,2026-07-21T22:49:19Z,6,,52192fc317eb4cabb1c56403c8f619a3
spotify:track:4KLzHwOCBaTrZTR9O5AiIU,acce4ec537804cfc8a1c34efb041aa52,2026-07-21T22:49:19Z,2,,52192fc317eb4cabb1c56403c8f619a3
spotify:track:43poRcd7S470UHQhgeogak,3828fb97e38e4bfdac4343c43216a492,2026-07-22T08:47:16Z,3,,52192fc317eb4cabb1c56403c8f619a3
spotify:track:0ptjIq1XKNYBtfjzXQ3dXE,3828fb97e38e4bfdac4343c43216a492,2026-07-22T08:47:16Z,5,,52192fc317eb4cabb1c56403c8f619a3
spotify:track:1ZozJfi8u9cO2Ob8KwiwNT,3828fb97e38e4bfdac4343c43216a492,2026-07-22T08:47:16Z,3,,52192fc317eb4cabb1c56403c8f619a3
spotify:track:287pDdRjRYf7sd84fzupQo,3828fb97e38e4bfdac4343c43216a492,2026-07-22T08:47:16Z,1,,52192fc317eb4cabb1c56403c8f619a3
spotify:track:2z71jdeVcC782NgsYZ6N8q,3828fb97e38e4bfdac4343c43216a492,2026-07-22T08:47:16Z,3,,52192fc317eb4cabb1c56403c8f619a3
spotify:track:00qOE7OjRl0BpYiCiweZB2,3828fb97e38e4bfdac4343c43216a492,2026-07-22T08:47:16Z,2,,52192fc317eb4cabb1c56403c8f619a3
spotify:track:78tgXRq9Q6tPNP9hKCpgwB,3828fb97e38e4bfdac4343c43216a492,2026-07-22T08:47:16Z,4,,52192fc317eb4cabb1c56403c8f619a3
spotify:track:5YJtMNWKe55yr49cyJgxva,3828fb97e38e4bfdac4343c43216a492,2026-07-22T08:47:16Z,4,,52192fc317eb4cabb1c56403c8f619a3
spotify:track:5vM8xMswH4MzinpWjQ3snK,3828fb97e38e4bfdac4343c43216a492,2026-07-22T08:47:16Z,2,,52192fc317eb4cabb1c56403c8f619a3
spotify:track:4yhGkvdYU5bi4950r80FRo,3828fb97e38e4bfdac4343c43216a492,2026-07-22T08:47:16Z,5,,52192fc317eb4cabb1c56403c8f619a3
spotify:track:47daaR9V5NnoSo68Geb8wm,3828fb97e38e4bfdac4343c43216a492,2026-07-22T08:47:16Z,4,,52192fc317eb4cabb1c56403c8f619a3
spotify:track:0ptjIq1XKNYBtfjzXQ3dXE,2fc9c6b8f92145d697caadac61426533,2026-07-22T14:02:40Z,5,,52192fc317eb4cabb1c56403c8f619a3
spotify:track:78tgXRq9Q6tPNP9hKCpgwB,2fc9c6b8f92145d697caadac61426533,2026-07-22T14:02:40Z,4,,52192fc317eb4cabb1c56403c8f619a3
spotify:track:5vM8xMswH4MzinpWjQ3snK,2fc9c6b8f92145d697caadac61426533,2026-07-22T14:02:40Z,4,,52192fc317eb4cabb1c56403c8f619a3
spotify:track:4yhGkvdYU5bi4950r80FRo,2fc9c6b8f92145d697caadac61426533,2026-07-22T14:02:40Z,1,,52192fc317eb4cabb1c56403c8f619a3
spotify:track:47daaR9V5NnoSo68Geb8wm,2fc9c6b8f92145d697caadac61426533,2026-07-22T14:02:40Z,4,,52192fc317eb4cabb1c56403c8f619a3
spotify:track:43poRcd7S470UHQhgeogak,2fc9c6b8f92145d697caadac61426533,2026-07-22T14:02:40Z,5,Build up was sweet,52192fc317eb4cabb1c56403c8f619a3
spotify:track:2OoKzfr7RB5o9cxHArUoIS,2fc9c6b8f92145d697caadac61426533,2026-07-22T14:02:40Z,6,Definition of this round!,52192fc317eb4cabb1c56403c8f619a3
spotify:track:1ZozJfi8u9cO2Ob8KwiwNT,2fc9c6b8f92145d697caadac61426533,2026-07-22T14:02:40Z,5,,52192fc317eb4cabb1c56403c8f619a3
spotify:track:00qOE7OjRl0BpYiCiweZB2,2fc9c6b8f92145d697caadac61426533,2026-07-22T14:02:40Z,2,,52192fc317eb4cabb1c56403c8f619a3
spotify:track:0ptjIq1XKNYBtfjzXQ3dXE,1d843b6c8a8946b9bda7ad95b6ccc195,2026-07-22T14:40:24Z,4,"That's super fun, defo feel it in your heart",52192fc317eb4cabb1c56403c8f619a3
spotify:track:1ZozJfi8u9cO2Ob8KwiwNT,1d843b6c8a8946b9bda7ad95b6ccc195,2026-07-22T14:40:24Z,2,,52192fc317eb4cabb1c56403c8f619a3
spotify:track:287pDdRjRYf7sd84fzupQo,1d843b6c8a8946b9bda7ad95b6ccc195,2026-07-22T14:40:24Z,0,This has kind of an odd sound to my ears,52192fc317eb4cabb1c56403c8f619a3
spotify:track:2OoKzfr7RB5o9cxHArUoIS,1d843b6c8a8946b9bda7ad95b6ccc195,2026-07-22T14:40:24Z,2," The start is a bit chill for this round, did perk up a bit",52192fc317eb4cabb1c56403c8f619a3
spotify:track:4yhGkvdYU5bi4950r80FRo,1d843b6c8a8946b9bda7ad95b6ccc195,2026-07-22T14:40:24Z,4,This does bang (mainly cause the orig bangs so hard),52192fc317eb4cabb1c56403c8f619a3
spotify:track:5vM8xMswH4MzinpWjQ3snK,1d843b6c8a8946b9bda7ad95b6ccc195,2026-07-22T14:40:24Z,0,This music feels mean to me,52192fc317eb4cabb1c56403c8f619a3
spotify:track:5YJtMNWKe55yr49cyJgxva,1d843b6c8a8946b9bda7ad95b6ccc195,2026-07-22T14:40:24Z,3,This treated me so well after the mean one,52192fc317eb4cabb1c56403c8f619a3
spotify:track:78tgXRq9Q6tPNP9hKCpgwB,1d843b6c8a8946b9bda7ad95b6ccc195,2026-07-22T14:40:24Z,4,Such a throwback!,52192fc317eb4cabb1c56403c8f619a3
spotify:track:2z71jdeVcC782NgsYZ6N8q,1d843b6c8a8946b9bda7ad95b6ccc195,2026-07-22T14:40:24Z,4,"Banger, also that's gas",52192fc317eb4cabb1c56403c8f619a3
spotify:track:3VwCHFahYwyUSR0Rse4Boo,1d843b6c8a8946b9bda7ad95b6ccc195,2026-07-22T14:40:24Z,5,Luuurve everything she does,52192fc317eb4cabb1c56403c8f619a3
spotify:track:43poRcd7S470UHQhgeogak,1d843b6c8a8946b9bda7ad95b6ccc195,2026-07-22T14:40:24Z,2,Not super my thing in 1st half but defo some points in 2nd half,52192fc317eb4cabb1c56403c8f619a3
spotify:track:47daaR9V5NnoSo68Geb8wm,1d843b6c8a8946b9bda7ad95b6ccc195,2026-07-22T14:40:24Z,4,That's rockin,52192fc317eb4cabb1c56403c8f619a3
spotify:track:4KLzHwOCBaTrZTR9O5AiIU,1d843b6c8a8946b9bda7ad95b6ccc195,2026-07-22T14:40:24Z,2,A cool bop and can defo feel that speaker vibratin,52192fc317eb4cabb1c56403c8f619a3
spotify:track:02bA26OEe0nNFyE3YcNx4K,a3ae0c49642a47d48c37d7c01c632225,2026-07-26T11:46:27Z,3,,952c48855c634cf799987eeac27b56a5
spotify:track:0difWBwYseFbbXTAj6TyOi,a3ae0c49642a47d48c37d7c01c632225,2026-07-26T11:46:27Z,1,,952c48855c634cf799987eeac27b56a5
spotify:track:0Z7GNrvgEj3iiIxxPtRwIe,a3ae0c49642a47d48c37d7c01c632225,2026-07-26T11:46:27Z,1,,952c48855c634cf799987eeac27b56a5
spotify:track:2MOej3BIsG1SlxXWWmgzGc,a3ae0c49642a47d48c37d7c01c632225,2026-07-26T11:46:27Z,6,,952c48855c634cf799987eeac27b56a5
spotify:track:3ZxEXb4YeEWGTUPAmn2Xhe,a3ae0c49642a47d48c37d7c01c632225,2026-07-26T11:46:27Z,4,,952c48855c634cf799987eeac27b56a5
spotify:track:46zhW5gePuU7frFIaW27ti,a3ae0c49642a47d48c37d7c01c632225,2026-07-26T11:46:27Z,1,,952c48855c634cf799987eeac27b56a5
spotify:track:4hHjWMWYIuAFVa5RQZJFIP,a3ae0c49642a47d48c37d7c01c632225,2026-07-26T11:46:27Z,1,,952c48855c634cf799987eeac27b56a5
spotify:track:5u67VJ8GAhnkFA1FolVhD0,a3ae0c49642a47d48c37d7c01c632225,2026-07-26T11:46:27Z,2,,952c48855c634cf799987eeac27b56a5
spotify:track:6fCQ0b4fGyyTqHwpHqxRll,a3ae0c49642a47d48c37d7c01c632225,2026-07-26T11:46:27Z,5,,952c48855c634cf799987eeac27b56a5
spotify:track:6skfouZ5bFFU3vxWaBla3B,a3ae0c49642a47d48c37d7c01c632225,2026-07-26T11:46:27Z,4,,952c48855c634cf799987eeac27b56a5
spotify:track:6WpZwkzyjINc6wDghg8Gzv,a3ae0c49642a47d48c37d7c01c632225,2026-07-26T11:46:27Z,1,,952c48855c634cf799987eeac27b56a5
spotify:track:7ANO3LRdvefIongRYm5Smz,a3ae0c49642a47d48c37d7c01c632225,2026-07-26T11:46:27Z,1,,952c48855c634cf799987eeac27b56a5
spotify:track:7CPNWrZcctzjM9JlXx2TkI,a3ae0c49642a47d48c37d7c01c632225,2026-07-26T11:46:27Z,6,,952c48855c634cf799987eeac27b56a5
spotify:track:02bA26OEe0nNFyE3YcNx4K,e43c6e753dbf4f999a68467b26ac1663,2026-07-26T11:54:17Z,4,,952c48855c634cf799987eeac27b56a5
spotify:track:0difWBwYseFbbXTAj6TyOi,e43c6e753dbf4f999a68467b26ac1663,2026-07-26T11:54:17Z,5,Absolutely love Gurriers ,952c48855c634cf799987eeac27b56a5
spotify:track:0Z7GNrvgEj3iiIxxPtRwIe,e43c6e753dbf4f999a68467b26ac1663,2026-07-26T11:54:17Z,2,,952c48855c634cf799987eeac27b56a5
spotify:track:2MOej3BIsG1SlxXWWmgzGc,e43c6e753dbf4f999a68467b26ac1663,2026-07-26T11:54:17Z,4,This will be so good live,952c48855c634cf799987eeac27b56a5
spotify:track:2nf5llRG3J5ZEkeGL4JSjA,e43c6e753dbf4f999a68467b26ac1663,2026-07-26T11:54:17Z,2,,952c48855c634cf799987eeac27b56a5
spotify:track:3ZxEXb4YeEWGTUPAmn2Xhe,e43c6e753dbf4f999a68467b26ac1663,2026-07-26T11:54:17Z,5,2:30 Friday we will be there,952c48855c634cf799987eeac27b56a5
spotify:track:46zhW5gePuU7frFIaW27ti,e43c6e753dbf4f999a68467b26ac1663,2026-07-26T11:54:17Z,1,,952c48855c634cf799987eeac27b56a5
spotify:track:4hHjWMWYIuAFVa5RQZJFIP,e43c6e753dbf4f999a68467b26ac1663,2026-07-26T11:54:17Z,1,,952c48855c634cf799987eeac27b56a5
spotify:track:5u67VJ8GAhnkFA1FolVhD0,e43c6e753dbf4f999a68467b26ac1663,2026-07-26T11:54:17Z,3,,952c48855c634cf799987eeac27b56a5
spotify:track:6fCQ0b4fGyyTqHwpHqxRll,e43c6e753dbf4f999a68467b26ac1663,2026-07-26T11:54:17Z,2,,952c48855c634cf799987eeac27b56a5
spotify:track:6skfouZ5bFFU3vxWaBla3B,e43c6e753dbf4f999a68467b26ac1663,2026-07-26T11:54:17Z,3,Very excited to see these ,952c48855c634cf799987eeac27b56a5
spotify:track:6WpZwkzyjINc6wDghg8Gzv,e43c6e753dbf4f999a68467b26ac1663,2026-07-26T11:54:17Z,2,,952c48855c634cf799987eeac27b56a5
spotify:track:7ANO3LRdvefIongRYm5Smz,e43c6e753dbf4f999a68467b26ac1663,2026-07-26T11:54:17Z,2,Classic,952c48855c634cf799987eeac27b56a5
spotify:track:02bA26OEe0nNFyE3YcNx4K,3828fb97e38e4bfdac4343c43216a492,2026-07-27T09:20:28Z,4,,952c48855c634cf799987eeac27b56a5
spotify:track:0difWBwYseFbbXTAj6TyOi,3828fb97e38e4bfdac4343c43216a492,2026-07-27T09:20:28Z,1,,952c48855c634cf799987eeac27b56a5
spotify:track:0Z7GNrvgEj3iiIxxPtRwIe,3828fb97e38e4bfdac4343c43216a492,2026-07-27T09:20:28Z,4,,952c48855c634cf799987eeac27b56a5
spotify:track:2MOej3BIsG1SlxXWWmgzGc,3828fb97e38e4bfdac4343c43216a492,2026-07-27T09:20:28Z,5,,952c48855c634cf799987eeac27b56a5
spotify:track:2nf5llRG3J5ZEkeGL4JSjA,3828fb97e38e4bfdac4343c43216a492,2026-07-27T09:20:28Z,2,,952c48855c634cf799987eeac27b56a5
spotify:track:3ZxEXb4YeEWGTUPAmn2Xhe,3828fb97e38e4bfdac4343c43216a492,2026-07-27T09:20:28Z,4,,952c48855c634cf799987eeac27b56a5
spotify:track:5u67VJ8GAhnkFA1FolVhD0,3828fb97e38e4bfdac4343c43216a492,2026-07-27T09:20:28Z,2,Could be a new person to the league but feel there was a lot of other options out there given an underworld round was done previously ,952c48855c634cf799987eeac27b56a5
spotify:track:6fCQ0b4fGyyTqHwpHqxRll,3828fb97e38e4bfdac4343c43216a492,2026-07-27T09:20:28Z,3,,952c48855c634cf799987eeac27b56a5
spotify:track:6skfouZ5bFFU3vxWaBla3B,3828fb97e38e4bfdac4343c43216a492,2026-07-27T09:20:28Z,2,,952c48855c634cf799987eeac27b56a5
spotify:track:6WpZwkzyjINc6wDghg8Gzv,3828fb97e38e4bfdac4343c43216a492,2026-07-27T09:20:28Z,3,,952c48855c634cf799987eeac27b56a5
spotify:track:7ANO3LRdvefIongRYm5Smz,3828fb97e38e4bfdac4343c43216a492,2026-07-27T09:20:28Z,1,,952c48855c634cf799987eeac27b56a5
spotify:track:7CPNWrZcctzjM9JlXx2TkI,3828fb97e38e4bfdac4343c43216a492,2026-07-27T09:20:28Z,5,,952c48855c634cf799987eeac27b56a5
spotify:track:02bA26OEe0nNFyE3YcNx4K,0034474c5f804b6e99a366f09da69b35,2026-07-27T11:43:08Z,5,Can't wait 🤘,952c48855c634cf799987eeac27b56a5
spotify:track:0difWBwYseFbbXTAj6TyOi,0034474c5f804b6e99a366f09da69b35,2026-07-27T11:43:08Z,6,Nasty,952c48855c634cf799987eeac27b56a5
spotify:track:0Z7GNrvgEj3iiIxxPtRwIe,0034474c5f804b6e99a366f09da69b35,2026-07-27T11:43:08Z,4,"USed to love flume, ",952c48855c634cf799987eeac27b56a5
spotify:track:2MOej3BIsG1SlxXWWmgzGc,0034474c5f804b6e99a366f09da69b35,2026-07-27T11:43:08Z,6,Haven't heard this before but it is sick ,952c48855c634cf799987eeac27b56a5
spotify:track:2nf5llRG3J5ZEkeGL4JSjA,0034474c5f804b6e99a366f09da69b35,2026-07-27T11:43:08Z,1,,952c48855c634cf799987eeac27b56a5
spotify:track:3ZxEXb4YeEWGTUPAmn2Xhe,0034474c5f804b6e99a366f09da69b35,2026-07-27T11:43:08Z,1,Sorry tough round ,952c48855c634cf799987eeac27b56a5
spotify:track:46zhW5gePuU7frFIaW27ti,0034474c5f804b6e99a366f09da69b35,2026-07-27T11:43:08Z,1,,952c48855c634cf799987eeac27b56a5
spotify:track:4hHjWMWYIuAFVa5RQZJFIP,0034474c5f804b6e99a366f09da69b35,2026-07-27T11:43:08Z,3,,952c48855c634cf799987eeac27b56a5
spotify:track:5u67VJ8GAhnkFA1FolVhD0,0034474c5f804b6e99a366f09da69b35,2026-07-27T11:43:08Z,2,,952c48855c634cf799987eeac27b56a5
spotify:track:6fCQ0b4fGyyTqHwpHqxRll,0034474c5f804b6e99a366f09da69b35,2026-07-27T11:43:08Z,1,,952c48855c634cf799987eeac27b56a5
spotify:track:6skfouZ5bFFU3vxWaBla3B,0034474c5f804b6e99a366f09da69b35,2026-07-27T11:43:08Z,4,"They are great craic, I submitted this song before 🤘",952c48855c634cf799987eeac27b56a5
spotify:track:6WpZwkzyjINc6wDghg8Gzv,0034474c5f804b6e99a366f09da69b35,2026-07-27T11:43:08Z,1,,952c48855c634cf799987eeac27b56a5
spotify:track:7CPNWrZcctzjM9JlXx2TkI,0034474c5f804b6e99a366f09da69b35,2026-07-27T11:43:08Z,1,Diddely bye,952c48855c634cf799987eeac27b56a5
spotify:track:02bA26OEe0nNFyE3YcNx4K,2fc9c6b8f92145d697caadac61426533,2026-07-27T15:31:06Z,2,Love em,952c48855c634cf799987eeac27b56a5
spotify:track:0difWBwYseFbbXTAj6TyOi,2fc9c6b8f92145d697caadac61426533,2026-07-27T15:31:06Z,4,"Love em, had such a sweaty set last time",952c48855c634cf799987eeac27b56a5
spotify:track:4hHjWMWYIuAFVa5RQZJFIP,2fc9c6b8f92145d697caadac61426533,2026-07-27T15:31:06Z,7,This has been heavy on my rotation recently looove it,952c48855c634cf799987eeac27b56a5
spotify:track:5u67VJ8GAhnkFA1FolVhD0,2fc9c6b8f92145d697caadac61426533,2026-07-27T15:31:06Z,5,,952c48855c634cf799987eeac27b56a5
spotify:track:6fCQ0b4fGyyTqHwpHqxRll,2fc9c6b8f92145d697caadac61426533,2026-07-27T15:31:06Z,2,,952c48855c634cf799987eeac27b56a5
spotify:track:6skfouZ5bFFU3vxWaBla3B,2fc9c6b8f92145d697caadac61426533,2026-07-27T15:31:06Z,5,,952c48855c634cf799987eeac27b56a5
spotify:track:6WpZwkzyjINc6wDghg8Gzv,2fc9c6b8f92145d697caadac61426533,2026-07-27T15:31:06Z,6,The dare have bangers,952c48855c634cf799987eeac27b56a5
spotify:track:7ANO3LRdvefIongRYm5Smz,2fc9c6b8f92145d697caadac61426533,2026-07-27T15:31:06Z,5,Takes me back to shifting Yung wans at the 2013 Gaeltacht disco,952c48855c634cf799987eeac27b56a5
spotify:track:0difWBwYseFbbXTAj6TyOi,e4fc2f3089594796b99dca4ab07f7d41,2026-07-28T08:39:44Z,7,,952c48855c634cf799987eeac27b56a5
spotify:track:2nf5llRG3J5ZEkeGL4JSjA,e4fc2f3089594796b99dca4ab07f7d41,2026-07-28T08:39:44Z,6,,952c48855c634cf799987eeac27b56a5
spotify:track:46zhW5gePuU7frFIaW27ti,e4fc2f3089594796b99dca4ab07f7d41,2026-07-28T08:39:44Z,8,,952c48855c634cf799987eeac27b56a5
spotify:track:6fCQ0b4fGyyTqHwpHqxRll,e4fc2f3089594796b99dca4ab07f7d41,2026-07-28T08:39:44Z,4,,952c48855c634cf799987eeac27b56a5
spotify:track:6WpZwkzyjINc6wDghg8Gzv,e4fc2f3089594796b99dca4ab07f7d41,2026-07-28T08:39:44Z,1,,952c48855c634cf799987eeac27b56a5
spotify:track:7ANO3LRdvefIongRYm5Smz,e4fc2f3089594796b99dca4ab07f7d41,2026-07-28T08:39:44Z,4,,952c48855c634cf799987eeac27b56a5
spotify:track:7CPNWrZcctzjM9JlXx2TkI,e4fc2f3089594796b99dca4ab07f7d41,2026-07-28T08:39:44Z,6,,952c48855c634cf799987eeac27b56a5
spotify:track:2MOej3BIsG1SlxXWWmgzGc,d007026516024c34981c654238511be8,2026-07-28T16:01:25Z,3,,952c48855c634cf799987eeac27b56a5
spotify:track:3ZxEXb4YeEWGTUPAmn2Xhe,d007026516024c34981c654238511be8,2026-07-28T16:01:25Z,4,Barry can’t swim’s mortal enemy,952c48855c634cf799987eeac27b56a5
spotify:track:46zhW5gePuU7frFIaW27ti,d007026516024c34981c654238511be8,2026-07-28T16:01:25Z,3,"Saw F3miii on this song as well at FF earlier in the summer, they’re both great ",952c48855c634cf799987eeac27b56a5
spotify:track:4hHjWMWYIuAFVa5RQZJFIP,d007026516024c34981c654238511be8,2026-07-28T16:01:25Z,7,Bit of me now ,952c48855c634cf799987eeac27b56a5
spotify:track:5u67VJ8GAhnkFA1FolVhD0,d007026516024c34981c654238511be8,2026-07-28T16:01:25Z,5,Just so epic I can’t wait ,952c48855c634cf799987eeac27b56a5
spotify:track:6fCQ0b4fGyyTqHwpHqxRll,d007026516024c34981c654238511be8,2026-07-28T16:01:25Z,6,"Wanted to submit Prism originally, such happy fun vibes, anyone interested in skipping Kneecap to go see them with me?😗",952c48855c634cf799987eeac27b56a5
spotify:track:6skfouZ5bFFU3vxWaBla3B,d007026516024c34981c654238511be8,2026-07-28T16:01:25Z,1,I feel like this might even be the 3rd time this song has been used in Music League ,952c48855c634cf799987eeac27b56a5
spotify:track:6WpZwkzyjINc6wDghg8Gzv,d007026516024c34981c654238511be8,2026-07-28T16:01:25Z,2,,952c48855c634cf799987eeac27b56a5
spotify:track:7ANO3LRdvefIongRYm5Smz,d007026516024c34981c654238511be8,2026-07-28T16:01:25Z,3,,952c48855c634cf799987eeac27b56a5
spotify:track:7CPNWrZcctzjM9JlXx2TkI,d007026516024c34981c654238511be8,2026-07-28T16:01:25Z,2,,952c48855c634cf799987eeac27b56a5
spotify:track:02bA26OEe0nNFyE3YcNx4K,96d515a50352471caca66cdd7e710407,2026-07-28T16:42:03Z,2,They always bring the house down,952c48855c634cf799987eeac27b56a5
spotify:track:0difWBwYseFbbXTAj6TyOi,96d515a50352471caca66cdd7e710407,2026-07-28T16:42:03Z,5,Open up the pit ,952c48855c634cf799987eeac27b56a5
spotify:track:0Z7GNrvgEj3iiIxxPtRwIe,96d515a50352471caca66cdd7e710407,2026-07-28T16:42:03Z,2,,952c48855c634cf799987eeac27b56a5
spotify:track:2nf5llRG3J5ZEkeGL4JSjA,96d515a50352471caca66cdd7e710407,2026-07-28T16:42:03Z,3,Cool. These guys didn't sound like I expected,952c48855c634cf799987eeac27b56a5
spotify:track:3ZxEXb4YeEWGTUPAmn2Xhe,96d515a50352471caca66cdd7e710407,2026-07-28T16:42:03Z,1,Didn't enjoy him so much when I saw him recently but I could be willing to give him a second chance,952c48855c634cf799987eeac27b56a5
spotify:track:46zhW5gePuU7frFIaW27ti,96d515a50352471caca66cdd7e710407,2026-07-28T16:42:03Z,3,Neat,952c48855c634cf799987eeac27b56a5
spotify:track:4hHjWMWYIuAFVa5RQZJFIP,96d515a50352471caca66cdd7e710407,2026-07-28T16:42:03Z,2,,952c48855c634cf799987eeac27b56a5
spotify:track:5u67VJ8GAhnkFA1FolVhD0,96d515a50352471caca66cdd7e710407,2026-07-28T16:42:03Z,5,Somehow never seen these guys live. Buzzing for it ,952c48855c634cf799987eeac27b56a5
spotify:track:6fCQ0b4fGyyTqHwpHqxRll,96d515a50352471caca66cdd7e710407,2026-07-28T16:42:03Z,4,Boogie wonderland,952c48855c634cf799987eeac27b56a5
spotify:track:6skfouZ5bFFU3vxWaBla3B,96d515a50352471caca66cdd7e710407,2026-07-28T16:42:03Z,5,This gonna be huge ,952c48855c634cf799987eeac27b56a5
spotify:track:6WpZwkzyjINc6wDghg8Gzv,96d515a50352471caca66cdd7e710407,2026-07-28T16:42:03Z,1,This guy kinda irks me,952c48855c634cf799987eeac27b56a5
spotify:track:7ANO3LRdvefIongRYm5Smz,96d515a50352471caca66cdd7e710407,2026-07-28T16:42:03Z,2,Hoping for a mid of classics and fun bangers,952c48855c634cf799987eeac27b56a5
spotify:track:7CPNWrZcctzjM9JlXx2TkI,96d515a50352471caca66cdd7e710407,2026-07-28T16:42:03Z,1,,952c48855c634cf799987eeac27b56a5
spotify:track:02bA26OEe0nNFyE3YcNx4K,a8e4878c0eef4cf2b98d20b54391601d,2026-07-28T17:16:38Z,3,Always so good live ,952c48855c634cf799987eeac27b56a5
spotify:track:0difWBwYseFbbXTAj6TyOi,a8e4878c0eef4cf2b98d20b54391601d,2026-07-28T17:16:38Z,2,,952c48855c634cf799987eeac27b56a5
spotify:track:0Z7GNrvgEj3iiIxxPtRwIe,a8e4878c0eef4cf2b98d20b54391601d,2026-07-28T17:16:38Z,2,,952c48855c634cf799987eeac27b56a5
spotify:track:2MOej3BIsG1SlxXWWmgzGc,a8e4878c0eef4cf2b98d20b54391601d,2026-07-28T17:16:38Z,6,Can’t wait to see this live ,952c48855c634cf799987eeac27b56a5
spotify:track:2nf5llRG3J5ZEkeGL4JSjA,a8e4878c0eef4cf2b98d20b54391601d,2026-07-28T17:16:38Z,2,,952c48855c634cf799987eeac27b56a5
spotify:track:3ZxEXb4YeEWGTUPAmn2Xhe,a8e4878c0eef4cf2b98d20b54391601d,2026-07-28T17:16:38Z,4,First time hearing this and can’t wait to hear live ,952c48855c634cf799987eeac27b56a5
spotify:track:4hHjWMWYIuAFVa5RQZJFIP,a8e4878c0eef4cf2b98d20b54391601d,2026-07-28T17:16:38Z,2,,952c48855c634cf799987eeac27b56a5
spotify:track:5u67VJ8GAhnkFA1FolVhD0,a8e4878c0eef4cf2b98d20b54391601d,2026-07-28T17:16:38Z,2,,952c48855c634cf799987eeac27b56a5
spotify:track:6fCQ0b4fGyyTqHwpHqxRll,a8e4878c0eef4cf2b98d20b54391601d,2026-07-28T17:16:38Z,5,So excited for this ,952c48855c634cf799987eeac27b56a5
spotify:track:6skfouZ5bFFU3vxWaBla3B,a8e4878c0eef4cf2b98d20b54391601d,2026-07-28T17:16:38Z,3,Going to be so fun ,952c48855c634cf799987eeac27b56a5
spotify:track:6WpZwkzyjINc6wDghg8Gzv,a8e4878c0eef4cf2b98d20b54391601d,2026-07-28T17:16:38Z,2,,952c48855c634cf799987eeac27b56a5
spotify:track:7ANO3LRdvefIongRYm5Smz,a8e4878c0eef4cf2b98d20b54391601d,2026-07-28T17:16:38Z,2,,952c48855c634cf799987eeac27b56a5
spotify:track:7CPNWrZcctzjM9JlXx2TkI,a8e4878c0eef4cf2b98d20b54391601d,2026-07-28T17:16:38Z,1,,952c48855c634cf799987eeac27b56a5
spotify:track:02bA26OEe0nNFyE3YcNx4K,dfd346d38f17465b9e121991477a6c8b,2026-07-29T12:19:24Z,2,,952c48855c634cf799987eeac27b56a5
spotify:track:0Z7GNrvgEj3iiIxxPtRwIe,dfd346d38f17465b9e121991477a6c8b,2026-07-29T12:19:24Z,1,,952c48855c634cf799987eeac27b56a5
spotify:track:2MOej3BIsG1SlxXWWmgzGc,dfd346d38f17465b9e121991477a6c8b,2026-07-29T12:19:24Z,3,This is gonna be sick live,952c48855c634cf799987eeac27b56a5
spotify:track:2nf5llRG3J5ZEkeGL4JSjA,dfd346d38f17465b9e121991477a6c8b,2026-07-29T12:19:24Z,5,Love the tone of his voice,952c48855c634cf799987eeac27b56a5
spotify:track:3ZxEXb4YeEWGTUPAmn2Xhe,dfd346d38f17465b9e121991477a6c8b,2026-07-29T12:19:24Z,3,Love some Barry Can’t Fred Again,952c48855c634cf799987eeac27b56a5
spotify:track:46zhW5gePuU7frFIaW27ti,dfd346d38f17465b9e121991477a6c8b,2026-07-29T12:19:24Z,3,Hopefully KhakiKid keeps Kojaque at bay this year,952c48855c634cf799987eeac27b56a5
spotify:track:4hHjWMWYIuAFVa5RQZJFIP,dfd346d38f17465b9e121991477a6c8b,2026-07-29T12:19:24Z,2,,952c48855c634cf799987eeac27b56a5
spotify:track:5u67VJ8GAhnkFA1FolVhD0,dfd346d38f17465b9e121991477a6c8b,2026-07-29T12:19:24Z,4,,952c48855c634cf799987eeac27b56a5
spotify:track:6fCQ0b4fGyyTqHwpHqxRll,dfd346d38f17465b9e121991477a6c8b,2026-07-29T12:19:24Z,5,Kneecap avoiders stand up,952c48855c634cf799987eeac27b56a5
spotify:track:6skfouZ5bFFU3vxWaBla3B,dfd346d38f17465b9e121991477a6c8b,2026-07-29T12:19:24Z,2,,952c48855c634cf799987eeac27b56a5
spotify:track:6WpZwkzyjINc6wDghg8Gzv,dfd346d38f17465b9e121991477a6c8b,2026-07-29T12:19:24Z,3,👩‍💼 🔋,952c48855c634cf799987eeac27b56a5
spotify:track:7ANO3LRdvefIongRYm5Smz,dfd346d38f17465b9e121991477a6c8b,2026-07-29T12:19:24Z,2,Alexa play white noise ,952c48855c634cf799987eeac27b56a5
spotify:track:7CPNWrZcctzjM9JlXx2TkI,dfd346d38f17465b9e121991477a6c8b,2026-07-29T12:19:24Z,1,,952c48855c634cf799987eeac27b56a5
spotify:track:02bA26OEe0nNFyE3YcNx4K,71c8417802d241c6b2c478d5a45128b3,2026-07-29T14:54:30Z,3,,952c48855c634cf799987eeac27b56a5
spotify:track:0difWBwYseFbbXTAj6TyOi,71c8417802d241c6b2c478d5a45128b3,2026-07-29T14:54:30Z,4,,952c48855c634cf799987eeac27b56a5
spotify:track:0Z7GNrvgEj3iiIxxPtRwIe,71c8417802d241c6b2c478d5a45128b3,2026-07-29T14:54:30Z,2,,952c48855c634cf799987eeac27b56a5
spotify:track:2MOej3BIsG1SlxXWWmgzGc,71c8417802d241c6b2c478d5a45128b3,2026-07-29T14:54:30Z,3,,952c48855c634cf799987eeac27b56a5
spotify:track:2nf5llRG3J5ZEkeGL4JSjA,71c8417802d241c6b2c478d5a45128b3,2026-07-29T14:54:30Z,4,,952c48855c634cf799987eeac27b56a5
spotify:track:3ZxEXb4YeEWGTUPAmn2Xhe,71c8417802d241c6b2c478d5a45128b3,2026-07-29T14:54:30Z,3,,952c48855c634cf799987eeac27b56a5
spotify:track:46zhW5gePuU7frFIaW27ti,71c8417802d241c6b2c478d5a45128b3,2026-07-29T14:54:30Z,2,,952c48855c634cf799987eeac27b56a5
spotify:track:4hHjWMWYIuAFVa5RQZJFIP,71c8417802d241c6b2c478d5a45128b3,2026-07-29T14:54:30Z,2,,952c48855c634cf799987eeac27b56a5
spotify:track:5u67VJ8GAhnkFA1FolVhD0,71c8417802d241c6b2c478d5a45128b3,2026-07-29T14:54:30Z,2,,952c48855c634cf799987eeac27b56a5
spotify:track:6fCQ0b4fGyyTqHwpHqxRll,71c8417802d241c6b2c478d5a45128b3,2026-07-29T14:54:30Z,2,,952c48855c634cf799987eeac27b56a5
spotify:track:6skfouZ5bFFU3vxWaBla3B,71c8417802d241c6b2c478d5a45128b3,2026-07-29T14:54:30Z,3,,952c48855c634cf799987eeac27b56a5
spotify:track:7ANO3LRdvefIongRYm5Smz,71c8417802d241c6b2c478d5a45128b3,2026-07-29T14:54:30Z,2,,952c48855c634cf799987eeac27b56a5
spotify:track:7CPNWrZcctzjM9JlXx2TkI,71c8417802d241c6b2c478d5a45128b3,2026-07-29T14:54:30Z,4,Favourite new artist I've discovered from this playlist,952c48855c634cf799987eeac27b56a5
spotify:track:0difWBwYseFbbXTAj6TyOi,78d12b4b50924b6e83f2a060a150a8e8,2026-07-29T21:00:56Z,3,,952c48855c634cf799987eeac27b56a5
spotify:track:0Z7GNrvgEj3iiIxxPtRwIe,78d12b4b50924b6e83f2a060a150a8e8,2026-07-29T21:00:56Z,3,,952c48855c634cf799987eeac27b56a5
spotify:track:2MOej3BIsG1SlxXWWmgzGc,78d12b4b50924b6e83f2a060a150a8e8,2026-07-29T21:00:56Z,3,,952c48855c634cf799987eeac27b56a5
spotify:track:2nf5llRG3J5ZEkeGL4JSjA,78d12b4b50924b6e83f2a060a150a8e8,2026-07-29T21:00:56Z,3,,952c48855c634cf799987eeac27b56a5
spotify:track:3ZxEXb4YeEWGTUPAmn2Xhe,78d12b4b50924b6e83f2a060a150a8e8,2026-07-29T21:00:56Z,3,,952c48855c634cf799987eeac27b56a5
spotify:track:46zhW5gePuU7frFIaW27ti,78d12b4b50924b6e83f2a060a150a8e8,2026-07-29T21:00:56Z,3,,952c48855c634cf799987eeac27b56a5
spotify:track:4hHjWMWYIuAFVa5RQZJFIP,78d12b4b50924b6e83f2a060a150a8e8,2026-07-29T21:00:56Z,3,,952c48855c634cf799987eeac27b56a5
spotify:track:6fCQ0b4fGyyTqHwpHqxRll,78d12b4b50924b6e83f2a060a150a8e8,2026-07-29T21:00:56Z,3,,952c48855c634cf799987eeac27b56a5
spotify:track:6skfouZ5bFFU3vxWaBla3B,78d12b4b50924b6e83f2a060a150a8e8,2026-07-29T21:00:56Z,3,,952c48855c634cf799987eeac27b56a5
spotify:track:6WpZwkzyjINc6wDghg8Gzv,78d12b4b50924b6e83f2a060a150a8e8,2026-07-29T21:00:56Z,3,,952c48855c634cf799987eeac27b56a5
spotify:track:7ANO3LRdvefIongRYm5Smz,78d12b4b50924b6e83f2a060a150a8e8,2026-07-29T21:00:56Z,3,,952c48855c634cf799987eeac27b56a5
spotify:track:7CPNWrZcctzjM9JlXx2TkI,78d12b4b50924b6e83f2a060a150a8e8,2026-07-29T21:00:56Z,3,,952c48855c634cf799987eeac27b56a5
spotify:track:0pJW1Xw3aY4Eh6k5iuBkfI,d007026516024c34981c654238511be8,2026-08-06T19:24:19Z,1,,e6145da62a1b47b9aa529616d4451baf
spotify:track:1jOLTO379yIu9aMnCkpMQl,d007026516024c34981c654238511be8,2026-08-06T19:24:19Z,1,,e6145da62a1b47b9aa529616d4451baf
spotify:track:1kSkAYLMmGyNdBQ3zP8xoQ,d007026516024c34981c654238511be8,2026-08-06T19:24:19Z,1,,e6145da62a1b47b9aa529616d4451baf
spotify:track:20abPwFDgwhwzr30DaSPFP,d007026516024c34981c654238511be8,2026-08-06T19:24:19Z,1,,e6145da62a1b47b9aa529616d4451baf
spotify:track:2MX5PSHbUm5Us2pZe7Verz,d007026516024c34981c654238511be8,2026-08-06T19:24:19Z,1,,e6145da62a1b47b9aa529616d4451baf
spotify:track:3jQyadhLTxpxadQlkFh2b8,d007026516024c34981c654238511be8,2026-08-06T19:24:19Z,1,,e6145da62a1b47b9aa529616d4451baf
spotify:track:5B2mJIk8yso3ugyvfHR62A,d007026516024c34981c654238511be8,2026-08-06T19:24:19Z,1,,e6145da62a1b47b9aa529616d4451baf
spotify:track:5CSWXnKRzx7vI4S4JFAunl,d007026516024c34981c654238511be8,2026-08-06T19:24:19Z,1,,e6145da62a1b47b9aa529616d4451baf
spotify:track:5fHovBM24xMRzBESj76O66,d007026516024c34981c654238511be8,2026-08-06T19:24:19Z,1,,e6145da62a1b47b9aa529616d4451baf
spotify:track:5kdXiiF8MxyLVhRjkVv9jQ,d007026516024c34981c654238511be8,2026-08-06T19:24:19Z,1,,e6145da62a1b47b9aa529616d4451baf
spotify:track:6IepN5nR2WGxVCVNFxIgbu,d007026516024c34981c654238511be8,2026-08-06T19:24:19Z,1,,e6145da62a1b47b9aa529616d4451baf
spotify:track:6LRhfKP8E7q0XEufBUgc2R,d007026516024c34981c654238511be8,2026-08-06T19:24:19Z,1,,e6145da62a1b47b9aa529616d4451baf
spotify:track:6ngaOZmoYDSOILK4XfdJBW,d007026516024c34981c654238511be8,2026-08-06T19:24:19Z,1,,e6145da62a1b47b9aa529616d4451baf
spotify:track:0pJW1Xw3aY4Eh6k5iuBkfI,dfd346d38f17465b9e121991477a6c8b,2026-08-07T09:39:04Z,1,,e6145da62a1b47b9aa529616d4451baf
spotify:track:1jOLTO379yIu9aMnCkpMQl,dfd346d38f17465b9e121991477a6c8b,2026-08-07T09:39:04Z,1,,e6145da62a1b47b9aa529616d4451baf
spotify:track:1kSkAYLMmGyNdBQ3zP8xoQ,dfd346d38f17465b9e121991477a6c8b,2026-08-07T09:39:04Z,1,,e6145da62a1b47b9aa529616d4451baf
spotify:track:20abPwFDgwhwzr30DaSPFP,dfd346d38f17465b9e121991477a6c8b,2026-08-07T09:39:04Z,1,,e6145da62a1b47b9aa529616d4451baf
spotify:track:2MX5PSHbUm5Us2pZe7Verz,dfd346d38f17465b9e121991477a6c8b,2026-08-07T09:39:04Z,1,,e6145da62a1b47b9aa529616d4451baf
spotify:track:5B2mJIk8yso3ugyvfHR62A,dfd346d38f17465b9e121991477a6c8b,2026-08-07T09:39:04Z,1,,e6145da62a1b47b9aa529616d4451baf
spotify:track:5CSWXnKRzx7vI4S4JFAunl,dfd346d38f17465b9e121991477a6c8b,2026-08-07T09:39:04Z,1,,e6145da62a1b47b9aa529616d4451baf
spotify:track:5fHovBM24xMRzBESj76O66,dfd346d38f17465b9e121991477a6c8b,2026-08-07T09:39:04Z,1,,e6145da62a1b47b9aa529616d4451baf
spotify:track:5kdXiiF8MxyLVhRjkVv9jQ,dfd346d38f17465b9e121991477a6c8b,2026-08-07T09:39:04Z,1,,e6145da62a1b47b9aa529616d4451baf
spotify:track:6IepN5nR2WGxVCVNFxIgbu,dfd346d38f17465b9e121991477a6c8b,2026-08-07T09:39:04Z,1,,e6145da62a1b47b9aa529616d4451baf
spotify:track:6LRhfKP8E7q0XEufBUgc2R,dfd346d38f17465b9e121991477a6c8b,2026-08-07T09:39:04Z,1,,e6145da62a1b47b9aa529616d4451baf
spotify:track:6ngaOZmoYDSOILK4XfdJBW,dfd346d38f17465b9e121991477a6c8b,2026-08-07T09:39:04Z,1,,e6145da62a1b47b9aa529616d4451baf
spotify:track:6RfcgEI36FJNt2CvI3gmMk,dfd346d38f17465b9e121991477a6c8b,2026-08-07T09:39:04Z,1,,e6145da62a1b47b9aa529616d4451baf
spotify:track:0pJW1Xw3aY4Eh6k5iuBkfI,e4fc2f3089594796b99dca4ab07f7d41,2026-08-07T18:15:55Z,1,Her songs are so captivating ,e6145da62a1b47b9aa529616d4451baf
spotify:track:1jOLTO379yIu9aMnCkpMQl,e4fc2f3089594796b99dca4ab07f7d41,2026-08-07T18:15:55Z,1,Such a sweet caption! Had never heard this song before either so a lovely addition to my Spotify thank you 🫶,e6145da62a1b47b9aa529616d4451baf
spotify:track:1kSkAYLMmGyNdBQ3zP8xoQ,e4fc2f3089594796b99dca4ab07f7d41,2026-08-07T18:15:55Z,1,Beautifully written caption ❤️,e6145da62a1b47b9aa529616d4451baf
spotify:track:20abPwFDgwhwzr30DaSPFP,e4fc2f3089594796b99dca4ab07f7d41,2026-08-07T18:15:55Z,1,,e6145da62a1b47b9aa529616d4451baf
spotify:track:2MX5PSHbUm5Us2pZe7Verz,e4fc2f3089594796b99dca4ab07f7d41,2026-08-07T18:15:55Z,1,Beautiful,e6145da62a1b47b9aa529616d4451baf
spotify:track:3jQyadhLTxpxadQlkFh2b8,e4fc2f3089594796b99dca4ab07f7d41,2026-08-07T18:15:55Z,1,Such a fantastic song,e6145da62a1b47b9aa529616d4451baf
spotify:track:5B2mJIk8yso3ugyvfHR62A,e4fc2f3089594796b99dca4ab07f7d41,2026-08-07T18:15:55Z,1,Really liked this song!,e6145da62a1b47b9aa529616d4451baf
spotify:track:5CSWXnKRzx7vI4S4JFAunl,e4fc2f3089594796b99dca4ab07f7d41,2026-08-07T18:15:55Z,1,,e6145da62a1b47b9aa529616d4451baf
spotify:track:5fHovBM24xMRzBESj76O66,e4fc2f3089594796b99dca4ab07f7d41,2026-08-07T18:15:55Z,1,Loveeee,e6145da62a1b47b9aa529616d4451baf
spotify:track:5kdXiiF8MxyLVhRjkVv9jQ,e4fc2f3089594796b99dca4ab07f7d41,2026-08-07T18:15:55Z,1,,e6145da62a1b47b9aa529616d4451baf
spotify:track:6LRhfKP8E7q0XEufBUgc2R,e4fc2f3089594796b99dca4ab07f7d41,2026-08-07T18:15:55Z,1,Genuinely one of the best songs ever,e6145da62a1b47b9aa529616d4451baf
spotify:track:6ngaOZmoYDSOILK4XfdJBW,e4fc2f3089594796b99dca4ab07f7d41,2026-08-07T18:15:55Z,1,,e6145da62a1b47b9aa529616d4451baf
spotify:track:6RfcgEI36FJNt2CvI3gmMk,e4fc2f3089594796b99dca4ab07f7d41,2026-08-07T18:15:55Z,1,"Your caption made me tear up, so well said and a beautiful memory to include for this round! ",e6145da62a1b47b9aa529616d4451baf
spotify:track:0pJW1Xw3aY4Eh6k5iuBkfI,96d515a50352471caca66cdd7e710407,2026-08-08T10:00:54Z,1,,e6145da62a1b47b9aa529616d4451baf
spotify:track:1jOLTO379yIu9aMnCkpMQl,96d515a50352471caca66cdd7e710407,2026-08-08T10:00:54Z,1,,e6145da62a1b47b9aa529616d4451baf
spotify:track:1kSkAYLMmGyNdBQ3zP8xoQ,96d515a50352471caca66cdd7e710407,2026-08-08T10:00:54Z,1,,e6145da62a1b47b9aa529616d4451baf
spotify:track:20abPwFDgwhwzr30DaSPFP,96d515a50352471caca66cdd7e710407,2026-08-08T10:00:54Z,1,,e6145da62a1b47b9aa529616d4451baf
spotify:track:2MX5PSHbUm5Us2pZe7Verz,96d515a50352471caca66cdd7e710407,2026-08-08T10:00:54Z,1,,e6145da62a1b47b9aa529616d4451baf
spotify:track:3jQyadhLTxpxadQlkFh2b8,96d515a50352471caca66cdd7e710407,2026-08-08T10:00:54Z,1,,e6145da62a1b47b9aa529616d4451baf
spotify:track:5B2mJIk8yso3ugyvfHR62A,96d515a50352471caca66cdd7e710407,2026-08-08T10:00:54Z,1,,e6145da62a1b47b9aa529616d4451baf
spotify:track:5CSWXnKRzx7vI4S4JFAunl,96d515a50352471caca66cdd7e710407,2026-08-08T10:00:54Z,1,,e6145da62a1b47b9aa529616d4451baf
spotify:track:5fHovBM24xMRzBESj76O66,96d515a50352471caca66cdd7e710407,2026-08-08T10:00:54Z,1,,e6145da62a1b47b9aa529616d4451baf
spotify:track:6IepN5nR2WGxVCVNFxIgbu,96d515a50352471caca66cdd7e710407,2026-08-08T10:00:54Z,1,,e6145da62a1b47b9aa529616d4451baf
spotify:track:6LRhfKP8E7q0XEufBUgc2R,96d515a50352471caca66cdd7e710407,2026-08-08T10:00:54Z,1,,e6145da62a1b47b9aa529616d4451baf
spotify:track:6ngaOZmoYDSOILK4XfdJBW,96d515a50352471caca66cdd7e710407,2026-08-08T10:00:54Z,1,,e6145da62a1b47b9aa529616d4451baf
spotify:track:6RfcgEI36FJNt2CvI3gmMk,96d515a50352471caca66cdd7e710407,2026-08-08T10:00:54Z,1,,e6145da62a1b47b9aa529616d4451baf
spotify:track:0pJW1Xw3aY4Eh6k5iuBkfI,71c8417802d241c6b2c478d5a45128b3,2026-08-09T15:20:16Z,1,"Love Phoebe so much, the big scream at the end is a mandatory sing along ",e6145da62a1b47b9aa529616d4451baf
spotify:track:1jOLTO379yIu9aMnCkpMQl,71c8417802d241c6b2c478d5a45128b3,2026-08-09T15:20:16Z,1,Lovely stuff ,e6145da62a1b47b9aa529616d4451baf
spotify:track:1kSkAYLMmGyNdBQ3zP8xoQ,71c8417802d241c6b2c478d5a45128b3,2026-08-09T15:20:16Z,1,,e6145da62a1b47b9aa529616d4451baf
spotify:track:20abPwFDgwhwzr30DaSPFP,71c8417802d241c6b2c478d5a45128b3,2026-08-09T15:20:16Z,1,Really enjoyed this will have to check these guys out ,e6145da62a1b47b9aa529616d4451baf
spotify:track:3jQyadhLTxpxadQlkFh2b8,71c8417802d241c6b2c478d5a45128b3,2026-08-09T15:20:16Z,1,The most heartwarming little guitar ever ,e6145da62a1b47b9aa529616d4451baf
spotify:track:5B2mJIk8yso3ugyvfHR62A,71c8417802d241c6b2c478d5a45128b3,2026-08-09T15:20:16Z,1,Hell yeah,e6145da62a1b47b9aa529616d4451baf
spotify:track:5CSWXnKRzx7vI4S4JFAunl,71c8417802d241c6b2c478d5a45128b3,2026-08-09T15:20:16Z,1,Soothing stuff ,e6145da62a1b47b9aa529616d4451baf
spotify:track:5fHovBM24xMRzBESj76O66,71c8417802d241c6b2c478d5a45128b3,2026-08-09T15:20:16Z,1,Very good vibes here ,e6145da62a1b47b9aa529616d4451baf
spotify:track:5kdXiiF8MxyLVhRjkVv9jQ,71c8417802d241c6b2c478d5a45128b3,2026-08-09T15:20:16Z,1,A very soothing song to hear on a hungover Sunday ,e6145da62a1b47b9aa529616d4451baf
spotify:track:6IepN5nR2WGxVCVNFxIgbu,71c8417802d241c6b2c478d5a45128b3,2026-08-09T15:20:16Z,1,Incredibly wholesome ,e6145da62a1b47b9aa529616d4451baf
spotify:track:6LRhfKP8E7q0XEufBUgc2R,71c8417802d241c6b2c478d5a45128b3,2026-08-09T15:20:16Z,1,This song makes me feel like I'm 5 years old and on my holidays having the best time ever ,e6145da62a1b47b9aa529616d4451baf
spotify:track:6ngaOZmoYDSOILK4XfdJBW,71c8417802d241c6b2c478d5a45128b3,2026-08-09T15:20:16Z,1,Maybe the real surfing was the friends we made along the way ,e6145da62a1b47b9aa529616d4451baf
spotify:track:6RfcgEI36FJNt2CvI3gmMk,71c8417802d241c6b2c478d5a45128b3,2026-08-09T15:20:16Z,1,"As painful as it is there's something so lovely about music just sparking something in someone, had the same with my grandad & old trad tunes ",e6145da62a1b47b9aa529616d4451baf
spotify:track:0pJW1Xw3aY4Eh6k5iuBkfI,3828fb97e38e4bfdac4343c43216a492,2026-08-09T16:00:56Z,1,,e6145da62a1b47b9aa529616d4451baf
spotify:track:1jOLTO379yIu9aMnCkpMQl,3828fb97e38e4bfdac4343c43216a492,2026-08-09T16:00:56Z,1,,e6145da62a1b47b9aa529616d4451baf
spotify:track:1kSkAYLMmGyNdBQ3zP8xoQ,3828fb97e38e4bfdac4343c43216a492,2026-08-09T16:00:56Z,1,,e6145da62a1b47b9aa529616d4451baf
spotify:track:20abPwFDgwhwzr30DaSPFP,3828fb97e38e4bfdac4343c43216a492,2026-08-09T16:00:56Z,1,,e6145da62a1b47b9aa529616d4451baf
spotify:track:2MX5PSHbUm5Us2pZe7Verz,3828fb97e38e4bfdac4343c43216a492,2026-08-09T16:00:56Z,1,,e6145da62a1b47b9aa529616d4451baf
spotify:track:3jQyadhLTxpxadQlkFh2b8,3828fb97e38e4bfdac4343c43216a492,2026-08-09T16:00:56Z,1,,e6145da62a1b47b9aa529616d4451baf
spotify:track:5B2mJIk8yso3ugyvfHR62A,3828fb97e38e4bfdac4343c43216a492,2026-08-09T16:00:56Z,1,,e6145da62a1b47b9aa529616d4451baf
spotify:track:5CSWXnKRzx7vI4S4JFAunl,3828fb97e38e4bfdac4343c43216a492,2026-08-09T16:00:56Z,1,,e6145da62a1b47b9aa529616d4451baf
spotify:track:5kdXiiF8MxyLVhRjkVv9jQ,3828fb97e38e4bfdac4343c43216a492,2026-08-09T16:00:56Z,1,,e6145da62a1b47b9aa529616d4451baf
spotify:track:6IepN5nR2WGxVCVNFxIgbu,3828fb97e38e4bfdac4343c43216a492,2026-08-09T16:00:56Z,1,,e6145da62a1b47b9aa529616d4451baf
spotify:track:6LRhfKP8E7q0XEufBUgc2R,3828fb97e38e4bfdac4343c43216a492,2026-08-09T16:00:56Z,1,,e6145da62a1b47b9aa529616d4451baf
spotify:track:6ngaOZmoYDSOILK4XfdJBW,3828fb97e38e4bfdac4343c43216a492,2026-08-09T16:00:56Z,1,,e6145da62a1b47b9aa529616d4451baf
spotify:track:6RfcgEI36FJNt2CvI3gmMk,3828fb97e38e4bfdac4343c43216a492,2026-08-09T16:00:56Z,1,,e6145da62a1b47b9aa529616d4451baf
spotify:track:0pJW1Xw3aY4Eh6k5iuBkfI,e43c6e753dbf4f999a68467b26ac1663,2026-08-10T08:54:56Z,1,,e6145da62a1b47b9aa529616d4451baf
spotify:track:1jOLTO379yIu9aMnCkpMQl,e43c6e753dbf4f999a68467b26ac1663,2026-08-10T08:54:56Z,1,,e6145da62a1b47b9aa529616d4451baf
spotify:track:1kSkAYLMmGyNdBQ3zP8xoQ,e43c6e753dbf4f999a68467b26ac1663,2026-08-10T08:54:56Z,1,,e6145da62a1b47b9aa529616d4451baf
spotify:track:20abPwFDgwhwzr30DaSPFP,e43c6e753dbf4f999a68467b26ac1663,2026-08-10T08:54:56Z,1,,e6145da62a1b47b9aa529616d4451baf
spotify:track:2MX5PSHbUm5Us2pZe7Verz,e43c6e753dbf4f999a68467b26ac1663,2026-08-10T08:54:56Z,1,,e6145da62a1b47b9aa529616d4451baf
spotify:track:3jQyadhLTxpxadQlkFh2b8,e43c6e753dbf4f999a68467b26ac1663,2026-08-10T08:54:56Z,1,,e6145da62a1b47b9aa529616d4451baf
spotify:track:5CSWXnKRzx7vI4S4JFAunl,e43c6e753dbf4f999a68467b26ac1663,2026-08-10T08:54:56Z,1,,e6145da62a1b47b9aa529616d4451baf
spotify:track:5fHovBM24xMRzBESj76O66,e43c6e753dbf4f999a68467b26ac1663,2026-08-10T08:54:56Z,1,,e6145da62a1b47b9aa529616d4451baf
spotify:track:5kdXiiF8MxyLVhRjkVv9jQ,e43c6e753dbf4f999a68467b26ac1663,2026-08-10T08:54:56Z,1,,e6145da62a1b47b9aa529616d4451baf
spotify:track:6IepN5nR2WGxVCVNFxIgbu,e43c6e753dbf4f999a68467b26ac1663,2026-08-10T08:54:56Z,1,,e6145da62a1b47b9aa529616d4451baf
spotify:track:6LRhfKP8E7q0XEufBUgc2R,e43c6e753dbf4f999a68467b26ac1663,2026-08-10T08:54:56Z,1,,e6145da62a1b47b9aa529616d4451baf
spotify:track:6ngaOZmoYDSOILK4XfdJBW,e43c6e753dbf4f999a68467b26ac1663,2026-08-10T08:54:56Z,1,,e6145da62a1b47b9aa529616d4451baf
spotify:track:6RfcgEI36FJNt2CvI3gmMk,e43c6e753dbf4f999a68467b26ac1663,2026-08-10T08:54:56Z,1,,e6145da62a1b47b9aa529616d4451baf
spotify:track:0pJW1Xw3aY4Eh6k5iuBkfI,a3ae0c49642a47d48c37d7c01c632225,2026-08-10T10:01:49Z,1,,e6145da62a1b47b9aa529616d4451baf
spotify:track:1jOLTO379yIu9aMnCkpMQl,a3ae0c49642a47d48c37d7c01c632225,2026-08-10T10:01:49Z,1,,e6145da62a1b47b9aa529616d4451baf
spotify:track:1kSkAYLMmGyNdBQ3zP8xoQ,a3ae0c49642a47d48c37d7c01c632225,2026-08-10T10:01:49Z,1,,e6145da62a1b47b9aa529616d4451baf
spotify:track:20abPwFDgwhwzr30DaSPFP,a3ae0c49642a47d48c37d7c01c632225,2026-08-10T10:01:49Z,1,,e6145da62a1b47b9aa529616d4451baf
spotify:track:2MX5PSHbUm5Us2pZe7Verz,a3ae0c49642a47d48c37d7c01c632225,2026-08-10T10:01:49Z,1,,e6145da62a1b47b9aa529616d4451baf
spotify:track:3jQyadhLTxpxadQlkFh2b8,a3ae0c49642a47d48c37d7c01c632225,2026-08-10T10:01:49Z,1,,e6145da62a1b47b9aa529616d4451baf
spotify:track:5B2mJIk8yso3ugyvfHR62A,a3ae0c49642a47d48c37d7c01c632225,2026-08-10T10:01:49Z,1,,e6145da62a1b47b9aa529616d4451baf
spotify:track:5CSWXnKRzx7vI4S4JFAunl,a3ae0c49642a47d48c37d7c01c632225,2026-08-10T10:01:49Z,1,,e6145da62a1b47b9aa529616d4451baf
spotify:track:5fHovBM24xMRzBESj76O66,a3ae0c49642a47d48c37d7c01c632225,2026-08-10T10:01:49Z,1,,e6145da62a1b47b9aa529616d4451baf
spotify:track:5kdXiiF8MxyLVhRjkVv9jQ,a3ae0c49642a47d48c37d7c01c632225,2026-08-10T10:01:49Z,1,,e6145da62a1b47b9aa529616d4451baf
spotify:track:6IepN5nR2WGxVCVNFxIgbu,a3ae0c49642a47d48c37d7c01c632225,2026-08-10T10:01:49Z,1,,e6145da62a1b47b9aa529616d4451baf
spotify:track:6LRhfKP8E7q0XEufBUgc2R,a3ae0c49642a47d48c37d7c01c632225,2026-08-10T10:01:49Z,1,,e6145da62a1b47b9aa529616d4451baf
spotify:track:6RfcgEI36FJNt2CvI3gmMk,a3ae0c49642a47d48c37d7c01c632225,2026-08-10T10:01:49Z,1,,e6145da62a1b47b9aa529616d4451baf
spotify:track:0pJW1Xw3aY4Eh6k5iuBkfI,78d12b4b50924b6e83f2a060a150a8e8,2026-08-10T14:48:13Z,1,,e6145da62a1b47b9aa529616d4451baf
spotify:track:1jOLTO379yIu9aMnCkpMQl,78d12b4b50924b6e83f2a060a150a8e8,2026-08-10T14:48:13Z,1,Core memories with this song ,e6145da62a1b47b9aa529616d4451baf
spotify:track:1kSkAYLMmGyNdBQ3zP8xoQ,78d12b4b50924b6e83f2a060a150a8e8,2026-08-10T14:48:13Z,1,,e6145da62a1b47b9aa529616d4451baf
spotify:track:20abPwFDgwhwzr30DaSPFP,78d12b4b50924b6e83f2a060a150a8e8,2026-08-10T14:48:13Z,1,,e6145da62a1b47b9aa529616d4451baf
spotify:track:2MX5PSHbUm5Us2pZe7Verz,78d12b4b50924b6e83f2a060a150a8e8,2026-08-10T14:48:13Z,1,Beaut,e6145da62a1b47b9aa529616d4451baf
spotify:track:3jQyadhLTxpxadQlkFh2b8,78d12b4b50924b6e83f2a060a150a8e8,2026-08-10T14:48:13Z,1,,e6145da62a1b47b9aa529616d4451baf
spotify:track:5B2mJIk8yso3ugyvfHR62A,78d12b4b50924b6e83f2a060a150a8e8,2026-08-10T14:48:13Z,1,Love a bit of billy brag,e6145da62a1b47b9aa529616d4451baf
spotify:track:5fHovBM24xMRzBESj76O66,78d12b4b50924b6e83f2a060a150a8e8,2026-08-10T14:48:13Z,1,,e6145da62a1b47b9aa529616d4451baf
spotify:track:5kdXiiF8MxyLVhRjkVv9jQ,78d12b4b50924b6e83f2a060a150a8e8,2026-08-10T14:48:13Z,1,,e6145da62a1b47b9aa529616d4451baf
spotify:track:6IepN5nR2WGxVCVNFxIgbu,78d12b4b50924b6e83f2a060a150a8e8,2026-08-10T14:48:13Z,1,,e6145da62a1b47b9aa529616d4451baf
spotify:track:6LRhfKP8E7q0XEufBUgc2R,78d12b4b50924b6e83f2a060a150a8e8,2026-08-10T14:48:13Z,1,,e6145da62a1b47b9aa529616d4451baf
spotify:track:6ngaOZmoYDSOILK4XfdJBW,78d12b4b50924b6e83f2a060a150a8e8,2026-08-10T14:48:13Z,1,,e6145da62a1b47b9aa529616d4451baf
spotify:track:6RfcgEI36FJNt2CvI3gmMk,78d12b4b50924b6e83f2a060a150a8e8,2026-08-10T14:48:13Z,1,,e6145da62a1b47b9aa529616d4451baf
spotify:track:0pJW1Xw3aY4Eh6k5iuBkfI,0034474c5f804b6e99a366f09da69b35,2026-08-10T15:24:13Z,1,Hi Ellen 😘,e6145da62a1b47b9aa529616d4451baf
spotify:track:1kSkAYLMmGyNdBQ3zP8xoQ,0034474c5f804b6e99a366f09da69b35,2026-08-10T15:24:13Z,1,,e6145da62a1b47b9aa529616d4451baf
spotify:track:20abPwFDgwhwzr30DaSPFP,0034474c5f804b6e99a366f09da69b35,2026-08-10T15:24:13Z,1,,e6145da62a1b47b9aa529616d4451baf
spotify:track:2MX5PSHbUm5Us2pZe7Verz,0034474c5f804b6e99a366f09da69b35,2026-08-10T15:24:13Z,1,,e6145da62a1b47b9aa529616d4451baf
spotify:track:3jQyadhLTxpxadQlkFh2b8,0034474c5f804b6e99a366f09da69b35,2026-08-10T15:24:13Z,1,,e6145da62a1b47b9aa529616d4451baf
spotify:track:5B2mJIk8yso3ugyvfHR62A,0034474c5f804b6e99a366f09da69b35,2026-08-10T15:24:13Z,1,This was nice :) ,e6145da62a1b47b9aa529616d4451baf
spotify:track:5CSWXnKRzx7vI4S4JFAunl,0034474c5f804b6e99a366f09da69b35,2026-08-10T15:24:13Z,1,,e6145da62a1b47b9aa529616d4451baf
spotify:track:5fHovBM24xMRzBESj76O66,0034474c5f804b6e99a366f09da69b35,2026-08-10T15:24:13Z,1,❤️,e6145da62a1b47b9aa529616d4451baf
spotify:track:5kdXiiF8MxyLVhRjkVv9jQ,0034474c5f804b6e99a366f09da69b35,2026-08-10T15:24:13Z,1,,e6145da62a1b47b9aa529616d4451baf
spotify:track:6IepN5nR2WGxVCVNFxIgbu,0034474c5f804b6e99a366f09da69b35,2026-08-10T15:24:13Z,1,,e6145da62a1b47b9aa529616d4451baf
spotify:track:6LRhfKP8E7q0XEufBUgc2R,0034474c5f804b6e99a366f09da69b35,2026-08-10T15:24:13Z,1,,e6145da62a1b47b9aa529616d4451baf
spotify:track:6ngaOZmoYDSOILK4XfdJBW,0034474c5f804b6e99a366f09da69b35,2026-08-10T15:24:13Z,1,,e6145da62a1b47b9aa529616d4451baf
spotify:track:6RfcgEI36FJNt2CvI3gmMk,0034474c5f804b6e99a366f09da69b35,2026-08-10T15:24:13Z,1,Aw that's so sad and lovely at the same time :( ,e6145da62a1b47b9aa529616d4451baf
spotify:track:1jOLTO379yIu9aMnCkpMQl,1d843b6c8a8946b9bda7ad95b6ccc195,2026-08-10T15:38:58Z,1,"Such an enjoyable listen, love all the little changes throughout",e6145da62a1b47b9aa529616d4451baf
spotify:track:1kSkAYLMmGyNdBQ3zP8xoQ,1d843b6c8a8946b9bda7ad95b6ccc195,2026-08-10T15:38:58Z,1,"I love Paul Brady. Never knew what this song was about, thanks for the story ❤️",e6145da62a1b47b9aa529616d4451baf
spotify:track:20abPwFDgwhwzr30DaSPFP,1d843b6c8a8946b9bda7ad95b6ccc195,2026-08-10T15:38:58Z,1,"Wow super emotional sound, loved it",e6145da62a1b47b9aa529616d4451baf
spotify:track:2MX5PSHbUm5Us2pZe7Verz,1d843b6c8a8946b9bda7ad95b6ccc195,2026-08-10T15:38:58Z,1,Very poetic and loved all the references of things that remind you of people,e6145da62a1b47b9aa529616d4451baf
spotify:track:3jQyadhLTxpxadQlkFh2b8,1d843b6c8a8946b9bda7ad95b6ccc195,2026-08-10T15:38:58Z,1,This never fails to bring me peace,e6145da62a1b47b9aa529616d4451baf
spotify:track:5B2mJIk8yso3ugyvfHR62A,1d843b6c8a8946b9bda7ad95b6ccc195,2026-08-10T15:38:58Z,1,A lovely image,e6145da62a1b47b9aa529616d4451baf
spotify:track:5CSWXnKRzx7vI4S4JFAunl,1d843b6c8a8946b9bda7ad95b6ccc195,2026-08-10T15:38:58Z,1,Super sweet song,e6145da62a1b47b9aa529616d4451baf
spotify:track:5fHovBM24xMRzBESj76O66,1d843b6c8a8946b9bda7ad95b6ccc195,2026-08-10T15:38:58Z,1,I'll give you a big hug when I see you next (whoever you are),e6145da62a1b47b9aa529616d4451baf
spotify:track:5kdXiiF8MxyLVhRjkVv9jQ,1d843b6c8a8946b9bda7ad95b6ccc195,2026-08-10T15:38:58Z,1,This was comforting to me in a twin peaks way. Loved it,e6145da62a1b47b9aa529616d4451baf
spotify:track:6IepN5nR2WGxVCVNFxIgbu,1d843b6c8a8946b9bda7ad95b6ccc195,2026-08-10T15:38:58Z,1,"I'm also from a sound of music family! ❤️ when I was kid I loved the kids storyline. Watched it again in recent years and realized the adult's storylines are so beautiful and meaningful, like when he's singing this song for love for his family and country 💔",e6145da62a1b47b9aa529616d4451baf
spotify:track:6LRhfKP8E7q0XEufBUgc2R,1d843b6c8a8946b9bda7ad95b6ccc195,2026-08-10T15:38:58Z,1,Honestly an adorable image fair play,e6145da62a1b47b9aa529616d4451baf
spotify:track:6ngaOZmoYDSOILK4XfdJBW,1d843b6c8a8946b9bda7ad95b6ccc195,2026-08-10T15:38:58Z,1,"So retro, that vid made me nostalgic for a life I wasn't even in haha",e6145da62a1b47b9aa529616d4451baf
spotify:track:6RfcgEI36FJNt2CvI3gmMk,1d843b6c8a8946b9bda7ad95b6ccc195,2026-08-10T15:38:58Z,1,"Such a happy tune and a beautiful story, thanks for sharing ❤️",e6145da62a1b47b9aa529616d4451baf
spotify:track:0pJW1Xw3aY4Eh6k5iuBkfI,acce4ec537804cfc8a1c34efb041aa52,2026-08-10T18:30:25Z,1,,e6145da62a1b47b9aa529616d4451baf
spotify:track:1jOLTO379yIu9aMnCkpMQl,acce4ec537804cfc8a1c34efb041aa52,2026-08-10T18:30:25Z,1,,e6145da62a1b47b9aa529616d4451baf
spotify:track:20abPwFDgwhwzr30DaSPFP,acce4ec537804cfc8a1c34efb041aa52,2026-08-10T18:30:25Z,1,,e6145da62a1b47b9aa529616d4451baf
spotify:track:2MX5PSHbUm5Us2pZe7Verz,acce4ec537804cfc8a1c34efb041aa52,2026-08-10T18:30:25Z,1,,e6145da62a1b47b9aa529616d4451baf
spotify:track:3jQyadhLTxpxadQlkFh2b8,acce4ec537804cfc8a1c34efb041aa52,2026-08-10T18:30:25Z,1,,e6145da62a1b47b9aa529616d4451baf
spotify:track:5B2mJIk8yso3ugyvfHR62A,acce4ec537804cfc8a1c34efb041aa52,2026-08-10T18:30:25Z,1,,e6145da62a1b47b9aa529616d4451baf
spotify:track:5CSWXnKRzx7vI4S4JFAunl,acce4ec537804cfc8a1c34efb041aa52,2026-08-10T18:30:25Z,1,,e6145da62a1b47b9aa529616d4451baf
spotify:track:5fHovBM24xMRzBESj76O66,acce4ec537804cfc8a1c34efb041aa52,2026-08-10T18:30:25Z,1,,e6145da62a1b47b9aa529616d4451baf
spotify:track:5kdXiiF8MxyLVhRjkVv9jQ,acce4ec537804cfc8a1c34efb041aa52,2026-08-10T18:30:25Z,1,,e6145da62a1b47b9aa529616d4451baf
spotify:track:6IepN5nR2WGxVCVNFxIgbu,acce4ec537804cfc8a1c34efb041aa52,2026-08-10T18:30:25Z,1,,e6145da62a1b47b9aa529616d4451baf
spotify:track:6LRhfKP8E7q0XEufBUgc2R,acce4ec537804cfc8a1c34efb041aa52,2026-08-10T18:30:25Z,1,,e6145da62a1b47b9aa529616d4451baf
spotify:track:6ngaOZmoYDSOILK4XfdJBW,acce4ec537804cfc8a1c34efb041aa52,2026-08-10T18:30:25Z,1,,e6145da62a1b47b9aa529616d4451baf
spotify:track:6RfcgEI36FJNt2CvI3gmMk,acce4ec537804cfc8a1c34efb041aa52,2026-08-10T18:30:25Z,1,,e6145da62a1b47b9aa529616d4451baf
spotify:track:0pJW1Xw3aY4Eh6k5iuBkfI,a8e4878c0eef4cf2b98d20b54391601d,2026-08-10T20:13:28Z,1,,e6145da62a1b47b9aa529616d4451baf
spotify:track:1jOLTO379yIu9aMnCkpMQl,a8e4878c0eef4cf2b98d20b54391601d,2026-08-10T20:13:28Z,1,,e6145da62a1b47b9aa529616d4451baf
spotify:track:1kSkAYLMmGyNdBQ3zP8xoQ,a8e4878c0eef4cf2b98d20b54391601d,2026-08-10T20:13:28Z,1,,e6145da62a1b47b9aa529616d4451baf
spotify:track:2MX5PSHbUm5Us2pZe7Verz,a8e4878c0eef4cf2b98d20b54391601d,2026-08-10T20:13:28Z,1,,e6145da62a1b47b9aa529616d4451baf
spotify:track:3jQyadhLTxpxadQlkFh2b8,a8e4878c0eef4cf2b98d20b54391601d,2026-08-10T20:13:28Z,1,,e6145da62a1b47b9aa529616d4451baf
spotify:track:5B2mJIk8yso3ugyvfHR62A,a8e4878c0eef4cf2b98d20b54391601d,2026-08-10T20:13:28Z,1,,e6145da62a1b47b9aa529616d4451baf
spotify:track:5CSWXnKRzx7vI4S4JFAunl,a8e4878c0eef4cf2b98d20b54391601d,2026-08-10T20:13:28Z,1,,e6145da62a1b47b9aa529616d4451baf
spotify:track:5fHovBM24xMRzBESj76O66,a8e4878c0eef4cf2b98d20b54391601d,2026-08-10T20:13:28Z,1,,e6145da62a1b47b9aa529616d4451baf
spotify:track:5kdXiiF8MxyLVhRjkVv9jQ,a8e4878c0eef4cf2b98d20b54391601d,2026-08-10T20:13:28Z,1,,e6145da62a1b47b9aa529616d4451baf
spotify:track:6IepN5nR2WGxVCVNFxIgbu,a8e4878c0eef4cf2b98d20b54391601d,2026-08-10T20:13:28Z,1,Finally cracked when this came on ,e6145da62a1b47b9aa529616d4451baf
spotify:track:6LRhfKP8E7q0XEufBUgc2R,a8e4878c0eef4cf2b98d20b54391601d,2026-08-10T20:13:28Z,1,,e6145da62a1b47b9aa529616d4451baf
spotify:track:6ngaOZmoYDSOILK4XfdJBW,a8e4878c0eef4cf2b98d20b54391601d,2026-08-10T20:13:28Z,1,,e6145da62a1b47b9aa529616d4451baf
spotify:track:6RfcgEI36FJNt2CvI3gmMk,a8e4878c0eef4cf2b98d20b54391601d,2026-08-10T20:13:28Z,1,💜💜,e6145da62a1b47b9aa529616d4451baf
spotify:track:7sTRAEf5IXMpsW7KNxzr4T,a8e4878c0eef4cf2b98d20b54391601d,2026-08-19T14:00:13Z,1,,59fed3549bfc4e03b9b10cf5fd60c59e
spotify:track:6X967bPmrtP5v30EjBBBej,a8e4878c0eef4cf2b98d20b54391601d,2026-08-19T14:00:13Z,3,,59fed3549bfc4e03b9b10cf5fd60c59e
spotify:track:6qMhpDgWAubisGyfTmLEUO,a8e4878c0eef4cf2b98d20b54391601d,2026-08-19T14:00:13Z,5,Love this song ,59fed3549bfc4e03b9b10cf5fd60c59e
spotify:track:6Phlvy4vI8cIrM0puZLgSt,a8e4878c0eef4cf2b98d20b54391601d,2026-08-19T14:00:13Z,1,,59fed3549bfc4e03b9b10cf5fd60c59e
spotify:track:5JkTN6THtYH6bpOoHjOysc,a8e4878c0eef4cf2b98d20b54391601d,2026-08-19T14:00:13Z,1,,59fed3549bfc4e03b9b10cf5fd60c59e
spotify:track:4U45aEWtQhrm8A5mxPaFZ7,a8e4878c0eef4cf2b98d20b54391601d,2026-08-19T14:00:13Z,3,,59fed3549bfc4e03b9b10cf5fd60c59e
spotify:track:35PKfoynRpVFoAUE3D5Kc6,a8e4878c0eef4cf2b98d20b54391601d,2026-08-19T14:00:13Z,2,,59fed3549bfc4e03b9b10cf5fd60c59e
spotify:track:2P4Ds0DnfpQQOwixFn3C19,a8e4878c0eef4cf2b98d20b54391601d,2026-08-19T14:00:13Z,3,This is class ,59fed3549bfc4e03b9b10cf5fd60c59e
spotify:track:2JO3HwMRPeya8bXbtbyPcf,a8e4878c0eef4cf2b98d20b54391601d,2026-08-19T14:00:13Z,3,,59fed3549bfc4e03b9b10cf5fd60c59e
spotify:track:2DFRFqWNahKtFD112H2iEZ,a8e4878c0eef4cf2b98d20b54391601d,2026-08-19T14:00:13Z,3,,59fed3549bfc4e03b9b10cf5fd60c59e
spotify:track:1XrSjpNe49IiygZfzb74pk,a8e4878c0eef4cf2b98d20b54391601d,2026-08-19T14:00:13Z,4,,59fed3549bfc4e03b9b10cf5fd60c59e
spotify:track:1rr1bfpdO2QCyhpHOIQw4s,a8e4878c0eef4cf2b98d20b54391601d,2026-08-19T14:00:13Z,3,,59fed3549bfc4e03b9b10cf5fd60c59e
spotify:track:0y8MdWQBAXTTm8BFdqjfrD,a8e4878c0eef4cf2b98d20b54391601d,2026-08-19T14:00:13Z,4,Love it ,59fed3549bfc4e03b9b10cf5fd60c59e
spotify:track:1rr1bfpdO2QCyhpHOIQw4s,96d515a50352471caca66cdd7e710407,2026-08-19T14:34:22Z,3,,59fed3549bfc4e03b9b10cf5fd60c59e
spotify:track:7sTRAEf5IXMpsW7KNxzr4T,96d515a50352471caca66cdd7e710407,2026-08-19T14:34:22Z,4,Loved the wordplay throughout. It made me kick myself for not picking something by Marty Robbins,59fed3549bfc4e03b9b10cf5fd60c59e
spotify:track:6X967bPmrtP5v30EjBBBej,96d515a50352471caca66cdd7e710407,2026-08-19T14:34:22Z,3,Can't describe how good this moment was,59fed3549bfc4e03b9b10cf5fd60c59e
spotify:track:6qMhpDgWAubisGyfTmLEUO,96d515a50352471caca66cdd7e710407,2026-08-19T14:34:22Z,2,,59fed3549bfc4e03b9b10cf5fd60c59e
spotify:track:6Phlvy4vI8cIrM0puZLgSt,96d515a50352471caca66cdd7e710407,2026-08-19T14:34:22Z,2,,59fed3549bfc4e03b9b10cf5fd60c59e
spotify:track:5JkTN6THtYH6bpOoHjOysc,96d515a50352471caca66cdd7e710407,2026-08-19T14:34:22Z,2,Core memory,59fed3549bfc4e03b9b10cf5fd60c59e
spotify:track:5aeaD92MF27C3ycAjcu3Ap,96d515a50352471caca66cdd7e710407,2026-08-19T14:34:22Z,2,,59fed3549bfc4e03b9b10cf5fd60c59e
spotify:track:4U45aEWtQhrm8A5mxPaFZ7,96d515a50352471caca66cdd7e710407,2026-08-19T14:34:22Z,4,,59fed3549bfc4e03b9b10cf5fd60c59e
spotify:track:35PKfoynRpVFoAUE3D5Kc6,96d515a50352471caca66cdd7e710407,2026-08-19T14:34:22Z,3,,59fed3549bfc4e03b9b10cf5fd60c59e
spotify:track:2P4Ds0DnfpQQOwixFn3C19,96d515a50352471caca66cdd7e710407,2026-08-19T14:34:22Z,3,Cool,59fed3549bfc4e03b9b10cf5fd60c59e
spotify:track:2JO3HwMRPeya8bXbtbyPcf,96d515a50352471caca66cdd7e710407,2026-08-19T14:34:22Z,4,This was huge for me around the time I finished College / Started working,59fed3549bfc4e03b9b10cf5fd60c59e
spotify:track:2DFRFqWNahKtFD112H2iEZ,96d515a50352471caca66cdd7e710407,2026-08-19T14:34:22Z,2,,59fed3549bfc4e03b9b10cf5fd60c59e
spotify:track:1XrSjpNe49IiygZfzb74pk,96d515a50352471caca66cdd7e710407,2026-08-19T14:34:22Z,2,,59fed3549bfc4e03b9b10cf5fd60c59e
spotify:track:7sTRAEf5IXMpsW7KNxzr4T,a3ae0c49642a47d48c37d7c01c632225,2026-08-19T18:20:17Z,4,You know what fuck yeah,59fed3549bfc4e03b9b10cf5fd60c59e
spotify:track:6X967bPmrtP5v30EjBBBej,a3ae0c49642a47d48c37d7c01c632225,2026-08-19T18:20:17Z,1,you get one point ,59fed3549bfc4e03b9b10cf5fd60c59e
spotify:track:6qMhpDgWAubisGyfTmLEUO,a3ae0c49642a47d48c37d7c01c632225,2026-08-19T18:20:17Z,4,,59fed3549bfc4e03b9b10cf5fd60c59e
spotify:track:6Phlvy4vI8cIrM0puZLgSt,a3ae0c49642a47d48c37d7c01c632225,2026-08-19T18:20:17Z,3,Lovvve this line,59fed3549bfc4e03b9b10cf5fd60c59e
spotify:track:5JkTN6THtYH6bpOoHjOysc,a3ae0c49642a47d48c37d7c01c632225,2026-08-19T18:20:17Z,1,,59fed3549bfc4e03b9b10cf5fd60c59e
spotify:track:5aeaD92MF27C3ycAjcu3Ap,a3ae0c49642a47d48c37d7c01c632225,2026-08-19T18:20:17Z,2,,59fed3549bfc4e03b9b10cf5fd60c59e
spotify:track:4U45aEWtQhrm8A5mxPaFZ7,a3ae0c49642a47d48c37d7c01c632225,2026-08-19T18:20:17Z,5,My fave honestly changed my view on getting old and it's the saddest scene in 13 Going on 30 ,59fed3549bfc4e03b9b10cf5fd60c59e
spotify:track:35PKfoynRpVFoAUE3D5Kc6,a3ae0c49642a47d48c37d7c01c632225,2026-08-19T18:20:17Z,1,,59fed3549bfc4e03b9b10cf5fd60c59e
spotify:track:2P4Ds0DnfpQQOwixFn3C19,a3ae0c49642a47d48c37d7c01c632225,2026-08-19T18:20:17Z,4,,59fed3549bfc4e03b9b10cf5fd60c59e
spotify:track:2JO3HwMRPeya8bXbtbyPcf,a3ae0c49642a47d48c37d7c01c632225,2026-08-19T18:20:17Z,4,,59fed3549bfc4e03b9b10cf5fd60c59e
spotify:track:2DFRFqWNahKtFD112H2iEZ,a3ae0c49642a47d48c37d7c01c632225,2026-08-19T18:20:17Z,3,,59fed3549bfc4e03b9b10cf5fd60c59e
spotify:track:1XrSjpNe49IiygZfzb74pk,a3ae0c49642a47d48c37d7c01c632225,2026-08-19T18:20:17Z,2,,59fed3549bfc4e03b9b10cf5fd60c59e
spotify:track:0y8MdWQBAXTTm8BFdqjfrD,a3ae0c49642a47d48c37d7c01c632225,2026-08-19T18:20:17Z,2,,59fed3549bfc4e03b9b10cf5fd60c59e
spotify:track:1rr1bfpdO2QCyhpHOIQw4s,71c8417802d241c6b2c478d5a45128b3,2026-08-20T22:35:43Z,2,Very wholesome ,59fed3549bfc4e03b9b10cf5fd60c59e
spotify:track:1XrSjpNe49IiygZfzb74pk,71c8417802d241c6b2c478d5a45128b3,2026-08-20T22:35:43Z,6,Adore this song RIP,59fed3549bfc4e03b9b10cf5fd60c59e
spotify:track:2DFRFqWNahKtFD112H2iEZ,71c8417802d241c6b2c478d5a45128b3,2026-08-20T22:35:43Z,3,"Enjoyed this, need to listen to these guys more often ",59fed3549bfc4e03b9b10cf5fd60c59e
spotify:track:2JO3HwMRPeya8bXbtbyPcf,71c8417802d241c6b2c478d5a45128b3,2026-08-20T22:35:43Z,3,I mean it's no disorder but yeah a classic ,59fed3549bfc4e03b9b10cf5fd60c59e
spotify:track:2P4Ds0DnfpQQOwixFn3C19,71c8417802d241c6b2c478d5a45128b3,2026-08-20T22:35:43Z,3,This was interesting ,59fed3549bfc4e03b9b10cf5fd60c59e
spotify:track:35PKfoynRpVFoAUE3D5Kc6,71c8417802d241c6b2c478d5a45128b3,2026-08-20T22:35:43Z,2,He do be a cutie ,59fed3549bfc4e03b9b10cf5fd60c59e
spotify:track:0y8MdWQBAXTTm8BFdqjfrD,71c8417802d241c6b2c478d5a45128b3,2026-08-20T22:35:43Z,2,Good stuff albeit a bit too chill for me ,59fed3549bfc4e03b9b10cf5fd60c59e
spotify:track:4U45aEWtQhrm8A5mxPaFZ7,71c8417802d241c6b2c478d5a45128b3,2026-08-20T22:35:43Z,4,Great stuff ,59fed3549bfc4e03b9b10cf5fd60c59e
spotify:track:5aeaD92MF27C3ycAjcu3Ap,71c8417802d241c6b2c478d5a45128b3,2026-08-20T22:35:43Z,2,,59fed3549bfc4e03b9b10cf5fd60c59e
spotify:track:6Phlvy4vI8cIrM0puZLgSt,71c8417802d241c6b2c478d5a45128b3,2026-08-20T22:35:43Z,2,Lovely lyric there yuppa,59fed3549bfc4e03b9b10cf5fd60c59e
spotify:track:6qMhpDgWAubisGyfTmLEUO,71c8417802d241c6b2c478d5a45128b3,2026-08-20T22:35:43Z,2,,59fed3549bfc4e03b9b10cf5fd60c59e
spotify:track:6X967bPmrtP5v30EjBBBej,71c8417802d241c6b2c478d5a45128b3,2026-08-20T22:35:43Z,3,This was a bop ,59fed3549bfc4e03b9b10cf5fd60c59e
spotify:track:7sTRAEf5IXMpsW7KNxzr4T,71c8417802d241c6b2c478d5a45128b3,2026-08-20T22:35:43Z,2,"Had a nice chuckle to this, the uzi line really got me",59fed3549bfc4e03b9b10cf5fd60c59e
spotify:track:4U45aEWtQhrm8A5mxPaFZ7,0034474c5f804b6e99a366f09da69b35,2026-08-22T08:12:00Z,2,,59fed3549bfc4e03b9b10cf5fd60c59e
spotify:track:0y8MdWQBAXTTm8BFdqjfrD,0034474c5f804b6e99a366f09da69b35,2026-08-22T08:12:00Z,4,,59fed3549bfc4e03b9b10cf5fd60c59e
spotify:track:1rr1bfpdO2QCyhpHOIQw4s,0034474c5f804b6e99a366f09da69b35,2026-08-22T08:12:00Z,1,,59fed3549bfc4e03b9b10cf5fd60c59e
spotify:track:2DFRFqWNahKtFD112H2iEZ,0034474c5f804b6e99a366f09da69b35,2026-08-22T08:12:00Z,6,,59fed3549bfc4e03b9b10cf5fd60c59e
spotify:track:2JO3HwMRPeya8bXbtbyPcf,0034474c5f804b6e99a366f09da69b35,2026-08-22T08:12:00Z,5,,59fed3549bfc4e03b9b10cf5fd60c59e
spotify:track:2P4Ds0DnfpQQOwixFn3C19,0034474c5f804b6e99a366f09da69b35,2026-08-22T08:12:00Z,1,,59fed3549bfc4e03b9b10cf5fd60c59e
spotify:track:35PKfoynRpVFoAUE3D5Kc6,0034474c5f804b6e99a366f09da69b35,2026-08-22T08:12:00Z,2,,59fed3549bfc4e03b9b10cf5fd60c59e
spotify:track:5aeaD92MF27C3ycAjcu3Ap,0034474c5f804b6e99a366f09da69b35,2026-08-22T08:12:00Z,2,,59fed3549bfc4e03b9b10cf5fd60c59e
spotify:track:5JkTN6THtYH6bpOoHjOysc,0034474c5f804b6e99a366f09da69b35,2026-08-22T08:12:00Z,3,,59fed3549bfc4e03b9b10cf5fd60c59e
spotify:track:6Phlvy4vI8cIrM0puZLgSt,0034474c5f804b6e99a366f09da69b35,2026-08-22T08:12:00Z,2,,59fed3549bfc4e03b9b10cf5fd60c59e
spotify:track:6qMhpDgWAubisGyfTmLEUO,0034474c5f804b6e99a366f09da69b35,2026-08-22T08:12:00Z,3,,59fed3549bfc4e03b9b10cf5fd60c59e
spotify:track:6X967bPmrtP5v30EjBBBej,0034474c5f804b6e99a366f09da69b35,2026-08-22T08:12:00Z,1,,59fed3549bfc4e03b9b10cf5fd60c59e
spotify:track:7sTRAEf5IXMpsW7KNxzr4T,0034474c5f804b6e99a366f09da69b35,2026-08-22T08:12:00Z,4,,59fed3549bfc4e03b9b10cf5fd60c59e
spotify:track:5JkTN6THtYH6bpOoHjOysc,e4fc2f3089594796b99dca4ab07f7d41,2026-08-22T17:25:08Z,3,Yeyeyeyeyeyyeahhhhh!!,59fed3549bfc4e03b9b10cf5fd60c59e
spotify:track:6Phlvy4vI8cIrM0puZLgSt,e4fc2f3089594796b99dca4ab07f7d41,2026-08-22T17:25:08Z,8,One of the most BEAUTIFUL songs Shane Doyle 🥰 ,59fed3549bfc4e03b9b10cf5fd60c59e
spotify:track:0y8MdWQBAXTTm8BFdqjfrD,e4fc2f3089594796b99dca4ab07f7d41,2026-08-22T17:25:08Z,7,Such a good song ,59fed3549bfc4e03b9b10cf5fd60c59e
spotify:track:1rr1bfpdO2QCyhpHOIQw4s,e4fc2f3089594796b99dca4ab07f7d41,2026-08-22T17:25:08Z,5,Yayyyy love this song!! ,59fed3549bfc4e03b9b10cf5fd60c59e
spotify:track:1XrSjpNe49IiygZfzb74pk,e4fc2f3089594796b99dca4ab07f7d41,2026-08-22T17:25:08Z,6,Great choice,59fed3549bfc4e03b9b10cf5fd60c59e
spotify:track:2DFRFqWNahKtFD112H2iEZ,e4fc2f3089594796b99dca4ab07f7d41,2026-08-22T17:25:08Z,4,🫶🫶🫶,59fed3549bfc4e03b9b10cf5fd60c59e
spotify:track:35PKfoynRpVFoAUE3D5Kc6,e4fc2f3089594796b99dca4ab07f7d41,2026-08-22T17:25:08Z,2,,59fed3549bfc4e03b9b10cf5fd60c59e
spotify:track:5aeaD92MF27C3ycAjcu3Ap,e4fc2f3089594796b99dca4ab07f7d41,2026-08-22T17:25:08Z,1,,59fed3549bfc4e03b9b10cf5fd60c59e
spotify:track:35PKfoynRpVFoAUE3D5Kc6,dfd346d38f17465b9e121991477a6c8b,2026-08-24T19:45:06Z,4,,59fed3549bfc4e03b9b10cf5fd60c59e
spotify:track:2P4Ds0DnfpQQOwixFn3C19,dfd346d38f17465b9e121991477a6c8b,2026-08-24T19:45:06Z,2,,59fed3549bfc4e03b9b10cf5fd60c59e
spotify:track:2DFRFqWNahKtFD112H2iEZ,dfd346d38f17465b9e121991477a6c8b,2026-08-24T19:45:06Z,1,,59fed3549bfc4e03b9b10cf5fd60c59e
spotify:track:1XrSjpNe49IiygZfzb74pk,dfd346d38f17465b9e121991477a6c8b,2026-08-24T19:45:06Z,1,,59fed3549bfc4e03b9b10cf5fd60c59e
spotify:track:1rr1bfpdO2QCyhpHOIQw4s,dfd346d38f17465b9e121991477a6c8b,2026-08-24T19:45:06Z,3,Cute 🥰 ,59fed3549bfc4e03b9b10cf5fd60c59e
spotify:track:0y8MdWQBAXTTm8BFdqjfrD,dfd346d38f17465b9e121991477a6c8b,2026-08-24T19:45:06Z,1,,59fed3549bfc4e03b9b10cf5fd60c59e
spotify:track:7sTRAEf5IXMpsW7KNxzr4T,dfd346d38f17465b9e121991477a6c8b,2026-08-24T19:45:06Z,8,This was fun for all the family,59fed3549bfc4e03b9b10cf5fd60c59e
spotify:track:6X967bPmrtP5v30EjBBBej,dfd346d38f17465b9e121991477a6c8b,2026-08-24T19:45:06Z,2,,59fed3549bfc4e03b9b10cf5fd60c59e
spotify:track:6qMhpDgWAubisGyfTmLEUO,dfd346d38f17465b9e121991477a6c8b,2026-08-24T19:45:06Z,5,,59fed3549bfc4e03b9b10cf5fd60c59e
spotify:track:6Phlvy4vI8cIrM0puZLgSt,dfd346d38f17465b9e121991477a6c8b,2026-08-24T19:45:06Z,1,,59fed3549bfc4e03b9b10cf5fd60c59e
spotify:track:5JkTN6THtYH6bpOoHjOysc,dfd346d38f17465b9e121991477a6c8b,2026-08-24T19:45:06Z,3,,59fed3549bfc4e03b9b10cf5fd60c59e
spotify:track:4U45aEWtQhrm8A5mxPaFZ7,dfd346d38f17465b9e121991477a6c8b,2026-08-24T19:45:06Z,5,,59fed3549bfc4e03b9b10cf5fd60c59e
spotify:track:5JkTN6THtYH6bpOoHjOysc,78d12b4b50924b6e83f2a060a150a8e8,2026-08-25T08:46:35Z,3,,59fed3549bfc4e03b9b10cf5fd60c59e
spotify:track:6qMhpDgWAubisGyfTmLEUO,78d12b4b50924b6e83f2a060a150a8e8,2026-08-25T08:46:35Z,3,,59fed3549bfc4e03b9b10cf5fd60c59e
spotify:track:0y8MdWQBAXTTm8BFdqjfrD,78d12b4b50924b6e83f2a060a150a8e8,2026-08-25T08:46:35Z,3,,59fed3549bfc4e03b9b10cf5fd60c59e
spotify:track:1rr1bfpdO2QCyhpHOIQw4s,78d12b4b50924b6e83f2a060a150a8e8,2026-08-25T08:46:35Z,3,,59fed3549bfc4e03b9b10cf5fd60c59e
spotify:track:1XrSjpNe49IiygZfzb74pk,78d12b4b50924b6e83f2a060a150a8e8,2026-08-25T08:46:35Z,3,,59fed3549bfc4e03b9b10cf5fd60c59e
spotify:track:2DFRFqWNahKtFD112H2iEZ,78d12b4b50924b6e83f2a060a150a8e8,2026-08-25T08:46:35Z,3,,59fed3549bfc4e03b9b10cf5fd60c59e
spotify:track:2JO3HwMRPeya8bXbtbyPcf,78d12b4b50924b6e83f2a060a150a8e8,2026-08-25T08:46:35Z,3,,59fed3549bfc4e03b9b10cf5fd60c59e
spotify:track:2P4Ds0DnfpQQOwixFn3C19,78d12b4b50924b6e83f2a060a150a8e8,2026-08-25T08:46:35Z,3,,59fed3549bfc4e03b9b10cf5fd60c59e
spotify:track:35PKfoynRpVFoAUE3D5Kc6,78d12b4b50924b6e83f2a060a150a8e8,2026-08-25T08:46:35Z,3,,59fed3549bfc4e03b9b10cf5fd60c59e
spotify:track:4U45aEWtQhrm8A5mxPaFZ7,78d12b4b50924b6e83f2a060a150a8e8,2026-08-25T08:46:35Z,3,,59fed3549bfc4e03b9b10cf5fd60c59e
spotify:track:5aeaD92MF27C3ycAjcu3Ap,78d12b4b50924b6e83f2a060a150a8e8,2026-08-25T08:46:35Z,3,,59fed3549bfc4e03b9b10cf5fd60c59e
spotify:track:6Phlvy4vI8cIrM0puZLgSt,78d12b4b50924b6e83f2a060a150a8e8,2026-08-25T08:46:35Z,3,,59fed3549bfc4e03b9b10cf5fd60c59e
spotify:track:1rr1bfpdO2QCyhpHOIQw4s,e43c6e753dbf4f999a68467b26ac1663,2026-08-25T09:56:49Z,2,This has been in my head all week since my first playlist listen,59fed3549bfc4e03b9b10cf5fd60c59e
spotify:track:0y8MdWQBAXTTm8BFdqjfrD,e43c6e753dbf4f999a68467b26ac1663,2026-08-25T09:56:49Z,3,Love this,59fed3549bfc4e03b9b10cf5fd60c59e
spotify:track:7sTRAEf5IXMpsW7KNxzr4T,e43c6e753dbf4f999a68467b26ac1663,2026-08-25T09:56:49Z,1,Silly one,59fed3549bfc4e03b9b10cf5fd60c59e
spotify:track:6qMhpDgWAubisGyfTmLEUO,e43c6e753dbf4f999a68467b26ac1663,2026-08-25T09:56:49Z,2,,59fed3549bfc4e03b9b10cf5fd60c59e
spotify:track:5JkTN6THtYH6bpOoHjOysc,e43c6e753dbf4f999a68467b26ac1663,2026-08-25T09:56:49Z,5,Ugh so good,59fed3549bfc4e03b9b10cf5fd60c59e
spotify:track:4U45aEWtQhrm8A5mxPaFZ7,e43c6e753dbf4f999a68467b26ac1663,2026-08-25T09:56:49Z,5,Classic,59fed3549bfc4e03b9b10cf5fd60c59e
spotify:track:5aeaD92MF27C3ycAjcu3Ap,e43c6e753dbf4f999a68467b26ac1663,2026-08-25T09:56:49Z,2,,59fed3549bfc4e03b9b10cf5fd60c59e
spotify:track:1XrSjpNe49IiygZfzb74pk,e43c6e753dbf4f999a68467b26ac1663,2026-08-25T09:56:49Z,3,,59fed3549bfc4e03b9b10cf5fd60c59e
spotify:track:2DFRFqWNahKtFD112H2iEZ,e43c6e753dbf4f999a68467b26ac1663,2026-08-25T09:56:49Z,4,Love being pulled out of my daze and reminded of mortality 😮‍💨,59fed3549bfc4e03b9b10cf5fd60c59e
spotify:track:2JO3HwMRPeya8bXbtbyPcf,e43c6e753dbf4f999a68467b26ac1663,2026-08-25T09:56:49Z,5,Have always loved this but never properly listened to the lyrics. Great pick,59fed3549bfc4e03b9b10cf5fd60c59e
spotify:track:2P4Ds0DnfpQQOwixFn3C19,e43c6e753dbf4f999a68467b26ac1663,2026-08-25T09:56:49Z,1,Bukowski is a good rut buster,59fed3549bfc4e03b9b10cf5fd60c59e
spotify:track:35PKfoynRpVFoAUE3D5Kc6,e43c6e753dbf4f999a68467b26ac1663,2026-08-25T09:56:49Z,3,,59fed3549bfc4e03b9b10cf5fd60c59e
spotify:track:4U45aEWtQhrm8A5mxPaFZ7,2fc9c6b8f92145d697caadac61426533,2026-08-25T18:43:46Z,4,,59fed3549bfc4e03b9b10cf5fd60c59e
spotify:track:0y8MdWQBAXTTm8BFdqjfrD,2fc9c6b8f92145d697caadac61426533,2026-08-25T18:43:46Z,1,,59fed3549bfc4e03b9b10cf5fd60c59e
spotify:track:1XrSjpNe49IiygZfzb74pk,2fc9c6b8f92145d697caadac61426533,2026-08-25T18:43:46Z,5,,59fed3549bfc4e03b9b10cf5fd60c59e
spotify:track:2DFRFqWNahKtFD112H2iEZ,2fc9c6b8f92145d697caadac61426533,2026-08-25T18:43:46Z,3,,59fed3549bfc4e03b9b10cf5fd60c59e
spotify:track:2JO3HwMRPeya8bXbtbyPcf,2fc9c6b8f92145d697caadac61426533,2026-08-25T18:43:46Z,5,,59fed3549bfc4e03b9b10cf5fd60c59e
spotify:track:35PKfoynRpVFoAUE3D5Kc6,2fc9c6b8f92145d697caadac61426533,2026-08-25T18:43:46Z,4,,59fed3549bfc4e03b9b10cf5fd60c59e
spotify:track:6Phlvy4vI8cIrM0puZLgSt,2fc9c6b8f92145d697caadac61426533,2026-08-25T18:43:46Z,8,Full marks for this song ,59fed3549bfc4e03b9b10cf5fd60c59e
spotify:track:6X967bPmrtP5v30EjBBBej,2fc9c6b8f92145d697caadac61426533,2026-08-25T18:43:46Z,2,,59fed3549bfc4e03b9b10cf5fd60c59e
spotify:track:7sTRAEf5IXMpsW7KNxzr4T,2fc9c6b8f92145d697caadac61426533,2026-08-25T18:43:46Z,4,,59fed3549bfc4e03b9b10cf5fd60c59e
spotify:track:7sTRAEf5IXMpsW7KNxzr4T,d007026516024c34981c654238511be8,2026-08-25T20:35:34Z,1,,59fed3549bfc4e03b9b10cf5fd60c59e
spotify:track:1rr1bfpdO2QCyhpHOIQw4s,d007026516024c34981c654238511be8,2026-08-25T20:35:34Z,4,I do love this but where the specific lyric at!! “All” is cheeky ,59fed3549bfc4e03b9b10cf5fd60c59e
spotify:track:1XrSjpNe49IiygZfzb74pk,d007026516024c34981c654238511be8,2026-08-25T20:35:34Z,5,Baby I’ve been there before,59fed3549bfc4e03b9b10cf5fd60c59e
spotify:track:2DFRFqWNahKtFD112H2iEZ,d007026516024c34981c654238511be8,2026-08-25T20:35:34Z,1,,59fed3549bfc4e03b9b10cf5fd60c59e
spotify:track:2JO3HwMRPeya8bXbtbyPcf,d007026516024c34981c654238511be8,2026-08-25T20:35:34Z,7,Loveeeeeeeee,59fed3549bfc4e03b9b10cf5fd60c59e
spotify:track:2P4Ds0DnfpQQOwixFn3C19,d007026516024c34981c654238511be8,2026-08-25T20:35:34Z,3,,59fed3549bfc4e03b9b10cf5fd60c59e
spotify:track:35PKfoynRpVFoAUE3D5Kc6,d007026516024c34981c654238511be8,2026-08-25T20:35:34Z,4,,59fed3549bfc4e03b9b10cf5fd60c59e
spotify:track:5aeaD92MF27C3ycAjcu3Ap,d007026516024c34981c654238511be8,2026-08-25T20:35:34Z,3,,59fed3549bfc4e03b9b10cf5fd60c59e
spotify:track:5JkTN6THtYH6bpOoHjOysc,d007026516024c34981c654238511be8,2026-08-25T20:35:34Z,3,Kate Flash kinda boring at ATN but I did miss this song :///,59fed3549bfc4e03b9b10cf5fd60c59e
spotify:track:6X967bPmrtP5v30EjBBBej,d007026516024c34981c654238511be8,2026-08-25T20:35:34Z,5,Iconic ,59fed3549bfc4e03b9b10cf5fd60c59e
spotify:track:4U45aEWtQhrm8A5mxPaFZ7,3828fb97e38e4bfdac4343c43216a492,2026-08-25T21:08:07Z,1,,59fed3549bfc4e03b9b10cf5fd60c59e
spotify:track:7sTRAEf5IXMpsW7KNxzr4T,3828fb97e38e4bfdac4343c43216a492,2026-08-25T21:08:07Z,2,,59fed3549bfc4e03b9b10cf5fd60c59e
spotify:track:6qMhpDgWAubisGyfTmLEUO,3828fb97e38e4bfdac4343c43216a492,2026-08-25T21:08:07Z,5,,59fed3549bfc4e03b9b10cf5fd60c59e
spotify:track:6Phlvy4vI8cIrM0puZLgSt,3828fb97e38e4bfdac4343c43216a492,2026-08-25T21:08:07Z,3,,59fed3549bfc4e03b9b10cf5fd60c59e
spotify:track:5aeaD92MF27C3ycAjcu3Ap,3828fb97e38e4bfdac4343c43216a492,2026-08-25T21:08:07Z,3,,59fed3549bfc4e03b9b10cf5fd60c59e
spotify:track:2P4Ds0DnfpQQOwixFn3C19,3828fb97e38e4bfdac4343c43216a492,2026-08-25T21:08:07Z,3,,59fed3549bfc4e03b9b10cf5fd60c59e
spotify:track:2JO3HwMRPeya8bXbtbyPcf,3828fb97e38e4bfdac4343c43216a492,2026-08-25T21:08:07Z,3,,59fed3549bfc4e03b9b10cf5fd60c59e
spotify:track:2DFRFqWNahKtFD112H2iEZ,3828fb97e38e4bfdac4343c43216a492,2026-08-25T21:08:07Z,5,,59fed3549bfc4e03b9b10cf5fd60c59e
spotify:track:1XrSjpNe49IiygZfzb74pk,3828fb97e38e4bfdac4343c43216a492,2026-08-25T21:08:07Z,4,,59fed3549bfc4e03b9b10cf5fd60c59e
spotify:track:1rr1bfpdO2QCyhpHOIQw4s,3828fb97e38e4bfdac4343c43216a492,2026-08-25T21:08:07Z,2,,59fed3549bfc4e03b9b10cf5fd60c59e
spotify:track:0y8MdWQBAXTTm8BFdqjfrD,3828fb97e38e4bfdac4343c43216a492,2026-08-25T21:08:07Z,5,,59fed3549bfc4e03b9b10cf5fd60c59e
spotify:track:6Phlvy4vI8cIrM0puZLgSt,1d843b6c8a8946b9bda7ad95b6ccc195,2026-08-25T21:15:47Z,4,"Pogues have such amazing lyrics, nice one",59fed3549bfc4e03b9b10cf5fd60c59e
spotify:track:6qMhpDgWAubisGyfTmLEUO,1d843b6c8a8946b9bda7ad95b6ccc195,2026-08-25T21:15:47Z,5,"This song cool as hell. Love the concept, I always feel like I'm measuring out my life in increments of time so nice to have a reminder that you don't have to hahah",59fed3549bfc4e03b9b10cf5fd60c59e
spotify:track:6X967bPmrtP5v30EjBBBej,1d843b6c8a8946b9bda7ad95b6ccc195,2026-08-25T21:15:47Z,0,"Wait I thought ye actually had a song with the lyrics ""I'm in khole"". This makes more sense. But I wasn't there for the joke soooo",59fed3549bfc4e03b9b10cf5fd60c59e
spotify:track:1rr1bfpdO2QCyhpHOIQw4s,1d843b6c8a8946b9bda7ad95b6ccc195,2026-08-25T21:15:47Z,4,That's a really fun unusual submission,59fed3549bfc4e03b9b10cf5fd60c59e
spotify:track:0y8MdWQBAXTTm8BFdqjfrD,1d843b6c8a8946b9bda7ad95b6ccc195,2026-08-25T21:15:47Z,2,Nice lyric! Just song maybe not my style,59fed3549bfc4e03b9b10cf5fd60c59e
spotify:track:1XrSjpNe49IiygZfzb74pk,1d843b6c8a8946b9bda7ad95b6ccc195,2026-08-25T21:15:47Z,3,"Banger! One of the first songs BeeJar learned together, real Ste Gallagher tune",59fed3549bfc4e03b9b10cf5fd60c59e
spotify:track:2JO3HwMRPeya8bXbtbyPcf,1d843b6c8a8946b9bda7ad95b6ccc195,2026-08-25T21:15:47Z,4,"I never really listened to any of the other words here, it's gorgeous",59fed3549bfc4e03b9b10cf5fd60c59e
spotify:track:2P4Ds0DnfpQQOwixFn3C19,1d843b6c8a8946b9bda7ad95b6ccc195,2026-08-25T21:15:47Z,3,That's such a fun way to think about things,59fed3549bfc4e03b9b10cf5fd60c59e
spotify:track:35PKfoynRpVFoAUE3D5Kc6,1d843b6c8a8946b9bda7ad95b6ccc195,2026-08-25T21:15:47Z,1,Nice but would have more favourite Hozier ones,59fed3549bfc4e03b9b10cf5fd60c59e
spotify:track:7sTRAEf5IXMpsW7KNxzr4T,1d843b6c8a8946b9bda7ad95b6ccc195,2026-08-25T21:15:47Z,2,Must be pms-ing cause I got emotional when the chickens came to the rescue ,59fed3549bfc4e03b9b10cf5fd60c59e
spotify:track:4U45aEWtQhrm8A5mxPaFZ7,1d843b6c8a8946b9bda7ad95b6ccc195,2026-08-25T21:15:47Z,5,"Such class lyrics throughout, billy gets it",59fed3549bfc4e03b9b10cf5fd60c59e
spotify:track:5aeaD92MF27C3ycAjcu3Ap,1d843b6c8a8946b9bda7ad95b6ccc195,2026-08-25T21:15:47Z,2,Sorry just a tough round! ,59fed3549bfc4e03b9b10cf5fd60c59e
spotify:track:5JkTN6THtYH6bpOoHjOysc,1d843b6c8a8946b9bda7ad95b6ccc195,2026-08-25T21:15:47Z,1,Wish I had some points left to give here :( but just tough round,59fed3549bfc4e03b9b10cf5fd60c59e
spotify:track:0JAQUGJudVlhRoAqqhVoYX,96d515a50352471caca66cdd7e710407,2026-09-04T15:53:06Z,3,,d03dfd9dedcc4f7cb87075f4629f0a86
spotify:track:0Okh9A8MS2zKGVoDgiGn3Y,96d515a50352471caca66cdd7e710407,2026-09-04T15:53:06Z,5,,d03dfd9dedcc4f7cb87075f4629f0a86
spotify:track:2PyDeNcULEWKlq23nAMcbN,96d515a50352471caca66cdd7e710407,2026-09-04T15:53:06Z,3,,d03dfd9dedcc4f7cb87075f4629f0a86
spotify:track:2Ud3deeqLAG988pfW0Kwcl,96d515a50352471caca66cdd7e710407,2026-09-04T15:53:06Z,4,,d03dfd9dedcc4f7cb87075f4629f0a86
spotify:track:30SCXVFyQGOFMdKnbgJS18,96d515a50352471caca66cdd7e710407,2026-09-04T15:53:06Z,2,,d03dfd9dedcc4f7cb87075f4629f0a86
spotify:track:333XFHKsHU0pOocFzBgrJi,96d515a50352471caca66cdd7e710407,2026-09-04T15:53:06Z,1,Im so sorry but I got a vibe that this was an AI song and I just couldn't shake it lol,d03dfd9dedcc4f7cb87075f4629f0a86
spotify:track:3FjYAj4hg5KiXpVAMjpLKq,96d515a50352471caca66cdd7e710407,2026-09-04T15:53:06Z,3,,d03dfd9dedcc4f7cb87075f4629f0a86
spotify:track:3QQTO2HfvGE15TWVFJ9fFh,96d515a50352471caca66cdd7e710407,2026-09-04T15:53:06Z,1,,d03dfd9dedcc4f7cb87075f4629f0a86
spotify:track:4dT3qLUU6fFUmomLzk2cUA,96d515a50352471caca66cdd7e710407,2026-09-04T15:53:06Z,2,,d03dfd9dedcc4f7cb87075f4629f0a86
spotify:track:4mVsLqaJtptz3QBzbuTiCS,96d515a50352471caca66cdd7e710407,2026-09-04T15:53:06Z,1,,d03dfd9dedcc4f7cb87075f4629f0a86
spotify:track:4Q4vLzRcP4sP2v1ajkz3RC,96d515a50352471caca66cdd7e710407,2026-09-04T15:53:06Z,4,Class,d03dfd9dedcc4f7cb87075f4629f0a86
spotify:track:4wVKeRjQlcNK5ERf9XTpGy,96d515a50352471caca66cdd7e710407,2026-09-04T15:53:06Z,3,Neat. I like it,d03dfd9dedcc4f7cb87075f4629f0a86
spotify:track:5rAff9XfcWx7rguN3t0fkW,96d515a50352471caca66cdd7e710407,2026-09-04T15:53:06Z,4,Admin has the chance to do the funniest thing ever and kick Conor from music league,d03dfd9dedcc4f7cb87075f4629f0a86
spotify:track:0Okh9A8MS2zKGVoDgiGn3Y,a3ae0c49642a47d48c37d7c01c632225,2026-09-05T07:55:36Z,2,,d03dfd9dedcc4f7cb87075f4629f0a86
spotify:track:2eLFER6tM2IjnWVJaB3V8C,a3ae0c49642a47d48c37d7c01c632225,2026-09-05T07:55:36Z,1,,d03dfd9dedcc4f7cb87075f4629f0a86
spotify:track:2PyDeNcULEWKlq23nAMcbN,a3ae0c49642a47d48c37d7c01c632225,2026-09-05T07:55:36Z,2,,d03dfd9dedcc4f7cb87075f4629f0a86
spotify:track:2Ud3deeqLAG988pfW0Kwcl,a3ae0c49642a47d48c37d7c01c632225,2026-09-05T07:55:36Z,5,,d03dfd9dedcc4f7cb87075f4629f0a86
spotify:track:30SCXVFyQGOFMdKnbgJS18,a3ae0c49642a47d48c37d7c01c632225,2026-09-05T07:55:36Z,2,,d03dfd9dedcc4f7cb87075f4629f0a86
spotify:track:333XFHKsHU0pOocFzBgrJi,a3ae0c49642a47d48c37d7c01c632225,2026-09-05T07:55:36Z,5,,d03dfd9dedcc4f7cb87075f4629f0a86
spotify:track:3FjYAj4hg5KiXpVAMjpLKq,a3ae0c49642a47d48c37d7c01c632225,2026-09-05T07:55:36Z,6,,d03dfd9dedcc4f7cb87075f4629f0a86
spotify:track:3QQTO2HfvGE15TWVFJ9fFh,a3ae0c49642a47d48c37d7c01c632225,2026-09-05T07:55:36Z,2,,d03dfd9dedcc4f7cb87075f4629f0a86
spotify:track:4dT3qLUU6fFUmomLzk2cUA,a3ae0c49642a47d48c37d7c01c632225,2026-09-05T07:55:36Z,1,,d03dfd9dedcc4f7cb87075f4629f0a86
spotify:track:4mVsLqaJtptz3QBzbuTiCS,a3ae0c49642a47d48c37d7c01c632225,2026-09-05T07:55:36Z,2,,d03dfd9dedcc4f7cb87075f4629f0a86
spotify:track:4Q4vLzRcP4sP2v1ajkz3RC,a3ae0c49642a47d48c37d7c01c632225,2026-09-05T07:55:36Z,1,,d03dfd9dedcc4f7cb87075f4629f0a86
spotify:track:4wVKeRjQlcNK5ERf9XTpGy,a3ae0c49642a47d48c37d7c01c632225,2026-09-05T07:55:36Z,1,,d03dfd9dedcc4f7cb87075f4629f0a86
spotify:track:5rAff9XfcWx7rguN3t0fkW,a3ae0c49642a47d48c37d7c01c632225,2026-09-05T07:55:36Z,6,,d03dfd9dedcc4f7cb87075f4629f0a86
spotify:track:0JAQUGJudVlhRoAqqhVoYX,71c8417802d241c6b2c478d5a45128b3,2026-09-07T11:07:44Z,2,Liked the start of a movie vibe ,d03dfd9dedcc4f7cb87075f4629f0a86
spotify:track:0Okh9A8MS2zKGVoDgiGn3Y,71c8417802d241c6b2c478d5a45128b3,2026-09-07T11:07:44Z,2,Lully stuff ,d03dfd9dedcc4f7cb87075f4629f0a86
spotify:track:2eLFER6tM2IjnWVJaB3V8C,71c8417802d241c6b2c478d5a45128b3,2026-09-07T11:07:44Z,2,,d03dfd9dedcc4f7cb87075f4629f0a86
spotify:track:2PyDeNcULEWKlq23nAMcbN,71c8417802d241c6b2c478d5a45128b3,2026-09-07T11:07:44Z,2,,d03dfd9dedcc4f7cb87075f4629f0a86
spotify:track:2Ud3deeqLAG988pfW0Kwcl,71c8417802d241c6b2c478d5a45128b3,2026-09-07T11:07:44Z,5,It might be low hanging fruit but it's probably my favourite song of all time ,d03dfd9dedcc4f7cb87075f4629f0a86
spotify:track:30SCXVFyQGOFMdKnbgJS18,71c8417802d241c6b2c478d5a45128b3,2026-09-07T11:07:44Z,3,Lol,d03dfd9dedcc4f7cb87075f4629f0a86
spotify:track:333XFHKsHU0pOocFzBgrJi,71c8417802d241c6b2c478d5a45128b3,2026-09-07T11:07:44Z,3,We love a bit of Kacey,d03dfd9dedcc4f7cb87075f4629f0a86
spotify:track:3FjYAj4hg5KiXpVAMjpLKq,71c8417802d241c6b2c478d5a45128b3,2026-09-07T11:07:44Z,3,Enjoyed this ☀️ ,d03dfd9dedcc4f7cb87075f4629f0a86
spotify:track:4dT3qLUU6fFUmomLzk2cUA,71c8417802d241c6b2c478d5a45128b3,2026-09-07T11:07:44Z,5,Hahaha,d03dfd9dedcc4f7cb87075f4629f0a86
spotify:track:4mVsLqaJtptz3QBzbuTiCS,71c8417802d241c6b2c478d5a45128b3,2026-09-07T11:07:44Z,2,Really liked the start of this but it got a bit too hefty towards the end and shifted away a bit from the feel good vibe,d03dfd9dedcc4f7cb87075f4629f0a86
spotify:track:4Q4vLzRcP4sP2v1ajkz3RC,71c8417802d241c6b2c478d5a45128b3,2026-09-07T11:07:44Z,2,,d03dfd9dedcc4f7cb87075f4629f0a86
spotify:track:4wVKeRjQlcNK5ERf9XTpGy,71c8417802d241c6b2c478d5a45128b3,2026-09-07T11:07:44Z,2,,d03dfd9dedcc4f7cb87075f4629f0a86
spotify:track:5rAff9XfcWx7rguN3t0fkW,71c8417802d241c6b2c478d5a45128b3,2026-09-07T11:07:44Z,3,Targeted song  Conor but also all hail LCD Soundsystem ,d03dfd9dedcc4f7cb87075f4629f0a86
spotify:track:0JAQUGJudVlhRoAqqhVoYX,0034474c5f804b6e99a366f09da69b35,2026-09-07T11:35:30Z,5,You've got so much to be excited for in this new chapter of your life :D ,d03dfd9dedcc4f7cb87075f4629f0a86
spotify:track:0Okh9A8MS2zKGVoDgiGn3Y,0034474c5f804b6e99a366f09da69b35,2026-09-07T11:35:30Z,4,This was cool,d03dfd9dedcc4f7cb87075f4629f0a86
spotify:track:2eLFER6tM2IjnWVJaB3V8C,0034474c5f804b6e99a366f09da69b35,2026-09-07T11:35:30Z,4,I like it,d03dfd9dedcc4f7cb87075f4629f0a86
spotify:track:2PyDeNcULEWKlq23nAMcbN,0034474c5f804b6e99a366f09da69b35,2026-09-07T11:35:30Z,2,,d03dfd9dedcc4f7cb87075f4629f0a86
spotify:track:2Ud3deeqLAG988pfW0Kwcl,0034474c5f804b6e99a366f09da69b35,2026-09-07T11:35:30Z,3,"Nice classic, long hang fruit a bit mayb",d03dfd9dedcc4f7cb87075f4629f0a86
spotify:track:30SCXVFyQGOFMdKnbgJS18,0034474c5f804b6e99a366f09da69b35,2026-09-07T11:35:30Z,1,,d03dfd9dedcc4f7cb87075f4629f0a86
spotify:track:333XFHKsHU0pOocFzBgrJi,0034474c5f804b6e99a366f09da69b35,2026-09-07T11:35:30Z,1,,d03dfd9dedcc4f7cb87075f4629f0a86
spotify:track:3FjYAj4hg5KiXpVAMjpLKq,0034474c5f804b6e99a366f09da69b35,2026-09-07T11:35:30Z,6,"Love this song, the accordion / synthy/ violin sound combo is just so class. ",d03dfd9dedcc4f7cb87075f4629f0a86
spotify:track:4mVsLqaJtptz3QBzbuTiCS,0034474c5f804b6e99a366f09da69b35,2026-09-07T11:35:30Z,1,Mmm,d03dfd9dedcc4f7cb87075f4629f0a86
spotify:track:4Q4vLzRcP4sP2v1ajkz3RC,0034474c5f804b6e99a366f09da69b35,2026-09-07T11:35:30Z,3,,d03dfd9dedcc4f7cb87075f4629f0a86
spotify:track:4wVKeRjQlcNK5ERf9XTpGy,0034474c5f804b6e99a366f09da69b35,2026-09-07T11:35:30Z,2,This is gas ,d03dfd9dedcc4f7cb87075f4629f0a86
spotify:track:5rAff9XfcWx7rguN3t0fkW,0034474c5f804b6e99a366f09da69b35,2026-09-07T11:35:30Z,4,Is new York is a metaphor ,d03dfd9dedcc4f7cb87075f4629f0a86
spotify:track:0JAQUGJudVlhRoAqqhVoYX,1d843b6c8a8946b9bda7ad95b6ccc195,2026-09-07T22:37:30Z,1,Song not my fave but love the super cute backstory!,d03dfd9dedcc4f7cb87075f4629f0a86
spotify:track:0Okh9A8MS2zKGVoDgiGn3Y,1d843b6c8a8946b9bda7ad95b6ccc195,2026-09-07T22:37:30Z,1,A cool balance between happy and melancholy,d03dfd9dedcc4f7cb87075f4629f0a86
spotify:track:2eLFER6tM2IjnWVJaB3V8C,1d843b6c8a8946b9bda7ad95b6ccc195,2026-09-07T22:37:30Z,3,Cool end of movie vibe,d03dfd9dedcc4f7cb87075f4629f0a86
spotify:track:2PyDeNcULEWKlq23nAMcbN,1d843b6c8a8946b9bda7ad95b6ccc195,2026-09-07T22:37:30Z,5,What a lovely sentiment,d03dfd9dedcc4f7cb87075f4629f0a86
spotify:track:2Ud3deeqLAG988pfW0Kwcl,1d843b6c8a8946b9bda7ad95b6ccc195,2026-09-07T22:37:30Z,3,Almost too good I'm afraid,d03dfd9dedcc4f7cb87075f4629f0a86
spotify:track:30SCXVFyQGOFMdKnbgJS18,1d843b6c8a8946b9bda7ad95b6ccc195,2026-09-07T22:37:30Z,2,That's actually so nice when you listen to it haha,d03dfd9dedcc4f7cb87075f4629f0a86
spotify:track:333XFHKsHU0pOocFzBgrJi,1d843b6c8a8946b9bda7ad95b6ccc195,2026-09-07T22:37:30Z,2,Ah that's lovely tbf,d03dfd9dedcc4f7cb87075f4629f0a86
spotify:track:3QQTO2HfvGE15TWVFJ9fFh,1d843b6c8a8946b9bda7ad95b6ccc195,2026-09-07T22:37:30Z,2,Nice,d03dfd9dedcc4f7cb87075f4629f0a86
spotify:track:4dT3qLUU6fFUmomLzk2cUA,1d843b6c8a8946b9bda7ad95b6ccc195,2026-09-07T22:37:30Z,5,Yes georgeeeee. Would put this on if I had to change my life,d03dfd9dedcc4f7cb87075f4629f0a86
spotify:track:4mVsLqaJtptz3QBzbuTiCS,1d843b6c8a8946b9bda7ad95b6ccc195,2026-09-07T22:37:30Z,2,Loved the first half with the floaty bits. End too heavy for me for this round,d03dfd9dedcc4f7cb87075f4629f0a86
spotify:track:4Q4vLzRcP4sP2v1ajkz3RC,1d843b6c8a8946b9bda7ad95b6ccc195,2026-09-07T22:37:30Z,5,"Liked it from the first few secs, nice call",d03dfd9dedcc4f7cb87075f4629f0a86
spotify:track:4wVKeRjQlcNK5ERf9XTpGy,1d843b6c8a8946b9bda7ad95b6ccc195,2026-09-07T22:37:30Z,2,Nice vibe + cool album art,d03dfd9dedcc4f7cb87075f4629f0a86
spotify:track:5rAff9XfcWx7rguN3t0fkW,1d843b6c8a8946b9bda7ad95b6ccc195,2026-09-07T22:37:30Z,3,A class listen,d03dfd9dedcc4f7cb87075f4629f0a86
spotify:track:0JAQUGJudVlhRoAqqhVoYX,a8e4878c0eef4cf2b98d20b54391601d,2026-09-08T10:04:46Z,3,This live was so much fun,d03dfd9dedcc4f7cb87075f4629f0a86
spotify:track:2eLFER6tM2IjnWVJaB3V8C,a8e4878c0eef4cf2b98d20b54391601d,2026-09-08T10:04:46Z,5,Love this ,d03dfd9dedcc4f7cb87075f4629f0a86
spotify:track:2PyDeNcULEWKlq23nAMcbN,a8e4878c0eef4cf2b98d20b54391601d,2026-09-08T10:04:46Z,3,,d03dfd9dedcc4f7cb87075f4629f0a86
spotify:track:2Ud3deeqLAG988pfW0Kwcl,a8e4878c0eef4cf2b98d20b54391601d,2026-09-08T10:04:46Z,4,,d03dfd9dedcc4f7cb87075f4629f0a86
spotify:track:30SCXVFyQGOFMdKnbgJS18,a8e4878c0eef4cf2b98d20b54391601d,2026-09-08T10:04:46Z,1,,d03dfd9dedcc4f7cb87075f4629f0a86
spotify:track:333XFHKsHU0pOocFzBgrJi,a8e4878c0eef4cf2b98d20b54391601d,2026-09-08T10:04:46Z,3,,d03dfd9dedcc4f7cb87075f4629f0a86
spotify:track:3FjYAj4hg5KiXpVAMjpLKq,a8e4878c0eef4cf2b98d20b54391601d,2026-09-08T10:04:46Z,3,,d03dfd9dedcc4f7cb87075f4629f0a86
spotify:track:3QQTO2HfvGE15TWVFJ9fFh,a8e4878c0eef4cf2b98d20b54391601d,2026-09-08T10:04:46Z,4,Love this ,d03dfd9dedcc4f7cb87075f4629f0a86
spotify:track:4dT3qLUU6fFUmomLzk2cUA,a8e4878c0eef4cf2b98d20b54391601d,2026-09-08T10:04:46Z,2,,d03dfd9dedcc4f7cb87075f4629f0a86
spotify:track:4mVsLqaJtptz3QBzbuTiCS,a8e4878c0eef4cf2b98d20b54391601d,2026-09-08T10:04:46Z,1,"Liked the first 6 mins, but really disliked the last two ",d03dfd9dedcc4f7cb87075f4629f0a86
spotify:track:4Q4vLzRcP4sP2v1ajkz3RC,a8e4878c0eef4cf2b98d20b54391601d,2026-09-08T10:04:46Z,4,,d03dfd9dedcc4f7cb87075f4629f0a86
spotify:track:4wVKeRjQlcNK5ERf9XTpGy,a8e4878c0eef4cf2b98d20b54391601d,2026-09-08T10:04:46Z,2,,d03dfd9dedcc4f7cb87075f4629f0a86
spotify:track:5rAff9XfcWx7rguN3t0fkW,a8e4878c0eef4cf2b98d20b54391601d,2026-09-08T10:04:46Z,1,,d03dfd9dedcc4f7cb87075f4629f0a86
spotify:track:0JAQUGJudVlhRoAqqhVoYX,d007026516024c34981c654238511be8,2026-09-09T13:46:28Z,2,Oh Lucy are you ready for spontaneity? ,d03dfd9dedcc4f7cb87075f4629f0a86
spotify:track:0Okh9A8MS2zKGVoDgiGn3Y,d007026516024c34981c654238511be8,2026-09-09T13:46:28Z,5,James K is great,d03dfd9dedcc4f7cb87075f4629f0a86
spotify:track:2eLFER6tM2IjnWVJaB3V8C,d007026516024c34981c654238511be8,2026-09-09T13:46:28Z,7,I love this song so much,d03dfd9dedcc4f7cb87075f4629f0a86
spotify:track:2Ud3deeqLAG988pfW0Kwcl,d007026516024c34981c654238511be8,2026-09-09T13:46:28Z,4,Such a tune,d03dfd9dedcc4f7cb87075f4629f0a86
spotify:track:30SCXVFyQGOFMdKnbgJS18,d007026516024c34981c654238511be8,2026-09-09T13:46:28Z,2,,d03dfd9dedcc4f7cb87075f4629f0a86
spotify:track:3FjYAj4hg5KiXpVAMjpLKq,d007026516024c34981c654238511be8,2026-09-09T13:46:28Z,4,,d03dfd9dedcc4f7cb87075f4629f0a86
spotify:track:3QQTO2HfvGE15TWVFJ9fFh,d007026516024c34981c654238511be8,2026-09-09T13:46:28Z,2,,d03dfd9dedcc4f7cb87075f4629f0a86
spotify:track:4dT3qLUU6fFUmomLzk2cUA,d007026516024c34981c654238511be8,2026-09-09T13:46:28Z,1,,d03dfd9dedcc4f7cb87075f4629f0a86
spotify:track:4mVsLqaJtptz3QBzbuTiCS,d007026516024c34981c654238511be8,2026-09-09T13:46:28Z,2,,d03dfd9dedcc4f7cb87075f4629f0a86
spotify:track:4Q4vLzRcP4sP2v1ajkz3RC,d007026516024c34981c654238511be8,2026-09-09T13:46:28Z,3,,d03dfd9dedcc4f7cb87075f4629f0a86
spotify:track:5rAff9XfcWx7rguN3t0fkW,d007026516024c34981c654238511be8,2026-09-09T13:46:28Z,4,This is so sweet Conor sorry I don’t have more points to give out,d03dfd9dedcc4f7cb87075f4629f0a86
spotify:track:0JAQUGJudVlhRoAqqhVoYX,e4fc2f3089594796b99dca4ab07f7d41,2026-09-09T14:58:17Z,8,,d03dfd9dedcc4f7cb87075f4629f0a86
spotify:track:2eLFER6tM2IjnWVJaB3V8C,e4fc2f3089594796b99dca4ab07f7d41,2026-09-09T14:58:17Z,4,,d03dfd9dedcc4f7cb87075f4629f0a86
spotify:track:2Ud3deeqLAG988pfW0Kwcl,e4fc2f3089594796b99dca4ab07f7d41,2026-09-09T14:58:17Z,6,,d03dfd9dedcc4f7cb87075f4629f0a86
spotify:track:30SCXVFyQGOFMdKnbgJS18,e4fc2f3089594796b99dca4ab07f7d41,2026-09-09T14:58:17Z,5,,d03dfd9dedcc4f7cb87075f4629f0a86
spotify:track:3QQTO2HfvGE15TWVFJ9fFh,e4fc2f3089594796b99dca4ab07f7d41,2026-09-09T14:58:17Z,4,,d03dfd9dedcc4f7cb87075f4629f0a86
spotify:track:4Q4vLzRcP4sP2v1ajkz3RC,e4fc2f3089594796b99dca4ab07f7d41,2026-09-09T14:58:17Z,2,,d03dfd9dedcc4f7cb87075f4629f0a86
spotify:track:4wVKeRjQlcNK5ERf9XTpGy,e4fc2f3089594796b99dca4ab07f7d41,2026-09-09T14:58:17Z,7,,d03dfd9dedcc4f7cb87075f4629f0a86
spotify:track:0JAQUGJudVlhRoAqqhVoYX,e43c6e753dbf4f999a68467b26ac1663,2026-09-09T15:12:44Z,5,Very lovely romcom vibe and nice caption :),d03dfd9dedcc4f7cb87075f4629f0a86
spotify:track:0Okh9A8MS2zKGVoDgiGn3Y,e43c6e753dbf4f999a68467b26ac1663,2026-09-09T15:12:44Z,2,,d03dfd9dedcc4f7cb87075f4629f0a86
spotify:track:2eLFER6tM2IjnWVJaB3V8C,e43c6e753dbf4f999a68467b26ac1663,2026-09-09T15:12:44Z,1,,d03dfd9dedcc4f7cb87075f4629f0a86
spotify:track:30SCXVFyQGOFMdKnbgJS18,e43c6e753dbf4f999a68467b26ac1663,2026-09-09T15:12:44Z,2,,d03dfd9dedcc4f7cb87075f4629f0a86
spotify:track:333XFHKsHU0pOocFzBgrJi,e43c6e753dbf4f999a68467b26ac1663,2026-09-09T15:12:44Z,4,Always does the job,d03dfd9dedcc4f7cb87075f4629f0a86
spotify:track:3FjYAj4hg5KiXpVAMjpLKq,e43c6e753dbf4f999a68467b26ac1663,2026-09-09T15:12:44Z,6,Absolutely love this one,d03dfd9dedcc4f7cb87075f4629f0a86
spotify:track:3QQTO2HfvGE15TWVFJ9fFh,e43c6e753dbf4f999a68467b26ac1663,2026-09-09T15:12:44Z,3,U,d03dfd9dedcc4f7cb87075f4629f0a86
spotify:track:4dT3qLUU6fFUmomLzk2cUA,e43c6e753dbf4f999a68467b26ac1663,2026-09-09T15:12:44Z,1,,d03dfd9dedcc4f7cb87075f4629f0a86
spotify:track:4mVsLqaJtptz3QBzbuTiCS,e43c6e753dbf4f999a68467b26ac1663,2026-09-09T15:12:44Z,3,"First half is so nice, 2nd half scary. Perhaps a little like being born",d03dfd9dedcc4f7cb87075f4629f0a86
spotify:track:4Q4vLzRcP4sP2v1ajkz3RC,e43c6e753dbf4f999a68467b26ac1663,2026-09-09T15:12:44Z,1,,d03dfd9dedcc4f7cb87075f4629f0a86
spotify:track:4wVKeRjQlcNK5ERf9XTpGy,e43c6e753dbf4f999a68467b26ac1663,2026-09-09T15:12:44Z,3,How did you even find this,d03dfd9dedcc4f7cb87075f4629f0a86
spotify:track:5rAff9XfcWx7rguN3t0fkW,e43c6e753dbf4f999a68467b26ac1663,2026-09-09T15:12:44Z,5,First time listening to this somehow. Very enjoyable,d03dfd9dedcc4f7cb87075f4629f0a86
spotify:track:0JAQUGJudVlhRoAqqhVoYX,2fc9c6b8f92145d697caadac61426533,2026-09-09T17:36:53Z,3,,d03dfd9dedcc4f7cb87075f4629f0a86
spotify:track:0Okh9A8MS2zKGVoDgiGn3Y,2fc9c6b8f92145d697caadac61426533,2026-09-09T17:36:53Z,2,,d03dfd9dedcc4f7cb87075f4629f0a86
spotify:track:2eLFER6tM2IjnWVJaB3V8C,2fc9c6b8f92145d697caadac61426533,2026-09-09T17:36:53Z,4,,d03dfd9dedcc4f7cb87075f4629f0a86
spotify:track:2PyDeNcULEWKlq23nAMcbN,2fc9c6b8f92145d697caadac61426533,2026-09-09T17:36:53Z,5,,d03dfd9dedcc4f7cb87075f4629f0a86
spotify:track:2Ud3deeqLAG988pfW0Kwcl,2fc9c6b8f92145d697caadac61426533,2026-09-09T17:36:53Z,4,,d03dfd9dedcc4f7cb87075f4629f0a86
spotify:track:30SCXVFyQGOFMdKnbgJS18,2fc9c6b8f92145d697caadac61426533,2026-09-09T17:36:53Z,5,,d03dfd9dedcc4f7cb87075f4629f0a86
spotify:track:3FjYAj4hg5KiXpVAMjpLKq,2fc9c6b8f92145d697caadac61426533,2026-09-09T17:36:53Z,5,,d03dfd9dedcc4f7cb87075f4629f0a86
spotify:track:4dT3qLUU6fFUmomLzk2cUA,2fc9c6b8f92145d697caadac61426533,2026-09-09T17:36:53Z,3,,d03dfd9dedcc4f7cb87075f4629f0a86
spotify:track:4wVKeRjQlcNK5ERf9XTpGy,2fc9c6b8f92145d697caadac61426533,2026-09-09T17:36:53Z,5,,d03dfd9dedcc4f7cb87075f4629f0a86
spotify:track:0JAQUGJudVlhRoAqqhVoYX,3828fb97e38e4bfdac4343c43216a492,2026-09-09T19:16:34Z,2,,d03dfd9dedcc4f7cb87075f4629f0a86
spotify:track:0Okh9A8MS2zKGVoDgiGn3Y,3828fb97e38e4bfdac4343c43216a492,2026-09-09T19:16:34Z,3,,d03dfd9dedcc4f7cb87075f4629f0a86
spotify:track:2eLFER6tM2IjnWVJaB3V8C,3828fb97e38e4bfdac4343c43216a492,2026-09-09T19:16:34Z,3,,d03dfd9dedcc4f7cb87075f4629f0a86
spotify:track:2PyDeNcULEWKlq23nAMcbN,3828fb97e38e4bfdac4343c43216a492,2026-09-09T19:16:34Z,3,,d03dfd9dedcc4f7cb87075f4629f0a86
spotify:track:2Ud3deeqLAG988pfW0Kwcl,3828fb97e38e4bfdac4343c43216a492,2026-09-09T19:16:34Z,5,,d03dfd9dedcc4f7cb87075f4629f0a86
spotify:track:30SCXVFyQGOFMdKnbgJS18,3828fb97e38e4bfdac4343c43216a492,2026-09-09T19:16:34Z,3,,d03dfd9dedcc4f7cb87075f4629f0a86
spotify:track:333XFHKsHU0pOocFzBgrJi,3828fb97e38e4bfdac4343c43216a492,2026-09-09T19:16:34Z,3,,d03dfd9dedcc4f7cb87075f4629f0a86
spotify:track:3FjYAj4hg5KiXpVAMjpLKq,3828fb97e38e4bfdac4343c43216a492,2026-09-09T19:16:34Z,4,,d03dfd9dedcc4f7cb87075f4629f0a86
spotify:track:3QQTO2HfvGE15TWVFJ9fFh,3828fb97e38e4bfdac4343c43216a492,2026-09-09T19:16:34Z,6,,d03dfd9dedcc4f7cb87075f4629f0a86
spotify:track:4dT3qLUU6fFUmomLzk2cUA,3828fb97e38e4bfdac4343c43216a492,2026-09-09T19:16:34Z,1,,d03dfd9dedcc4f7cb87075f4629f0a86
spotify:track:4Q4vLzRcP4sP2v1ajkz3RC,3828fb97e38e4bfdac4343c43216a492,2026-09-09T19:16:34Z,2,,d03dfd9dedcc4f7cb87075f4629f0a86
spotify:track:4wVKeRjQlcNK5ERf9XTpGy,3828fb97e38e4bfdac4343c43216a492,2026-09-09T19:16:34Z,1,,d03dfd9dedcc4f7cb87075f4629f0a86
